2025-09-14 13:17:51,844 [INFO] Activator:177 - 


2025-09-14 13:17:51,845 [INFO] Activator:178 - !SESSION log4j initialized
2025-09-14 13:18:06,858 [INFO] McuFinderGlobals:39 - Set McuFinder mode to 2 (CubeIDE integrated)
2025-09-14 13:18:07,080 [INFO] ApplicationProperties:181 - Using Application install path: D:\STM32CubeIDE_1.7.0\STM32CubeIDE\plugins\com.st.stm32cube.common.mx_6.3.0.202107141111
2025-09-14 13:18:07,091 [INFO] DbMcusXml:74 - Set database path to: D:\STM32CubeIDE_1.7.0\STM32CubeIDE\plugins\com.st.stm32cube.common.mx_6.3.0.202107141111\\db\/mcu/
2025-09-14 13:18:07,095 [INFO] DbBoardsPdsc:56 - Set plugin database path to: D:\STM32CubeIDE_1.7.0\STM32CubeIDE\plugins\com.st.stm32cube.common.mx_6.3.0.202107141111\\db\/plugins/boardmanager/
2025-09-14 13:18:07,095 [INFO] DbMcus:258 - Set plugin images path to: D:\STM32CubeIDE_1.7.0\STM32CubeIDE\plugins\com.st.stm32cube.common.mx_6.3.0.202107141111\\db\/plugins/mcufinder/images/
2025-09-14 13:18:07,095 [INFO] DbBoards:264 - Set plugin images path to: D:\STM32CubeIDE_1.7.0\STM32CubeIDE\plugins\com.st.stm32cube.common.mx_6.3.0.202107141111\\db\/plugins/mcufinder/images/
2025-09-14 13:18:07,099 [INFO] DbExamples:333 - Set plugin images path to: D:\STM32CubeIDE_1.7.0\STM32CubeIDE\plugins\com.st.stm32cube.common.mx_6.3.0.202107141111\\db\/plugins/mcufinder/images/
2025-09-14 13:18:07,103 [INFO] DbMcusAds:119 - Set database path to: C:\Users\ACER\.stmcufinder\plugins\mcufinder//mcu/
2025-09-14 13:18:07,104 [INFO] DbMcusDocs:110 - Set database path to: C:\Users\ACER\.stmcufinder\plugins\mcufinder//mcu/
2025-09-14 13:18:07,106 [INFO] DbMcusJson:64 - Set database path to: C:\Users\ACER\.stmcufinder\plugins\mcufinder//mcu/
2025-09-14 13:18:07,107 [INFO] DbBoardsDocs:110 - Set database path to: C:\Users\ACER\.stmcufinder\plugins\mcufinder//mcu/
2025-09-14 13:18:07,108 [INFO] DbBoardsJson:57 - Set database path to: C:\Users\ACER\.stmcufinder\plugins\mcufinder//mcu/
2025-09-14 13:18:07,125 [INFO] CrossReferenceDbSqlite:196 - Set database path to: C:\Users\ACER\.stmcufinder\plugins\mcufinder//mcu/cs/
2025-09-14 13:18:07,130 [INFO] DbExamplesSqlite:767 - Set database path to: C:\Users\ACER\.stmcufinder\plugins\mcufinder//mcu/
2025-09-14 13:18:07,224 [INFO] RulesReader:57 - Compatibility file has been processed (242 Rules)
2025-09-14 13:18:07,313 [INFO] DbMcusXml:74 - Set database path to: D:\STM32CubeIDE_1.7.0\STM32CubeIDE\plugins\com.st.stm32cube.common.mx_6.3.0.202107141111\\db\/mcu/
2025-09-14 13:18:07,314 [INFO] DbBoardsPdsc:56 - Set plugin database path to: D:\STM32CubeIDE_1.7.0\STM32CubeIDE\plugins\com.st.stm32cube.common.mx_6.3.0.202107141111\\db\/plugins/boardmanager/
2025-09-14 13:18:07,314 [INFO] DbMcus:258 - Set plugin images path to: D:\STM32CubeIDE_1.7.0\STM32CubeIDE\plugins\com.st.stm32cube.common.mx_6.3.0.202107141111\\db\/plugins/mcufinder/images/
2025-09-14 13:18:07,314 [INFO] DbBoards:264 - Set plugin images path to: D:\STM32CubeIDE_1.7.0\STM32CubeIDE\plugins\com.st.stm32cube.common.mx_6.3.0.202107141111\\db\/plugins/mcufinder/images/
2025-09-14 13:18:07,315 [INFO] DbExamples:333 - Set plugin images path to: D:\STM32CubeIDE_1.7.0\STM32CubeIDE\plugins\com.st.stm32cube.common.mx_6.3.0.202107141111\\db\/plugins/mcufinder/images/
2025-09-14 13:18:07,315 [WARN] DbFile:35 - Overriding database path with different value: C:\Users\ACER\.stmcufinder\plugins\mcufinder/ => C:\Users\ACER\.stmcufinder\plugins\mcufinder
2025-09-14 13:18:07,315 [INFO] DbMcusAds:119 - Set database path to: C:\Users\ACER\.stmcufinder\plugins\mcufinder//mcu/
2025-09-14 13:18:07,315 [WARN] DbFile:35 - Overriding database path with different value: C:\Users\ACER\.stmcufinder\plugins\mcufinder/ => C:\Users\ACER\.stmcufinder\plugins\mcufinder
2025-09-14 13:18:07,315 [INFO] DbMcusDocs:110 - Set database path to: C:\Users\ACER\.stmcufinder\plugins\mcufinder//mcu/
2025-09-14 13:18:07,315 [WARN] DbFile:35 - Overriding database path with different value: C:\Users\ACER\.stmcufinder\plugins\mcufinder/ => C:\Users\ACER\.stmcufinder\plugins\mcufinder
2025-09-14 13:18:07,315 [INFO] DbMcusJson:64 - Set database path to: C:\Users\ACER\.stmcufinder\plugins\mcufinder//mcu/
2025-09-14 13:18:07,316 [WARN] DbFile:35 - Overriding database path with different value: C:\Users\ACER\.stmcufinder\plugins\mcufinder/ => C:\Users\ACER\.stmcufinder\plugins\mcufinder
2025-09-14 13:18:07,316 [INFO] DbBoardsDocs:110 - Set database path to: C:\Users\ACER\.stmcufinder\plugins\mcufinder//mcu/
2025-09-14 13:18:07,316 [WARN] DbFile:35 - Overriding database path with different value: C:\Users\ACER\.stmcufinder\plugins\mcufinder/ => C:\Users\ACER\.stmcufinder\plugins\mcufinder
2025-09-14 13:18:07,316 [INFO] DbBoardsJson:57 - Set database path to: C:\Users\ACER\.stmcufinder\plugins\mcufinder//mcu/
2025-09-14 13:18:07,316 [WARN] DbFile:35 - Overriding database path with different value: C:\Users\ACER\.stmcufinder\plugins\mcufinder/ => C:\Users\ACER\.stmcufinder\plugins\mcufinder
2025-09-14 13:18:07,316 [WARN] DbFile:35 - Overriding database path with different value: C:\Users\ACER\.stmcufinder\plugins\mcufinder/ => C:\Users\ACER\.stmcufinder\plugins\mcufinder
2025-09-14 13:18:07,316 [INFO] CrossReferenceDbSqlite:196 - Set database path to: C:\Users\ACER\.stmcufinder\plugins\mcufinder//mcu/cs/
2025-09-14 13:18:07,316 [WARN] DbFile:35 - Overriding database path with different value: C:\Users\ACER\.stmcufinder\plugins\mcufinder/ => C:\Users\ACER\.stmcufinder\plugins\mcufinder
2025-09-14 13:18:07,317 [INFO] DbExamplesSqlite:767 - Set database path to: C:\Users\ACER\.stmcufinder\plugins\mcufinder//mcu/
2025-09-14 13:18:07,379 [INFO] MainPanel:214 - HeapMemory: 268435456
2025-09-14 13:18:07,448 [INFO] DbMcusXml:74 - Set database path to: D:\STM32CubeIDE_1.7.0\STM32CubeIDE\plugins\com.st.stm32cube.common.mx_6.3.0.202107141111\\db\/mcu/
2025-09-14 13:18:07,449 [INFO] DbBoardsPdsc:56 - Set plugin database path to: D:\STM32CubeIDE_1.7.0\STM32CubeIDE\plugins\com.st.stm32cube.common.mx_6.3.0.202107141111\\db\/plugins/boardmanager/
2025-09-14 13:18:07,449 [INFO] DbMcus:258 - Set plugin images path to: D:\STM32CubeIDE_1.7.0\STM32CubeIDE\plugins\com.st.stm32cube.common.mx_6.3.0.202107141111\\db\/plugins/mcufinder/images/
2025-09-14 13:18:07,449 [INFO] DbBoards:264 - Set plugin images path to: D:\STM32CubeIDE_1.7.0\STM32CubeIDE\plugins\com.st.stm32cube.common.mx_6.3.0.202107141111\\db\/plugins/mcufinder/images/
2025-09-14 13:18:07,449 [INFO] DbExamples:333 - Set plugin images path to: D:\STM32CubeIDE_1.7.0\STM32CubeIDE\plugins\com.st.stm32cube.common.mx_6.3.0.202107141111\\db\/plugins/mcufinder/images/
2025-09-14 13:18:07,449 [WARN] DbFile:35 - Overriding database path with different value: C:\Users\ACER\.stmcufinder\plugins\mcufinder/ => C:\Users\ACER\.stmcufinder\plugins\mcufinder
2025-09-14 13:18:07,450 [INFO] DbMcusAds:119 - Set database path to: C:\Users\ACER\.stmcufinder\plugins\mcufinder//mcu/
2025-09-14 13:18:07,450 [WARN] DbFile:35 - Overriding database path with different value: C:\Users\ACER\.stmcufinder\plugins\mcufinder/ => C:\Users\ACER\.stmcufinder\plugins\mcufinder
2025-09-14 13:18:07,450 [INFO] DbMcusDocs:110 - Set database path to: C:\Users\ACER\.stmcufinder\plugins\mcufinder//mcu/
2025-09-14 13:18:07,450 [WARN] DbFile:35 - Overriding database path with different value: C:\Users\ACER\.stmcufinder\plugins\mcufinder/ => C:\Users\ACER\.stmcufinder\plugins\mcufinder
2025-09-14 13:18:07,450 [INFO] DbMcusJson:64 - Set database path to: C:\Users\ACER\.stmcufinder\plugins\mcufinder//mcu/
2025-09-14 13:18:07,450 [WARN] DbFile:35 - Overriding database path with different value: C:\Users\ACER\.stmcufinder\plugins\mcufinder/ => C:\Users\ACER\.stmcufinder\plugins\mcufinder
2025-09-14 13:18:07,450 [INFO] DbBoardsDocs:110 - Set database path to: C:\Users\ACER\.stmcufinder\plugins\mcufinder//mcu/
2025-09-14 13:18:07,450 [WARN] DbFile:35 - Overriding database path with different value: C:\Users\ACER\.stmcufinder\plugins\mcufinder/ => C:\Users\ACER\.stmcufinder\plugins\mcufinder
2025-09-14 13:18:07,450 [INFO] DbBoardsJson:57 - Set database path to: C:\Users\ACER\.stmcufinder\plugins\mcufinder//mcu/
2025-09-14 13:18:07,451 [WARN] DbFile:35 - Overriding database path with different value: C:\Users\ACER\.stmcufinder\plugins\mcufinder/ => C:\Users\ACER\.stmcufinder\plugins\mcufinder
2025-09-14 13:18:07,451 [WARN] DbFile:35 - Overriding database path with different value: C:\Users\ACER\.stmcufinder\plugins\mcufinder/ => C:\Users\ACER\.stmcufinder\plugins\mcufinder
2025-09-14 13:18:07,451 [INFO] CrossReferenceDbSqlite:196 - Set database path to: C:\Users\ACER\.stmcufinder\plugins\mcufinder//mcu/cs/
2025-09-14 13:18:07,451 [WARN] DbFile:35 - Overriding database path with different value: C:\Users\ACER\.stmcufinder\plugins\mcufinder/ => C:\Users\ACER\.stmcufinder\plugins\mcufinder
2025-09-14 13:18:07,451 [INFO] DbExamplesSqlite:767 - Set database path to: C:\Users\ACER\.stmcufinder\plugins\mcufinder//mcu/
2025-09-14 13:18:07,469 [INFO] ApplicationProperties:181 - Using Application install path: D:\STM32CubeIDE_1.7.0\STM32CubeIDE\plugins\com.st.stm32cube.common.mx_6.3.0.202107141111
2025-09-14 13:18:07,471 [INFO] PluginManage:188 - Search for loadable plugins [exclusion list=, ]
2025-09-14 13:18:07,472 [INFO] PluginManage:302 - Check plugin analytics
2025-09-14 13:18:07,659 [INFO] AnalyticsPlugin:257 - Accepted Software Licenses: 
2025-09-14 13:18:07,660 [INFO] AnalyticsPlugin:259 - Accepted CMSIS Pack Licenses: 
2025-09-14 13:18:07,660 [INFO] AnalyticsPlugin:261 - Accepted Firmware Licenses: 
2025-09-14 13:18:07,660 [INFO] PluginManage:352 - Loaded plugin analytics (category:tool,tabindex:-1)
2025-09-14 13:18:07,661 [INFO] PluginManage:302 - Check plugin clock
2025-09-14 13:18:07,671 [INFO] PluginManage:352 - Loaded plugin clock (category:base,tabindex:2)
2025-09-14 13:18:07,671 [INFO] PluginManage:302 - Check plugin ddr
2025-09-14 13:18:07,673 [INFO] PluginManage:352 - Loaded plugin ddr (category:tool,tabindex:6)
2025-09-14 13:18:07,674 [INFO] PluginManage:302 - Check plugin filemanager
2025-09-14 13:18:07,803 [INFO] PluginManage:352 - Loaded plugin filemanager (category:base,tabindex:10)
2025-09-14 13:18:07,804 [INFO] PluginManage:302 - Check plugin ipmanager
2025-09-14 13:18:07,814 [INFO] PluginManage:352 - Loaded plugin ipmanager (category:base,tabindex:5)
2025-09-14 13:18:07,815 [INFO] PluginManage:302 - Check plugin pinoutandconfiguration
2025-09-14 13:18:07,824 [INFO] PluginManage:352 - Loaded plugin pinoutandconfiguration (category:base,tabindex:1)
2025-09-14 13:18:07,824 [INFO] PluginManage:302 - Check plugin pinoutconfig
2025-09-14 13:18:07,850 [INFO] PluginManage:352 - Loaded plugin pinoutconfig (category:base,tabindex:0)
2025-09-14 13:18:07,850 [INFO] PluginManage:302 - Check plugin power
2025-09-14 13:18:07,859 [INFO] PluginManage:352 - Loaded plugin power (category:power,tabindex:4)
2025-09-14 13:18:07,859 [INFO] PluginManage:302 - Check plugin projectmanager
2025-09-14 13:18:07,876 [INFO] PluginManage:352 - Loaded plugin projectmanager (category:projectmanager,tabindex:3)
2025-09-14 13:18:07,876 [INFO] PluginManage:302 - Check plugin thirdparty
2025-09-14 13:18:07,982 [INFO] PluginManage:352 - Loaded plugin thirdparty (category:base,tabindex:-1)
2025-09-14 13:18:07,982 [INFO] PluginManage:302 - Check plugin tools
2025-09-14 13:18:07,982 [WARN] IntegrityCheckThread:78 - waiting for thirdparty lock release [integrity check]
2025-09-14 13:18:07,983 [INFO] IntegrityCheckThread:80 - entering critical section [integrity check]
2025-09-14 13:18:07,983 [INFO] ThirdPartyUpdaterWithRetryManager:66 - Updater plugin not ready yet. [1/15]
2025-09-14 13:18:07,985 [INFO] PluginManage:352 - Loaded plugin tools (category:base,tabindex:7)
2025-09-14 13:18:07,985 [INFO] PluginManage:302 - Check plugin tutovideos
2025-09-14 13:18:08,190 [INFO] PluginManage:352 - Loaded plugin tutovideos (category:base,tabindex:-1)
2025-09-14 13:18:08,190 [INFO] PluginManage:302 - Check plugin updater
2025-09-14 13:18:08,204 [INFO] PluginManage:352 - Loaded plugin updater (category:base,tabindex:12)
2025-09-14 13:18:08,205 [INFO] PluginManage:275 - PluginManage : Loaded plugins [13]
2025-09-14 13:18:08,376 [INFO] PinOutPanel:1463 - setPackage(No Configuration,No Configuration)
2025-09-14 13:18:08,464 [INFO] IPUIPlugin:74 - create IPUIPlugin
2025-09-14 13:18:08,464 [INFO] PluginManager:213 - loadIPPluginJar : add adc
2025-09-14 13:18:08,466 [INFO] IPUIPlugin:74 - create IPUIPlugin
2025-09-14 13:18:08,467 [INFO] PluginManager:213 - loadIPPluginJar : add aes
2025-09-14 13:18:08,469 [INFO] IPUIPlugin:74 - create IPUIPlugin
2025-09-14 13:18:08,469 [INFO] PluginManager:213 - loadIPPluginJar : add can
2025-09-14 13:18:08,470 [INFO] IPUIPlugin:74 - create IPUIPlugin
2025-09-14 13:18:08,470 [INFO] PluginManager:213 - loadIPPluginJar : add comp
2025-09-14 13:18:08,472 [INFO] IPUIPlugin:74 - create IPUIPlugin
2025-09-14 13:18:08,473 [INFO] PluginManager:213 - loadIPPluginJar : add cryp
2025-09-14 13:18:08,475 [INFO] IPUIPlugin:74 - create IPUIPlugin
2025-09-14 13:18:08,475 [INFO] PluginManager:213 - loadIPPluginJar : add dfsdm
2025-09-14 13:18:08,479 [INFO] IPUIPlugin:74 - create IPUIPlugin
2025-09-14 13:18:08,480 [INFO] PluginManager:213 - loadIPPluginJar : add dma
2025-09-14 13:18:08,482 [INFO] IPUIPlugin:74 - create IPUIPlugin
2025-09-14 13:18:08,482 [INFO] PluginManager:213 - loadIPPluginJar : add dma3
2025-09-14 13:18:08,483 [INFO] IPUIPlugin:74 - create IPUIPlugin
2025-09-14 13:18:08,484 [INFO] PluginManager:213 - loadIPPluginJar : add fatfs
2025-09-14 13:18:08,487 [INFO] IPUIPlugin:74 - create IPUIPlugin
2025-09-14 13:18:08,488 [INFO] PluginManager:213 - loadIPPluginJar : add fmc
2025-09-14 13:18:08,493 [INFO] IPUIPlugin:74 - create IPUIPlugin
2025-09-14 13:18:08,493 [INFO] PluginManager:213 - loadIPPluginJar : add freertos
2025-09-14 13:18:08,494 [INFO] IPUIPlugin:74 - create IPUIPlugin
2025-09-14 13:18:08,494 [INFO] PluginManager:213 - loadIPPluginJar : add genericplugin
2025-09-14 13:18:08,496 [INFO] IPUIPlugin:74 - create IPUIPlugin
2025-09-14 13:18:08,496 [INFO] PluginManager:213 - loadIPPluginJar : add gfxmmu
2025-09-14 13:18:08,501 [INFO] IPUIPlugin:74 - create IPUIPlugin
2025-09-14 13:18:08,501 [INFO] PluginManager:213 - loadIPPluginJar : add gic
2025-09-14 13:18:08,504 [INFO] IPUIPlugin:74 - create IPUIPlugin
2025-09-14 13:18:08,505 [INFO] PluginManager:213 - loadIPPluginJar : add gpio
2025-09-14 13:18:08,507 [INFO] IPUIPlugin:74 - create IPUIPlugin
2025-09-14 13:18:08,507 [INFO] PluginManager:213 - loadIPPluginJar : add gtzc
2025-09-14 13:18:08,509 [INFO] IPUIPlugin:74 - create IPUIPlugin
2025-09-14 13:18:08,509 [INFO] PluginManager:213 - loadIPPluginJar : add hash
2025-09-14 13:18:08,511 [INFO] IPUIPlugin:74 - create IPUIPlugin
2025-09-14 13:18:08,511 [INFO] PluginManager:213 - loadIPPluginJar : add i2c
2025-09-14 13:18:08,513 [INFO] IPUIPlugin:74 - create IPUIPlugin
2025-09-14 13:18:08,514 [INFO] PluginManager:213 - loadIPPluginJar : add i2s
2025-09-14 13:18:08,516 [INFO] IPUIPlugin:74 - create IPUIPlugin
2025-09-14 13:18:08,516 [INFO] PluginManager:213 - loadIPPluginJar : add ipddr
2025-09-14 13:18:08,523 [INFO] IPUIPlugin:74 - create IPUIPlugin
2025-09-14 13:18:08,523 [INFO] PluginManager:213 - loadIPPluginJar : add linkedlist
2025-09-14 13:18:08,525 [INFO] IPUIPlugin:74 - create IPUIPlugin
2025-09-14 13:18:08,525 [INFO] PluginManager:213 - loadIPPluginJar : add lorawan
2025-09-14 13:18:08,527 [INFO] IPUIPlugin:74 - create IPUIPlugin
2025-09-14 13:18:08,527 [INFO] PluginManager:213 - loadIPPluginJar : add ltdc
2025-09-14 13:18:08,530 [INFO] IPUIPlugin:74 - create IPUIPlugin
2025-09-14 13:18:08,530 [INFO] PluginManager:213 - loadIPPluginJar : add mdma
2025-09-14 13:18:08,533 [INFO] IPUIPlugin:74 - create IPUIPlugin
2025-09-14 13:18:08,533 [INFO] PluginManager:213 - loadIPPluginJar : add nvic
2025-09-14 13:18:08,536 [INFO] IPUIPlugin:74 - create IPUIPlugin
2025-09-14 13:18:08,536 [INFO] PluginManager:213 - loadIPPluginJar : add opamp
2025-09-14 13:18:08,538 [INFO] IPUIPlugin:74 - create IPUIPlugin
2025-09-14 13:18:08,538 [INFO] PluginManager:213 - loadIPPluginJar : add openamp
2025-09-14 13:18:08,541 [INFO] IPUIPlugin:74 - create IPUIPlugin
2025-09-14 13:18:08,541 [INFO] PluginManager:213 - loadIPPluginJar : add pdm2pcm
2025-09-14 13:18:08,547 [INFO] IPUIPlugin:74 - create IPUIPlugin
2025-09-14 13:18:08,550 [INFO] PluginManager:213 - loadIPPluginJar : add plateformsettings
2025-09-14 13:18:08,551 [INFO] IPUIPlugin:74 - create IPUIPlugin
2025-09-14 13:18:08,551 [INFO] PluginManager:213 - loadIPPluginJar : add quadspi
2025-09-14 13:18:08,554 [INFO] IPUIPlugin:74 - create IPUIPlugin
2025-09-14 13:18:08,554 [INFO] PluginManager:213 - loadIPPluginJar : add resmgrutility
2025-09-14 13:18:08,557 [INFO] IPUIPlugin:74 - create IPUIPlugin
2025-09-14 13:18:08,557 [INFO] PluginManager:213 - loadIPPluginJar : add sai
2025-09-14 13:18:08,559 [INFO] IPUIPlugin:74 - create IPUIPlugin
2025-09-14 13:18:08,559 [INFO] PluginManager:213 - loadIPPluginJar : add spi
2025-09-14 13:18:08,563 [INFO] IPUIPlugin:74 - create IPUIPlugin
2025-09-14 13:18:08,563 [INFO] PluginManager:213 - loadIPPluginJar : add stm32_wpan
2025-09-14 13:18:08,564 [INFO] IPUIPlugin:74 - create IPUIPlugin
2025-09-14 13:18:08,564 [INFO] PluginManager:213 - loadIPPluginJar : add tim
2025-09-14 13:18:08,567 [INFO] IPUIPlugin:74 - create IPUIPlugin
2025-09-14 13:18:08,567 [INFO] PluginManager:213 - loadIPPluginJar : add touchsensing
2025-09-14 13:18:08,569 [INFO] IPUIPlugin:74 - create IPUIPlugin
2025-09-14 13:18:08,569 [INFO] PluginManager:213 - loadIPPluginJar : add tracer_emb
2025-09-14 13:18:08,570 [INFO] IPUIPlugin:74 - create IPUIPlugin
2025-09-14 13:18:08,570 [INFO] PluginManager:213 - loadIPPluginJar : add ts
2025-09-14 13:18:08,572 [INFO] IPUIPlugin:74 - create IPUIPlugin
2025-09-14 13:18:08,572 [INFO] PluginManager:213 - loadIPPluginJar : add tsc
2025-09-14 13:18:08,573 [INFO] IPUIPlugin:74 - create IPUIPlugin
2025-09-14 13:18:08,573 [INFO] PluginManager:213 - loadIPPluginJar : add ucpd
2025-09-14 13:18:08,576 [INFO] IPUIPlugin:74 - create IPUIPlugin
2025-09-14 13:18:08,576 [INFO] PluginManager:213 - loadIPPluginJar : add usart
2025-09-14 13:18:08,578 [INFO] IPUIPlugin:74 - create IPUIPlugin
2025-09-14 13:18:08,578 [INFO] PluginManager:213 - loadIPPluginJar : add usbx
2025-09-14 13:18:08,895 [FATAL] Updater:294 - Updater called before beeing initialized
2025-09-14 13:18:09,002 [FATAL] Updater:294 - Updater called before beeing initialized
2025-09-14 13:18:09,007 [INFO] DbMcusAds:47 - JSON generation date=Tue May 11 22:32:49 ICT 2021 (1620747169502)
2025-09-14 13:18:09,007 [FATAL] Updater:294 - Updater called before beeing initialized
2025-09-14 13:18:09,045 [WARN] DetailPanel:314 - Failed to get advertising image, set to default
2025-09-14 13:18:09,233 [FATAL] Updater:294 - Updater called before beeing initialized
2025-09-14 13:18:09,236 [FATAL] Updater:294 - Updater called before beeing initialized
2025-09-14 13:18:09,236 [FATAL] Updater:294 - Updater called before beeing initialized
2025-09-14 13:18:09,236 [WARN] DetailPanel:314 - Failed to get advertising image, set to default
2025-09-14 13:18:09,238 [FATAL] Updater:294 - Updater called before beeing initialized
2025-09-14 13:18:09,295 [ERROR] Updater:1075 - MainUpdater not yet initialized. External WinMGr cannot be set.
2025-09-14 13:18:09,297 [INFO] Updater:1012 - Updater Version found : 6.3.0
2025-09-14 13:18:09,316 [INFO] ApplicationProperties:181 - Using Application install path: D:\STM32CubeIDE_1.7.0\STM32CubeIDE\plugins\com.st.stm32cube.common.mx_6.3.0.202107141111
2025-09-14 13:18:09,495 [INFO] MainUpdater:2671 - connection check result : 10
2025-09-14 13:18:09,496 [INFO] MainUpdater:3359 - Updater definition file requires update
2025-09-14 13:18:09,497 [INFO] MainUpdater:265 - Updater Check For Update Now.
2025-09-14 13:18:09,497 [INFO] MicroXplorer:478 - Change Database Version : DB.6.0.30
2025-09-14 13:18:09,625 [INFO] ServerAccessManage:362 - Download File updaters.zip
2025-09-14 13:18:09,735 [INFO] FileExtend:235 - Unzip File : updaters.zip
2025-09-14 13:18:09,735 [INFO] FileExtend:250 - Standard Zip Deflate
2025-09-14 13:18:10,246 [INFO] ServerAccessManage:362 - Download File PacksControlFlags.xml
2025-09-14 13:18:10,383 [INFO] ServerAccessManage:362 - Download File cubemx.pidx
2025-09-14 13:18:10,462 [INFO] LoadServerUpdatesThread:339 - End of LoadServerUpdate Thread
2025-09-14 13:18:10,625 [INFO] CheckServerUpdateThread:112 - End of CheckServer Thread
2025-09-14 13:18:10,719 [INFO] MainUpdater:2671 - connection check result : 10
2025-09-14 13:18:10,721 [INFO] McuFinderGlobals:52 - Set McuFinderConnectedMode to true
2025-09-14 13:18:10,855 [INFO] ServerAccessManage:362 - Download File mcusAds.json._tmp_
2025-09-14 13:18:10,983 [INFO] LoadUrlFilesThread:145 - End of LoadUrlFiles Thread
2025-09-14 13:18:10,987 [WARN] MainUpdater:1122 - Updater busy. Cannot search thirdparties
2025-09-14 13:18:10,987 [INFO] ThirdPartyUpdaterWithRetryManager:92 - Updater plugin is busy. [1/15]
2025-09-14 13:18:12,493 [INFO] ServerAccessManage:362 - Download File mcusDocs.json._tmp_
2025-09-14 13:18:13,992 [WARN] MainUpdater:1122 - Updater busy. Cannot search thirdparties
2025-09-14 13:18:13,993 [INFO] ThirdPartyUpdaterWithRetryManager:92 - Updater plugin is busy. [2/15]
2025-09-14 13:18:14,065 [INFO] LoadUrlFilesThread:145 - End of LoadUrlFiles Thread
2025-09-14 13:18:14,311 [INFO] ServerAccessManage:362 - Download File mcusFeaturesAndDescription.json._tmp_
2025-09-14 13:18:17,007 [WARN] MainUpdater:1122 - Updater busy. Cannot search thirdparties
2025-09-14 13:18:17,007 [INFO] ThirdPartyUpdaterWithRetryManager:92 - Updater plugin is busy. [3/15]
2025-09-14 13:18:17,316 [INFO] LoadUrlFilesThread:145 - End of LoadUrlFiles Thread
2025-09-14 13:18:17,712 [INFO] ServerAccessManage:362 - Download File boardsDocs.json._tmp_
2025-09-14 13:18:17,846 [INFO] LoadUrlFilesThread:145 - End of LoadUrlFiles Thread
2025-09-14 13:18:18,092 [INFO] ServerAccessManage:362 - Download File boards.json._tmp_
2025-09-14 13:18:18,377 [INFO] LoadUrlFilesThread:145 - End of LoadUrlFiles Thread
2025-09-14 13:18:18,501 [INFO] ServerAccessManage:362 - Download File cube-finder-db.zip
2025-09-14 13:18:20,020 [WARN] MainUpdater:1122 - Updater busy. Cannot search thirdparties
2025-09-14 13:18:20,020 [INFO] ThirdPartyUpdaterWithRetryManager:92 - Updater plugin is busy. [4/15]
2025-09-14 13:18:20,980 [INFO] FileExtend:235 - Unzip File : cube-finder-db.zip
2025-09-14 13:18:20,981 [INFO] FileExtend:250 - Standard Zip Deflate
2025-09-14 13:18:22,048 [INFO] LoadUrlFilesThread:145 - End of LoadUrlFiles Thread
2025-09-14 13:18:23,030 [WARN] MainUpdater:1122 - Updater busy. Cannot search thirdparties
2025-09-14 13:18:23,030 [INFO] ThirdPartyUpdaterWithRetryManager:92 - Updater plugin is busy. [5/15]
2025-09-14 13:18:23,221 [INFO] ServerAccessManage:362 - Download File crdb.zip
2025-09-14 13:18:24,484 [INFO] FileExtend:235 - Unzip File : crdb.zip
2025-09-14 13:18:24,484 [INFO] FileExtend:250 - Standard Zip Deflate
2025-09-14 13:18:24,645 [INFO] LoadUrlFilesThread:145 - End of LoadUrlFiles Thread
2025-09-14 13:18:24,756 [INFO] ServerAccessManage:362 - Download File tutoVideoDB.zip
2025-09-14 13:18:24,773 [INFO] FileExtend:235 - Unzip File : tutoVideoDB.zip
2025-09-14 13:18:24,773 [INFO] FileExtend:250 - Standard Zip Deflate
2025-09-14 13:18:24,913 [INFO] LoadUrlFilesThread:145 - End of LoadUrlFiles Thread
2025-09-14 13:18:24,915 [INFO] DbMcusAds:47 - JSON generation date=Tue Jul 08 15:14:23 ICT 2025 (1751962463582)
2025-09-14 13:18:24,934 [INFO] DbMcusDocs:143 - JSON generation date=Tue Nov 16 23:17:54 ICT 2021 (1637079474)
2025-09-14 13:18:24,934 [INFO] DbMcusXml:100 - Load MCU database from D:\STM32CubeIDE_1.7.0\STM32CubeIDE\plugins\com.st.stm32cube.common.mx_6.3.0.202107141111\\db\/mcu/families.xml
2025-09-14 13:18:25,693 [INFO] DbMcusJson:93 - JSON generation date=Tue Nov 16 23:17:54 ICT 2021 (1637079474)
2025-09-14 13:18:26,104 [INFO] ThirdParty:915 - Integrity check success = true
2025-09-14 13:18:26,104 [INFO] IntegrityCheckThread:94 - exiting critical section [integrity check]
2025-09-14 13:18:26,104 [INFO] IntegrityCheckThread:97 - End integrity checks thread
2025-09-14 13:18:26,562 [INFO] DbMcus:175 - Found 1951 MCUs (1903 are supported by CubeMX, 1914 are visible in CubeMX)
2025-09-14 13:18:26,562 [INFO] ApiDb:251 - Load user favorites file C:\Users\ACER/.stm32cubeide/favorites.mcus.txt: 0 item(s)
2025-09-14 13:18:26,563 [INFO] ApiDb:255 - User favorites MCUs=[]
2025-09-14 13:18:26,563 [INFO] DbMcus:187 - Set 0 / 0 favorites MCUs
2025-09-14 13:18:27,097 [INFO] DbMcusDocs:79 - Found 682 MCUs documents
2025-09-14 13:18:27,099 [INFO] ApiDb:276 - Save user favorites file C:\Users\ACER/.stm32cubeide/favorites.mcus.txt: 0 item(s)
2025-09-14 13:18:27,100 [INFO] ApiDb:280 - User favorites MCUs=[]
2025-09-14 13:18:27,100 [INFO] DbMcusXml:100 - Load MCU database from D:\STM32CubeIDE_1.7.0\STM32CubeIDE\plugins\com.st.stm32cube.common.mx_6.3.0.202107141111\\db\/mcu/families.xml
2025-09-14 13:18:27,833 [INFO] DbMcusJson:93 - JSON generation date=Tue Nov 16 23:17:54 ICT 2021 (1637079474)
2025-09-14 13:18:28,586 [INFO] DbMcus:175 - Found 1951 MCUs (1903 are supported by CubeMX, 1914 are visible in CubeMX)
2025-09-14 13:18:28,587 [INFO] ApiDb:251 - Load user favorites file C:\Users\ACER/.stm32cubeide/favorites.mcus.txt: 0 item(s)
2025-09-14 13:18:28,587 [INFO] ApiDb:255 - User favorites MCUs=[]
2025-09-14 13:18:28,587 [INFO] DbMcus:187 - Set 0 / 0 favorites MCUs
2025-09-14 13:18:28,598 [INFO] DbBoardsDocs:143 - JSON generation date=Tue Nov 16 23:17:54 ICT 2021 (1637079474)
2025-09-14 13:18:28,611 [INFO] DbBoardsPdsc:90 - Found 25 items
2025-09-14 13:18:28,614 [INFO] DbBoardsPdsc:90 - Found 9 items
2025-09-14 13:18:28,620 [INFO] DbBoardsPdsc:90 - Found 33 items
2025-09-14 13:18:28,621 [INFO] DbBoardsPdsc:90 - Found 1 items
2025-09-14 13:18:28,640 [INFO] DbBoardsPdsc:90 - Found 48 items
2025-09-14 13:18:28,651 [INFO] DbBoardsPdsc:90 - Found 43 items
2025-09-14 13:18:28,653 [INFO] DbBoardsPdsc:90 - Found 2 items
2025-09-14 13:18:28,655 [INFO] DbBoardsPdsc:90 - Found 5 items
2025-09-14 13:18:28,660 [WARN] DbBoardsPdsc:254 - Board STM32H7B3I-DK: unknown feature type=Audio, name=, username=Audio stereo codec with Headphone Amp (CS42L51-CNZ), n=1
2025-09-14 13:18:28,661 [WARN] DbBoardsPdsc:254 - Board STM32H735G-DK: unknown feature type=Audio, name=, username=Audio stereo codec with Headphone Amp (WM8994ECS/R), n=1
2025-09-14 13:18:28,663 [WARN] DbBoardsPdsc:254 - Board STM32H7B3I-EVAL: unknown feature type=Audio, name=, username=Multi-Channel Audio Codec (CS42L51-CNZ), n=1
2025-09-14 13:18:28,663 [WARN] DbBoardsPdsc:254 - Board STM32H7B3I-EVAL: unknown feature type=Meter, name=, username=Power-metering and Temperature-monitoring with sigma-delta modulators, n=1
2025-09-14 13:18:28,663 [WARN] DbBoardsPdsc:254 - Board STM32H7B3I-EVAL: unknown feature type=Motor, name=, username=Motor Control, n=1
2025-09-14 13:18:28,664 [WARN] DbBoardsPdsc:254 - Board STM32U575I-EV: unknown feature type=joystick, name=, username=4-direction joystick with selection button, n=1
2025-09-14 13:18:28,687 [INFO] DbBoardsJson:86 - JSON generation date=Tue Nov 16 23:17:54 ICT 2021 (1637079474)
2025-09-14 13:18:28,695 [INFO] DbBoards:117 - Found 167 boards (163 are supported by CubeMX)
2025-09-14 13:18:28,697 [INFO] DbBoardsDocs:143 - JSON generation date=Tue Nov 16 23:17:54 ICT 2021 (1637079474)
2025-09-14 13:18:28,700 [INFO] DbBoardsDocs:79 - Found 209 boards documents
2025-09-14 13:18:28,703 [WARN] DbBoards:127 - board B-L475E-IOT01A2 has no document id list !
2025-09-14 13:18:28,704 [WARN] DbBoards:127 - board NUCLEO-H743ZI has no document id list !
2025-09-14 13:18:28,705 [WARN] DbBoards:127 - board NUCLEO-WL55JC2 has no document id list !
2025-09-14 13:18:28,705 [WARN] DbBoards:127 - board P-NUCLEO-WB55-Nucleo has no document id list !
2025-09-14 13:18:28,705 [WARN] DbBoards:127 - board P-NUCLEO-WB55-USBDongle has no document id list !
2025-09-14 13:18:28,705 [WARN] DbBoards:127 - board STEVAL-BFA001V1B has no document id list !
2025-09-14 13:18:28,705 [WARN] DbBoards:127 - board STEVAL-BFA001V2B has no document id list !
2025-09-14 13:18:28,705 [WARN] DbBoards:127 - board STEVAL-IDP005V1 has no document id list !
2025-09-14 13:18:28,705 [WARN] DbBoards:127 - board STEVAL-IDP005V2 has no document id list !
2025-09-14 13:18:28,706 [WARN] DbBoards:127 - board STEVAL-MKSBOX1V1 has no document id list !
2025-09-14 13:18:28,706 [WARN] DbBoards:127 - board STEVAL-STWINKT1 has no document id list !
2025-09-14 13:18:28,706 [WARN] DbBoards:127 - board STEVAL-STWINKT1B has no document id list !
2025-09-14 13:18:28,706 [WARN] DbBoards:127 - board STM32439I-EVAL2 has no document id list !
2025-09-14 13:18:28,706 [WARN] DbBoards:127 - board STM32F401C-DISCO has no document id list !
2025-09-14 13:18:28,707 [WARN] DbBoards:127 - board STM32F769I-DISC1 has no document id list !
2025-09-14 13:18:28,707 [WARN] DbBoards:127 - board STM32G474E-EVAL1 has no document id list !
2025-09-14 13:18:28,708 [WARN] DbBoards:127 - board STM32H743I-EVAL2 has no document id list !
2025-09-14 13:18:28,708 [WARN] DbBoards:127 - board STM32H747I-DISC1 has no document id list !
2025-09-14 13:18:28,708 [WARN] DbBoards:127 - board STM32H753I-EVAL2 has no document id list !
2025-09-14 13:18:28,708 [WARN] DbBoards:127 - board STM32L-DISCOVERY has no document id list !
2025-09-14 13:18:28,860 [ERROR] DbBoards:189 - Image file not found for board B-U585I-IOT02A: D:\STM32CubeIDE_1.7.0\STM32CubeIDE\plugins\com.st.stm32cube.common.mx_6.3.0.202107141111\\db\/plugins/mcufinder/images/boards/B-U585I-IOT02A_small.jpg
2025-09-14 13:18:28,984 [ERROR] DbBoards:189 - Image file not found for board NUCLEO-F413ZH: D:\STM32CubeIDE_1.7.0\STM32CubeIDE\plugins\com.st.stm32cube.common.mx_6.3.0.202107141111\\db\/plugins/mcufinder/images/boards/nucleo-f413zh_small.jpg
2025-09-14 13:18:29,224 [ERROR] DbBoards:189 - Image file not found for board NUCLEO-L552ZE-Q: D:\STM32CubeIDE_1.7.0\STM32CubeIDE\plugins\com.st.stm32cube.common.mx_6.3.0.202107141111\\db\/plugins/mcufinder/images/boards/nucleo_l552ze_q_small.jpg
2025-09-14 13:18:29,224 [ERROR] DbBoards:189 - Image file not found for board NUCLEO-U575ZI-Q: D:\STM32CubeIDE_1.7.0\STM32CubeIDE\plugins\com.st.stm32cube.common.mx_6.3.0.202107141111\\db\/plugins/mcufinder/images/boards/nucleo-u575zi-q_small.jpg
2025-09-14 13:18:29,224 [ERROR] DbBoards:189 - Image file not found for board NUCLEO-WB15CC: D:\STM32CubeIDE_1.7.0\STM32CubeIDE\plugins\com.st.stm32cube.common.mx_6.3.0.202107141111\\db\/plugins/mcufinder/images/boards/nucleo-wb15cc_small.jpg
2025-09-14 13:18:29,224 [ERROR] DbBoards:189 - Image file not found for board NUCLEO-WB55RG: D:\STM32CubeIDE_1.7.0\STM32CubeIDE\plugins\com.st.stm32cube.common.mx_6.3.0.202107141111\\db\/plugins/mcufinder/images/boards/nucleo-wb55rg_small.jpg
2025-09-14 13:18:30,566 [INFO] ApiDb:242 - User favorites file not found: C:\Users\ACER/.stm32cubeide/favorites.boards.txt
2025-09-14 13:18:30,566 [INFO] DbBoards:206 - Set 0 / 0 favorites Boards
2025-09-14 13:18:30,569 [INFO] DbBoardsDocs:79 - Found 418 boards documents
2025-09-14 13:18:30,570 [INFO] ApiDb:276 - Save user favorites file C:\Users\ACER/.stm32cubeide/favorites.boards.txt: 0 item(s)
2025-09-14 13:18:30,570 [INFO] ApiDb:280 - User favorites Boards=[]
2025-09-14 13:18:30,573 [INFO] DbBoardsPdsc:90 - Found 25 items
2025-09-14 13:18:30,575 [INFO] DbBoardsPdsc:90 - Found 9 items
2025-09-14 13:18:30,578 [INFO] DbBoardsPdsc:90 - Found 33 items
2025-09-14 13:18:30,579 [INFO] DbBoardsPdsc:90 - Found 1 items
2025-09-14 13:18:30,584 [INFO] DbBoardsPdsc:90 - Found 48 items
2025-09-14 13:18:30,590 [INFO] DbBoardsPdsc:90 - Found 43 items
2025-09-14 13:18:30,591 [INFO] DbBoardsPdsc:90 - Found 2 items
2025-09-14 13:18:30,592 [INFO] DbBoardsPdsc:90 - Found 5 items
2025-09-14 13:18:30,595 [WARN] DbBoardsPdsc:254 - Board STM32H7B3I-DK: unknown feature type=Audio, name=, username=Audio stereo codec with Headphone Amp (CS42L51-CNZ), n=1
2025-09-14 13:18:30,595 [WARN] DbBoardsPdsc:254 - Board STM32H735G-DK: unknown feature type=Audio, name=, username=Audio stereo codec with Headphone Amp (WM8994ECS/R), n=1
2025-09-14 13:18:30,597 [WARN] DbBoardsPdsc:254 - Board STM32H7B3I-EVAL: unknown feature type=Audio, name=, username=Multi-Channel Audio Codec (CS42L51-CNZ), n=1
2025-09-14 13:18:30,597 [WARN] DbBoardsPdsc:254 - Board STM32H7B3I-EVAL: unknown feature type=Meter, name=, username=Power-metering and Temperature-monitoring with sigma-delta modulators, n=1
2025-09-14 13:18:30,597 [WARN] DbBoardsPdsc:254 - Board STM32H7B3I-EVAL: unknown feature type=Motor, name=, username=Motor Control, n=1
2025-09-14 13:18:30,597 [WARN] DbBoardsPdsc:254 - Board STM32U575I-EV: unknown feature type=joystick, name=, username=4-direction joystick with selection button, n=1
2025-09-14 13:18:30,618 [INFO] DbBoardsJson:86 - JSON generation date=Tue Nov 16 23:17:54 ICT 2021 (1637079474)
2025-09-14 13:18:30,625 [INFO] DbBoards:117 - Found 167 boards (163 are supported by CubeMX)
2025-09-14 13:18:30,626 [WARN] DbBoards:127 - board B-L475E-IOT01A2 has no document id list !
2025-09-14 13:18:30,627 [WARN] DbBoards:127 - board NUCLEO-H743ZI has no document id list !
2025-09-14 13:18:30,628 [WARN] DbBoards:127 - board NUCLEO-WL55JC2 has no document id list !
2025-09-14 13:18:30,628 [WARN] DbBoards:127 - board P-NUCLEO-WB55-Nucleo has no document id list !
2025-09-14 13:18:30,628 [WARN] DbBoards:127 - board P-NUCLEO-WB55-USBDongle has no document id list !
2025-09-14 13:18:30,628 [WARN] DbBoards:127 - board STEVAL-BFA001V1B has no document id list !
2025-09-14 13:18:30,628 [WARN] DbBoards:127 - board STEVAL-BFA001V2B has no document id list !
2025-09-14 13:18:30,628 [WARN] DbBoards:127 - board STEVAL-IDP005V1 has no document id list !
2025-09-14 13:18:30,628 [WARN] DbBoards:127 - board STEVAL-IDP005V2 has no document id list !
2025-09-14 13:18:30,628 [WARN] DbBoards:127 - board STEVAL-MKSBOX1V1 has no document id list !
2025-09-14 13:18:30,628 [WARN] DbBoards:127 - board STEVAL-STWINKT1 has no document id list !
2025-09-14 13:18:30,628 [WARN] DbBoards:127 - board STEVAL-STWINKT1B has no document id list !
2025-09-14 13:18:30,628 [WARN] DbBoards:127 - board STM32439I-EVAL2 has no document id list !
2025-09-14 13:18:30,628 [WARN] DbBoards:127 - board STM32F401C-DISCO has no document id list !
2025-09-14 13:18:30,629 [WARN] DbBoards:127 - board STM32F769I-DISC1 has no document id list !
2025-09-14 13:18:30,629 [WARN] DbBoards:127 - board STM32G474E-EVAL1 has no document id list !
2025-09-14 13:18:30,629 [WARN] DbBoards:127 - board STM32H743I-EVAL2 has no document id list !
2025-09-14 13:18:30,629 [WARN] DbBoards:127 - board STM32H747I-DISC1 has no document id list !
2025-09-14 13:18:30,629 [WARN] DbBoards:127 - board STM32H753I-EVAL2 has no document id list !
2025-09-14 13:18:30,629 [WARN] DbBoards:127 - board STM32L-DISCOVERY has no document id list !
2025-09-14 13:18:30,727 [ERROR] DbBoards:189 - Image file not found for board B-U585I-IOT02A: D:\STM32CubeIDE_1.7.0\STM32CubeIDE\plugins\com.st.stm32cube.common.mx_6.3.0.202107141111\\db\/plugins/mcufinder/images/boards/B-U585I-IOT02A_small.jpg
2025-09-14 13:18:30,828 [ERROR] DbBoards:189 - Image file not found for board NUCLEO-F413ZH: D:\STM32CubeIDE_1.7.0\STM32CubeIDE\plugins\com.st.stm32cube.common.mx_6.3.0.202107141111\\db\/plugins/mcufinder/images/boards/nucleo-f413zh_small.jpg
2025-09-14 13:18:31,070 [ERROR] DbBoards:189 - Image file not found for board NUCLEO-L552ZE-Q: D:\STM32CubeIDE_1.7.0\STM32CubeIDE\plugins\com.st.stm32cube.common.mx_6.3.0.202107141111\\db\/plugins/mcufinder/images/boards/nucleo_l552ze_q_small.jpg
2025-09-14 13:18:31,070 [ERROR] DbBoards:189 - Image file not found for board NUCLEO-U575ZI-Q: D:\STM32CubeIDE_1.7.0\STM32CubeIDE\plugins\com.st.stm32cube.common.mx_6.3.0.202107141111\\db\/plugins/mcufinder/images/boards/nucleo-u575zi-q_small.jpg
2025-09-14 13:18:31,070 [ERROR] DbBoards:189 - Image file not found for board NUCLEO-WB15CC: D:\STM32CubeIDE_1.7.0\STM32CubeIDE\plugins\com.st.stm32cube.common.mx_6.3.0.202107141111\\db\/plugins/mcufinder/images/boards/nucleo-wb15cc_small.jpg
2025-09-14 13:18:31,071 [ERROR] DbBoards:189 - Image file not found for board NUCLEO-WB55RG: D:\STM32CubeIDE_1.7.0\STM32CubeIDE\plugins\com.st.stm32cube.common.mx_6.3.0.202107141111\\db\/plugins/mcufinder/images/boards/nucleo-wb55rg_small.jpg
2025-09-14 13:18:32,079 [INFO] ApiDb:251 - Load user favorites file C:\Users\ACER/.stm32cubeide/favorites.boards.txt: 0 item(s)
2025-09-14 13:18:32,079 [INFO] ApiDb:255 - User favorites Boards=[]
2025-09-14 13:18:32,079 [INFO] DbBoards:206 - Set 0 / 0 favorites Boards
2025-09-14 13:18:32,092 [INFO] LoadUrlFilesThread:172 - End of LoadServerUrlFiles without Thread
2025-09-14 13:18:32,092 [INFO] TargetSelectorAdapter:224 - Refresh data is successful
2025-09-14 13:18:32,266 [INFO] ApiDb:479 - Connected to CubeFinder SQLite database (C:\Users\ACER\.stmcufinder\plugins\mcufinder\mcu\cube-finder-db.db)
2025-09-14 13:18:33,261 [ERROR] DbExamplesSqlite:446 - Missing JSON key: board_cpn
2025-09-14 13:18:33,262 [ERROR] DbExamplesSqlite:446 - Missing JSON key: board_cpn
2025-09-14 13:18:33,262 [ERROR] DbExamplesSqlite:446 - Missing JSON key: board_cpn
2025-09-14 13:18:33,262 [ERROR] DbExamplesSqlite:446 - Missing JSON key: board_cpn
2025-09-14 13:18:33,637 [ERROR] DbExamplesSqlite:446 - Missing JSON key: board_cpn
2025-09-14 13:18:33,637 [ERROR] DbExamplesSqlite:446 - Missing JSON key: board_cpn
2025-09-14 13:18:33,641 [INFO] DbExamplesSqlite:411 - Ignored 33 examples not supported by CubeIDE
2025-09-14 13:18:33,641 [INFO] DbExamplesSqlite:412 - Found 10871 examples active
2025-09-14 13:18:33,641 [INFO] DbExamplesSqlite:413 - Found 0 examples obsolete
2025-09-14 13:18:33,641 [INFO] DbExamplesSqlite:414 - Found 0 examples under development
2025-09-14 13:18:33,641 [INFO] DbExamplesSqlite:415 - Found 65 examples not building
2025-09-14 13:18:33,732 [INFO] DbExamplesSqlite:108 - CubeFinder database Data Model version=2.1
2025-09-14 13:18:33,732 [INFO] DbExamplesSqlite:109 - CubeFinder database Configuration version=3.0.39
2025-09-14 13:18:33,732 [INFO] DbExamplesSqlite:110 - CubeFinder database generation date=2025-08-25 (1756130511)
2025-09-14 13:18:33,733 [INFO] DbExamplesSqlite:111 - CubeFinder database FW Pack versions=[FP-ATR-ASTRA1_V2.0.0, FP-SNS-FLIGHT1_V5.1.0, FP-SNS-MOTENV1_V5.0.0, FP-SNS-MOTENVWB1_V1.4.0, FP-SNS-SMARTAG2_V1.2.0, FP-SNS-STBOX1_V2.1.0, STM32Cube_FW_C0_V1.4.0, STM32Cube_FW_F4_V1.28.3, STM32Cube_FW_F7_V1.17.4, STM32Cube_FW_G0_V1.6.2, STM32Cube_FW_G4_V1.6.1, STM32Cube_FW_H5_V1.5.0, STM32Cube_FW_H7RS_V1.2.0, STM32Cube_FW_H7_V1.12.1, STM32Cube_FW_L0_V1.12.2, STM32Cube_FW_L4_V1.18.1, STM32Cube_FW_L5_V1.5.1, STM32Cube_FW_N6_V1.2.0, STM32Cube_FW_U0_V1.3.0, STM32Cube_FW_U3_V1.2.0, STM32Cube_FW_U5_V1.8.0, STM32Cube_FW_WB0_V1.3.0, STM32Cube_FW_WBA_V1.7.0, STM32Cube_FW_WB_V1.23.0, STM32Cube_FW_WL3_V1.2.0, STM32Cube_FW_WL_V1.3.1, X-CUBE-ALGOBUILD_V1.4.0, X-CUBE-ALS_V1.0.2, X-CUBE-AZRTOS-F4_V1.1.0, X-CUBE-AZRTOS-F7_V1.1.0, X-CUBE-AZRTOS-G0_V1.1.0, X-CUBE-AZRTOS-G4_V2.0.0, X-CUBE-AZRTOS-H7RS_V1.1.0, X-CUBE-AZRTOS-H7_V3.4.0, X-CUBE-AZRTOS-L4_V2.0.0, X-CUBE-AZRTOS-L5_V2.0.0, X-CUBE-AZRTOS-WB_V2.0.0, X-CUBE-AZRTOS-WL_V2.0.0, X-CUBE-BLE1_V7.1.0, X-CUBE-BLE2_V3.3.0, X-CUBE-BLEMGR_V4.1.0, X-CUBE-EEPRMA1_V5.2.0, X-CUBE-FREERTOS_V1.3.1, X-CUBE-GNSS1_V6.0.0, X-CUBE-MEMS1_V11.3.0, X-CUBE-NFC4_V3.0.0, X-CUBE-NFC7_V2.0.0, X-CUBE-SFXS2LP1_V4.0.0, X-CUBE-ST67W61_V1.0.0, X-CUBE-SUBG2_V5.0.0, X-CUBE-TOF1_V3.4.3]
2025-09-14 13:18:33,736 [INFO] DbExamples:130 - Found 10903 examples
2025-09-14 13:18:35,092 [ERROR] DbExamples:206 - Found 10903 examples with invalid data (board or MCU)
2025-09-14 13:18:35,092 [INFO] DbExamples:222 - Found 97 boards with related examples
2025-09-14 13:18:35,092 [INFO] DbExamples:235 - Found 0 MCUs with related examples
2025-09-14 13:18:35,125 [INFO] ApiDb:242 - User favorites file not found: C:\Users\ACER/.stm32cubeide/favorites.examples.txt
2025-09-14 13:18:35,125 [INFO] DbExamples:256 - Set 0 / 0 favorites Examples
2025-09-14 13:18:35,270 [INFO] McuFinderGlobals:52 - Set McuFinderConnectedMode to false
2025-09-14 13:18:35,365 [INFO] CrossSelectorPresenter:1330 - Cross Selector saved comparison directory: C:\Users\ACER\.stmcufinder\plugins\mcufinder\mcu\cs_comparisons_mx
2025-09-14 13:18:35,371 [INFO] MultiScanPanel:197 - Auto-refresh data requested => check proxy status ongoing
2025-09-14 13:18:35,371 [INFO] MultiScanPanel:201 - Proxy status is invalid
2025-09-14 13:18:35,373 [INFO] FinderPluginLoader:87 - Searching for filters in installed packs
2025-09-14 13:18:35,940 [INFO] DetailPanel:309 - Set advertising image to C:/Users/ACER/STM32Cube/Repository/\en.2400x1350px.jpeg
2025-09-14 13:19:25,496 [INFO] MainUpdater:2671 - connection check result : 10
2025-09-14 13:19:25,497 [INFO] MainUpdater:2671 - connection check result : 10
2025-09-14 13:19:25,553 [INFO] MicroXplorer:448 - Change Database Path : 
2025-09-14 13:19:25,553 [INFO] MicroXplorer:478 - Change Database Version : DB.6.0.30
2025-09-14 13:19:25,553 [WARN] ThirdParty:813 - waiting for thirdparty lock release [close project]
2025-09-14 13:19:25,553 [INFO] ThirdParty:815 - entering critical section [close project]
2025-09-14 13:19:25,554 [INFO] ThirdParty:825 - exiting critical section [close project]
2025-09-14 13:19:25,558 [INFO] PinOutPanel:1463 - setPackage(No Configuration,No Configuration)
2025-09-14 13:19:25,559 [INFO] UtilMem:74 - Begin LoadConfig() Used Memory: 690355536 Bytes (813694976)
2025-09-14 13:19:25,561 [INFO] MicroXplorer:448 - Change Database Path : 
2025-09-14 13:19:25,561 [INFO] MicroXplorer:478 - Change Database Version : DB.6.0.30
2025-09-14 13:19:25,561 [INFO] OpenFileManager:313 - Change cursor
2025-09-14 13:19:26,305 [INFO] Context:592 - Trying to add GPIOservice into a context  which must be forbidden
2025-09-14 13:19:26,486 [INFO] ImportTextPane:167 - (OptionalMessage_ERROR) Unable to find key (Mcu.ThirdPartyNb) in loaded IOC file
2025-09-14 13:19:26,486 [INFO] ImportTextPane:167 - (OptionalMessage_ERROR) Unable to find key (Mcu.PinsNb) in loaded IOC file
2025-09-14 13:19:26,486 [INFO] ImportTextPane:167 - (OptionalMessage_ERROR) Unable to find key (Mcu.IPNb) in loaded IOC file
2025-09-14 13:19:26,532 [INFO] RtosManager:484 - Registered RTOS mode: class=CMSIS, group=RTOS, mode=CMSIS_V1, owner=FREERTOS
2025-09-14 13:19:26,533 [INFO] RtosManager:484 - Registered RTOS mode: class=CMSIS, group=RTOS2, mode=CMSIS_V2, owner=FREERTOS
2025-09-14 13:19:26,533 [INFO] RtosManager:484 - Registered RTOS mode: class=RTOS, group=Core, mode=CMSIS_V1, owner=FREERTOS
2025-09-14 13:19:26,533 [INFO] RtosManager:484 - Registered RTOS mode: class=RTOS, group=Core, mode=CMSIS_V2, owner=FREERTOS
2025-09-14 13:19:26,533 [WARN] ModelIntegratedComponent:181 - Missing modes for component STMicroelectronics:FreeRTOS:0.0.1:STMicroelectronics:RTOS:FreeRTOS:Core:::10.2.0:
2025-09-14 13:19:26,537 [WARN] ModelIntegratedComponent:60 - No mode defined for component null
2025-09-14 13:19:26,537 [WARN] ModelIntegratedComponent:60 - No mode defined for component null
2025-09-14 13:19:26,537 [WARN] ModelIntegratedComponent:60 - No mode defined for component null
2025-09-14 13:19:26,537 [WARN] ModelIntegratedComponent:60 - No mode defined for component null
2025-09-14 13:19:26,537 [WARN] ModelIntegratedComponent:60 - No mode defined for component null
2025-09-14 13:19:26,537 [WARN] ModelIntegratedComponent:60 - No mode defined for component null
2025-09-14 13:19:26,538 [WARN] ModelIntegratedComponent:60 - No mode defined for component null
2025-09-14 13:19:26,538 [WARN] ModelIntegratedComponent:60 - No mode defined for component null
2025-09-14 13:19:26,538 [WARN] ModelIntegratedComponent:60 - No mode defined for component null
2025-09-14 13:19:26,538 [WARN] ModelIntegratedComponent:60 - No mode defined for component null
2025-09-14 13:19:26,538 [WARN] ModelIntegratedComponent:60 - No mode defined for component null
2025-09-14 13:19:26,538 [WARN] ModelIntegratedComponent:60 - No mode defined for component null
2025-09-14 13:19:26,538 [WARN] ModelIntegratedComponent:60 - No mode defined for component null
2025-09-14 13:19:26,538 [WARN] ModelIntegratedComponent:60 - No mode defined for component null
2025-09-14 13:19:26,538 [WARN] ModelIntegratedComponent:60 - No mode defined for component null
2025-09-14 13:19:26,538 [WARN] ModelIntegratedComponent:60 - No mode defined for component null
2025-09-14 13:19:26,538 [WARN] ModelIntegratedComponent:60 - No mode defined for component null
2025-09-14 13:19:26,539 [WARN] ModelIntegratedComponent:60 - No mode defined for component null
2025-09-14 13:19:26,539 [WARN] ModelIntegratedComponent:60 - No mode defined for component null
2025-09-14 13:19:26,539 [WARN] ModelIntegratedComponent:60 - No mode defined for component null
2025-09-14 13:19:26,539 [WARN] ModelIntegratedComponent:60 - No mode defined for component null
2025-09-14 13:19:26,539 [WARN] ModelIntegratedComponent:60 - No mode defined for component null
2025-09-14 13:19:26,539 [WARN] ModelIntegratedComponent:60 - No mode defined for component null
2025-09-14 13:19:26,539 [WARN] ModelIntegratedComponent:60 - No mode defined for component null
2025-09-14 13:19:26,539 [WARN] ModelIntegratedComponent:60 - No mode defined for component null
2025-09-14 13:19:26,539 [WARN] ModelIntegratedComponent:60 - No mode defined for component null
2025-09-14 13:19:26,539 [WARN] ModelIntegratedComponent:60 - No mode defined for component null
2025-09-14 13:19:26,539 [WARN] ModelIntegratedComponent:60 - No mode defined for component null
2025-09-14 13:19:26,540 [WARN] ModelIntegratedComponent:60 - No mode defined for component null
2025-09-14 13:19:26,540 [WARN] ModelIntegratedComponent:60 - No mode defined for component null
2025-09-14 13:19:26,540 [WARN] ModelIntegratedComponent:60 - No mode defined for component null
2025-09-14 13:19:26,682 [INFO] UtilMem:74 - End LoadConfig() Used Memory: 487706272 Bytes (813694976)
2025-09-14 13:19:26,684 [WARN] ThirdParty:779 - waiting for thirdparty lock release [change project]
2025-09-14 13:19:26,684 [INFO] ThirdParty:781 - entering critical section [change project]
2025-09-14 13:19:26,684 [INFO] ThirdParty:967 - CMSIS Pack Vendor :STMicroelectronics USB_HOST 2.0.0
2025-09-14 13:19:26,684 [INFO] ThirdParty:967 - CMSIS Pack Vendor :STMicroelectronics FreeRTOS 0.0.1
2025-09-14 13:19:26,684 [INFO] ThirdParty:967 - CMSIS Pack Vendor :STMicroelectronics USB_DEVICE 1.0.0
2025-09-14 13:19:26,684 [INFO] ThirdParty:967 - CMSIS Pack Vendor :STMicroelectronics USB_DEVICE 3.0.0
2025-09-14 13:19:26,684 [INFO] ThirdParty:967 - CMSIS Pack Vendor :STMicroelectronics HAL Drivers 0.0.0
2025-09-14 13:19:26,684 [INFO] ThirdParty:967 - CMSIS Pack Vendor :STMicroelectronics MBEDTLS 2.16.2
2025-09-14 13:19:26,684 [INFO] ThirdParty:967 - CMSIS Pack Vendor :STMicroelectronics ThreadX 0.0.2
2025-09-14 13:19:26,684 [INFO] ThirdParty:967 - CMSIS Pack Vendor :STMicroelectronics lwIP 2.0.3
2025-09-14 13:19:26,684 [INFO] ThirdParty:967 - CMSIS Pack Vendor :STMicroelectronics lwIP 2.1.2
2025-09-14 13:19:26,685 [INFO] ThirdParty:967 - CMSIS Pack Vendor :STMicroelectronics MBEDTLS 2.14.1
2025-09-14 13:19:26,685 [INFO] ThirdParty:967 - CMSIS Pack Vendor :STMicroelectronics USB_HOST 1.0.0
2025-09-14 13:19:26,685 [INFO] ThirdParty:967 - CMSIS Pack Vendor :STMicroelectronics PDM2PCM 3.1.0
2025-09-14 13:19:26,685 [INFO] ThirdParty:967 - CMSIS Pack Vendor :STMicroelectronics PDM2PCM 3.2.0
2025-09-14 13:19:26,685 [INFO] ThirdParty:967 - CMSIS Pack Vendor :STMicroelectronics USB_DEVICE 2.0.0
2025-09-14 13:19:26,685 [INFO] ThirdParty:967 - CMSIS Pack Vendor :STMicroelectronics PDM2PCM 3.3.0
2025-09-14 13:19:26,685 [INFO] ThirdParty:787 - exiting critical section [change project]
2025-09-14 13:19:26,911 [INFO] PinOutPanel:1463 - setPackage(No Configuration,No Configuration)
2025-09-14 13:19:26,912 [INFO] PinOutPanel:1463 - setPackage(STM32F103C6Ux,UFQFPN48)
2025-09-14 13:19:27,307 [INFO] UtilMem:74 - Before build in PCC Used Memory: 460460192 Bytes (813694976)
2025-09-14 13:19:27,888 [INFO] UtilMem:74 - After build in PCC Used Memory: 541722784 Bytes (813694976)
2025-09-14 13:19:27,909 [INFO] IPUIPlugin:74 - create IPUIPlugin
2025-09-14 13:19:27,909 [INFO] IPUIPlugin:74 - create IPUIPlugin
2025-09-14 13:19:27,909 [INFO] IPUIPlugin:74 - create IPUIPlugin
2025-09-14 13:19:27,910 [INFO] IPUIPlugin:74 - create IPUIPlugin
2025-09-14 13:19:27,910 [INFO] IPUIPlugin:74 - create IPUIPlugin
2025-09-14 13:19:27,910 [INFO] IPUIPlugin:74 - create IPUIPlugin
2025-09-14 13:19:27,910 [INFO] IPUIPlugin:74 - create IPUIPlugin
2025-09-14 13:19:27,910 [INFO] IPUIPlugin:74 - create IPUIPlugin
2025-09-14 13:19:27,911 [INFO] IPUIPlugin:74 - create IPUIPlugin
2025-09-14 13:19:27,911 [INFO] IPUIPlugin:74 - create IPUIPlugin
2025-09-14 13:19:27,911 [INFO] IPUIPlugin:74 - create IPUIPlugin
2025-09-14 13:19:27,911 [INFO] IPUIPlugin:74 - create IPUIPlugin
2025-09-14 13:19:27,912 [INFO] IPUIPlugin:74 - create IPUIPlugin
2025-09-14 13:19:27,912 [INFO] IPUIPlugin:74 - create IPUIPlugin
2025-09-14 13:19:27,913 [INFO] IPUIPlugin:74 - create IPUIPlugin
2025-09-14 13:19:27,913 [INFO] IPUIPlugin:74 - create IPUIPlugin
2025-09-14 13:19:27,914 [INFO] IPUIPlugin:74 - create IPUIPlugin
2025-09-14 13:19:27,914 [INFO] IPUIPlugin:74 - create IPUIPlugin
2025-09-14 13:19:27,915 [INFO] IPUIPlugin:74 - create IPUIPlugin
2025-09-14 13:19:27,916 [INFO] IPUIPlugin:74 - create IPUIPlugin
2025-09-14 13:19:27,916 [INFO] IPUIPlugin:74 - create IPUIPlugin
2025-09-14 13:19:27,917 [INFO] IPUIPlugin:74 - create IPUIPlugin
2025-09-14 13:19:27,918 [INFO] IPUIPlugin:74 - create IPUIPlugin
2025-09-14 13:19:28,042 [INFO] OpenFileManager:333 - Restore cursor
2025-09-14 13:19:28,405 [INFO] UtilMem:74 - End SaveConfig() Used Memory: 472646152 Bytes (813694976)
2025-09-14 13:19:29,547 [INFO] ServerAccessManage:362 - Download File stm32cube_fw_f1_v180.zip
2025-09-14 13:19:38,842 [ERROR] FileExtend:450 - File entry not found
2025-09-14 13:19:38,842 [INFO] FileExtend:235 - Unzip File : stm32cube_fw_f1_v180.zip
2025-09-14 13:19:38,843 [INFO] FileExtend:250 - Standard Zip Deflate
2025-09-14 13:19:55,029 [INFO] ServerAccessManage:362 - Download File stm32cube_fw_f1_v186.zip
2025-09-14 13:19:58,957 [INFO] FileExtend:235 - Unzip File : stm32cube_fw_f1_v186.zip
2025-09-14 13:19:58,957 [INFO] FileExtend:250 - Standard Zip Deflate
2025-09-14 13:20:06,346 [INFO] LoadServerPackagesThread:180 - End of LoadServerPackages Thread
2025-09-14 13:20:06,584 [INFO] CheckServerUpdateThread:112 - End of CheckServer Thread
2025-09-14 13:20:06,592 [INFO] UtilMem:74 - End SaveConfig() Used Memory: 671378768 Bytes (1073741824)
2025-09-14 13:20:07,156 [INFO] BlockDiagram:2740 - set Specific Code input for plugin: NVIC
2025-09-14 13:20:07,156 [INFO] BlockDiagram:2740 - set Specific Code input for plugin: SYS
2025-09-14 13:20:07,156 [INFO] BlockDiagram:2740 - set Specific Code input for plugin: RCC
2025-09-14 13:20:07,157 [INFO] CodeGenerator:663 - code generatio: config db path: D:\STM32CubeIDE_1.7.0\STM32CubeIDE\plugins\com.st.stm32cube.common.mx_6.3.0.202107141111\\db\
2025-09-14 13:20:07,637 [INFO] CodeEngine:239 - oldGeneratedFile, D:\New folder (2)\LED_BLINKY\MXTmpFiles\license.tmp_save
2025-09-14 13:20:08,193 [INFO] CodeEngine:257 - Generated code: D:\New folder (2)\LED_BLINKY\MXTmpFiles\license.tmp
2025-09-14 13:20:08,352 [INFO] CodeEngine:239 - oldGeneratedFile, D:\New folder (2)\LED_BLINKY\Core\Src\stm32f1xx_it.c_save
2025-09-14 13:20:08,523 [INFO] CodeEngine:257 - Generated code: D:\New folder (2)\LED_BLINKY\Core\Src\stm32f1xx_it.c
2025-09-14 13:20:08,526 [INFO] CodeEngine:239 - oldGeneratedFile, D:\New folder (2)\LED_BLINKY\Core\Inc\stm32f1xx_it.h_save
2025-09-14 13:20:08,657 [INFO] CodeEngine:257 - Generated code: D:\New folder (2)\LED_BLINKY\Core\Inc\stm32f1xx_it.h
2025-09-14 13:20:08,664 [INFO] CodeEngine:239 - oldGeneratedFile, D:\New folder (2)\LED_BLINKY\Core\Src\stm32f1xx_hal_msp.c_save
2025-09-14 13:20:08,880 [INFO] CodeEngine:257 - Generated code: D:\New folder (2)\LED_BLINKY\Core\Src\stm32f1xx_hal_msp.c
2025-09-14 13:20:08,883 [INFO] CodeEngine:239 - oldGeneratedFile, D:\New folder (2)\LED_BLINKY\MXTmpFiles\system.tmp_save
2025-09-14 13:20:08,987 [INFO] CodeEngine:257 - Generated code: D:\New folder (2)\LED_BLINKY\MXTmpFiles\system.tmp
2025-09-14 13:20:08,994 [INFO] CodeEngine:239 - oldGeneratedFile, D:\New folder (2)\LED_BLINKY\Core\Inc\stm32f1xx_hal_conf.h_save
2025-09-14 13:20:09,157 [INFO] CodeEngine:257 - Generated code: D:\New folder (2)\LED_BLINKY\Core\Inc\stm32f1xx_hal_conf.h
2025-09-14 13:20:09,222 [INFO] CodeEngine:239 - oldGeneratedFile, D:\New folder (2)\LED_BLINKY\Core\Inc\main.h_save
2025-09-14 13:20:09,345 [INFO] CodeEngine:257 - Generated code: D:\New folder (2)\LED_BLINKY\Core\Inc\main.h
2025-09-14 13:20:09,347 [INFO] CodeEngine:239 - oldGeneratedFile, D:\New folder (2)\LED_BLINKY\Core\Src\main.c_save
2025-09-14 13:20:09,498 [INFO] CodeEngine:257 - Generated code: D:\New folder (2)\LED_BLINKY\Core\Src\main.c
2025-09-14 13:20:10,408 [INFO] ProjectBuilder:2578 - Time for Copy HAL[1] : 72mS.
2025-09-14 13:20:10,415 [INFO] ProjectBuilder:3622 - Project Generator version: 3.14.1
2025-09-14 13:20:10,906 [INFO] ConfigFileManager:1271 - The Die is : DIE412
2025-09-14 13:20:10,930 [INFO] ApiDbMcu:468 - Load IP Config File for FATFS
2025-09-14 13:20:10,974 [INFO] ApiDbMcu:468 - Load IP Config File for FREERTOS
2025-09-14 13:20:11,004 [INFO] ApiDbMcu:468 - Load IP Config File for USB_DEVICE
2025-09-14 13:20:14,254 [INFO] ProjectBuilder:3789 - Time for Generating toolchain IDE Files: 3839mS.
2025-09-14 13:20:14,255 [INFO] ProjectBuilder:2457 - Time for Copy CMSIS : 1mS.
2025-09-14 13:20:14,256 [INFO] ProjectBuilder:2457 - Time for Copy CMSIS : 0mS.
2025-09-14 13:20:15,922 [INFO] McuFinderGlobals:52 - Set McuFinderConnectedMode to true
2025-09-14 13:20:15,924 [INFO] ApiDb:276 - Save user favorites file C:\Users\ACER/.stm32cubeide/favorites.mcus.txt: 0 item(s)
2025-09-14 13:20:15,924 [INFO] ApiDb:280 - User favorites MCUs=[]
2025-09-14 13:20:33,608 [INFO] Gpio:254 - dependency for GPIO []
2025-09-14 13:20:38,179 [INFO] UtilMem:74 - End SaveConfig() Used Memory: 745047784 Bytes (1073741824)
2025-09-14 13:20:39,519 [INFO] UtilMem:74 - End SaveConfig() Used Memory: 788783232 Bytes (1073741824)
2025-09-14 13:20:43,656 [INFO] UtilMem:74 - End SaveConfig() Used Memory: 728887240 Bytes (1073741824)
2025-09-14 13:20:44,077 [INFO] BlockDiagram:2740 - set Specific Code input for plugin: NVIC
2025-09-14 13:20:44,078 [INFO] BlockDiagram:2740 - set Specific Code input for plugin: SYS
2025-09-14 13:20:44,078 [INFO] BlockDiagram:2740 - set Specific Code input for plugin: GPIO
2025-09-14 13:20:44,078 [INFO] BlockDiagram:2740 - set Specific Code input for plugin: RCC
2025-09-14 13:20:44,079 [INFO] CodeGenerator:663 - code generatio: config db path: D:\STM32CubeIDE_1.7.0\STM32CubeIDE\plugins\com.st.stm32cube.common.mx_6.3.0.202107141111\\db\
2025-09-14 13:20:44,475 [INFO] CodeEngine:239 - oldGeneratedFile, D:\New folder (2)\LED_BLINKY\MXTmpFiles\license.tmp_save
2025-09-14 13:20:44,565 [INFO] CodeEngine:257 - Generated code: D:\New folder (2)\LED_BLINKY\MXTmpFiles\license.tmp
2025-09-14 13:20:44,603 [INFO] CodeEngine:239 - oldGeneratedFile, D:\New folder (2)\LED_BLINKY\MXTmpFiles\gpio.tmp_save
2025-09-14 13:20:44,712 [INFO] CodeEngine:257 - Generated code: D:\New folder (2)\LED_BLINKY\MXTmpFiles\gpio.tmp
2025-09-14 13:20:44,784 [INFO] CodeEngine:239 - oldGeneratedFile, D:\New folder (2)\LED_BLINKY\Core\Src\stm32f1xx_it.c_save
2025-09-14 13:20:44,893 [INFO] CodeEngine:257 - Generated code: D:\New folder (2)\LED_BLINKY\Core\Src\stm32f1xx_it.c
2025-09-14 13:20:44,898 [INFO] CodeEngine:239 - oldGeneratedFile, D:\New folder (2)\LED_BLINKY\Core\Inc\stm32f1xx_it.h_save
2025-09-14 13:20:44,972 [INFO] CodeEngine:257 - Generated code: D:\New folder (2)\LED_BLINKY\Core\Inc\stm32f1xx_it.h
2025-09-14 13:20:44,991 [INFO] CodeEngine:239 - oldGeneratedFile, D:\New folder (2)\LED_BLINKY\Core\Src\stm32f1xx_hal_msp.c_save
2025-09-14 13:20:45,107 [INFO] CodeEngine:257 - Generated code: D:\New folder (2)\LED_BLINKY\Core\Src\stm32f1xx_hal_msp.c
2025-09-14 13:20:45,111 [INFO] CodeEngine:239 - oldGeneratedFile, D:\New folder (2)\LED_BLINKY\MXTmpFiles\system.tmp_save
2025-09-14 13:20:45,226 [INFO] CodeEngine:257 - Generated code: D:\New folder (2)\LED_BLINKY\MXTmpFiles\system.tmp
2025-09-14 13:20:45,249 [INFO] CodeEngine:239 - oldGeneratedFile, D:\New folder (2)\LED_BLINKY\Core\Inc\stm32f1xx_hal_conf.h_save
2025-09-14 13:20:45,409 [INFO] CodeEngine:257 - Generated code: D:\New folder (2)\LED_BLINKY\Core\Inc\stm32f1xx_hal_conf.h
2025-09-14 13:20:45,458 [INFO] CodeEngine:239 - oldGeneratedFile, D:\New folder (2)\LED_BLINKY\Core\Inc\main.h_save
2025-09-14 13:20:45,601 [INFO] CodeEngine:257 - Generated code: D:\New folder (2)\LED_BLINKY\Core\Inc\main.h
2025-09-14 13:20:45,621 [INFO] CodeEngine:239 - oldGeneratedFile, D:\New folder (2)\LED_BLINKY\Core\Src\main.c_save
2025-09-14 13:20:45,818 [INFO] CodeEngine:257 - Generated code: D:\New folder (2)\LED_BLINKY\Core\Src\main.c
2025-09-14 13:20:46,747 [INFO] ProjectBuilder:2578 - Time for Copy HAL[1] : 85mS.
2025-09-14 13:20:46,750 [INFO] ProjectBuilder:3622 - Project Generator version: 3.14.1
2025-09-14 13:20:47,311 [INFO] ConfigFileManager:1271 - The Die is : DIE412
2025-09-14 13:20:49,104 [INFO] ProjectBuilder:3789 - Time for Generating toolchain IDE Files: 2354mS.
2025-09-14 13:20:49,105 [INFO] ProjectBuilder:2457 - Time for Copy CMSIS : 0mS.
2025-09-14 13:20:49,106 [INFO] ProjectBuilder:2457 - Time for Copy CMSIS : 0mS.
2025-09-14 14:41:09,389 [INFO] MainUpdater:2671 - connection check result : 10
2025-09-14 14:41:09,513 [INFO] McuFinderGlobals:52 - Set McuFinderConnectedMode to false
2025-09-14 14:41:09,584 [INFO] CrossSelectorPresenter:1330 - Cross Selector saved comparison directory: C:\Users\ACER\.stmcufinder\plugins\mcufinder\mcu\cs_comparisons_mx
2025-09-14 14:41:09,585 [INFO] MultiScanPanel:197 - Auto-refresh data requested => check proxy status ongoing
2025-09-14 14:41:09,585 [INFO] MultiScanPanel:201 - Proxy status is invalid
2025-09-14 14:41:09,586 [INFO] FinderPluginLoader:87 - Searching for filters in installed packs
2025-09-14 14:41:09,991 [INFO] DetailPanel:309 - Set advertising image to C:/Users/ACER/STM32Cube/Repository/\en.2400x1350px.jpeg
2025-09-14 14:46:24,943 [INFO] MainUpdater:2671 - connection check result : 10
2025-09-14 14:46:24,944 [INFO] MainUpdater:2671 - connection check result : 10
2025-09-14 14:46:25,020 [INFO] MicroXplorer:448 - Change Database Path : 
2025-09-14 14:46:25,020 [INFO] MicroXplorer:478 - Change Database Version : DB.6.0.30
2025-09-14 14:46:25,020 [WARN] ThirdParty:813 - waiting for thirdparty lock release [close project]
2025-09-14 14:46:25,021 [INFO] ThirdParty:815 - entering critical section [close project]
2025-09-14 14:46:25,021 [INFO] ThirdParty:825 - exiting critical section [close project]
2025-09-14 14:46:25,023 [INFO] PinOutPanel:1463 - setPackage(No Configuration,No Configuration)
2025-09-14 14:46:25,034 [INFO] UtilMem:74 - Begin LoadConfig() Used Memory: 921745808 Bytes (1073741824)
2025-09-14 14:46:25,034 [INFO] MicroXplorer:448 - Change Database Path : 
2025-09-14 14:46:25,035 [INFO] MicroXplorer:478 - Change Database Version : DB.6.0.30
2025-09-14 14:46:25,035 [INFO] OpenFileManager:313 - Change cursor
2025-09-14 14:46:25,058 [INFO] RulesReader:57 - Compatibility file has been processed (242 Rules)
2025-09-14 14:46:25,656 [INFO] Context:592 - Trying to add GPIOservice into a context  which must be forbidden
2025-09-14 14:46:25,794 [INFO] ImportTextPane:167 - (OptionalMessage_ERROR) Unable to find key (Mcu.ThirdPartyNb) in loaded IOC file
2025-09-14 14:46:25,794 [INFO] ImportTextPane:167 - (OptionalMessage_ERROR) Unable to find key (Mcu.PinsNb) in loaded IOC file
2025-09-14 14:46:25,794 [INFO] ImportTextPane:167 - (OptionalMessage_ERROR) Unable to find key (Mcu.IPNb) in loaded IOC file
2025-09-14 14:46:25,806 [INFO] RtosManager:484 - Registered RTOS mode: class=CMSIS, group=RTOS, mode=CMSIS_V1, owner=FREERTOS
2025-09-14 14:46:25,806 [INFO] RtosManager:484 - Registered RTOS mode: class=CMSIS, group=RTOS2, mode=CMSIS_V2, owner=FREERTOS
2025-09-14 14:46:25,806 [INFO] RtosManager:484 - Registered RTOS mode: class=RTOS, group=Core, mode=CMSIS_V1, owner=FREERTOS
2025-09-14 14:46:25,806 [INFO] RtosManager:484 - Registered RTOS mode: class=RTOS, group=Core, mode=CMSIS_V2, owner=FREERTOS
2025-09-14 14:46:25,806 [WARN] ModelIntegratedComponent:181 - Missing modes for component STMicroelectronics:FreeRTOS:0.0.1:STMicroelectronics:RTOS:FreeRTOS:Core:::10.2.0:
2025-09-14 14:46:25,807 [WARN] ModelIntegratedComponent:60 - No mode defined for component null
2025-09-14 14:46:25,807 [WARN] ModelIntegratedComponent:60 - No mode defined for component null
2025-09-14 14:46:25,807 [WARN] ModelIntegratedComponent:60 - No mode defined for component null
2025-09-14 14:46:25,807 [WARN] ModelIntegratedComponent:60 - No mode defined for component null
2025-09-14 14:46:25,807 [WARN] ModelIntegratedComponent:60 - No mode defined for component null
2025-09-14 14:46:25,807 [WARN] ModelIntegratedComponent:60 - No mode defined for component null
2025-09-14 14:46:25,807 [WARN] ModelIntegratedComponent:60 - No mode defined for component null
2025-09-14 14:46:25,807 [WARN] ModelIntegratedComponent:60 - No mode defined for component null
2025-09-14 14:46:25,807 [WARN] ModelIntegratedComponent:60 - No mode defined for component null
2025-09-14 14:46:25,808 [WARN] ModelIntegratedComponent:60 - No mode defined for component null
2025-09-14 14:46:25,808 [WARN] ModelIntegratedComponent:60 - No mode defined for component null
2025-09-14 14:46:25,808 [WARN] ModelIntegratedComponent:60 - No mode defined for component null
2025-09-14 14:46:25,808 [WARN] ModelIntegratedComponent:60 - No mode defined for component null
2025-09-14 14:46:25,808 [WARN] ModelIntegratedComponent:60 - No mode defined for component null
2025-09-14 14:46:25,808 [WARN] ModelIntegratedComponent:60 - No mode defined for component null
2025-09-14 14:46:25,808 [WARN] ModelIntegratedComponent:60 - No mode defined for component null
2025-09-14 14:46:25,808 [WARN] ModelIntegratedComponent:60 - No mode defined for component null
2025-09-14 14:46:25,808 [WARN] ModelIntegratedComponent:60 - No mode defined for component null
2025-09-14 14:46:25,808 [WARN] ModelIntegratedComponent:60 - No mode defined for component null
2025-09-14 14:46:25,808 [WARN] ModelIntegratedComponent:60 - No mode defined for component null
2025-09-14 14:46:25,809 [WARN] ModelIntegratedComponent:60 - No mode defined for component null
2025-09-14 14:46:25,809 [WARN] ModelIntegratedComponent:60 - No mode defined for component null
2025-09-14 14:46:25,809 [WARN] ModelIntegratedComponent:60 - No mode defined for component null
2025-09-14 14:46:25,809 [WARN] ModelIntegratedComponent:60 - No mode defined for component null
2025-09-14 14:46:25,809 [WARN] ModelIntegratedComponent:60 - No mode defined for component null
2025-09-14 14:46:25,809 [WARN] ModelIntegratedComponent:60 - No mode defined for component null
2025-09-14 14:46:25,809 [WARN] ModelIntegratedComponent:60 - No mode defined for component null
2025-09-14 14:46:25,809 [WARN] ModelIntegratedComponent:60 - No mode defined for component null
2025-09-14 14:46:25,809 [WARN] ModelIntegratedComponent:60 - No mode defined for component null
2025-09-14 14:46:25,809 [WARN] ModelIntegratedComponent:60 - No mode defined for component null
2025-09-14 14:46:25,809 [WARN] ModelIntegratedComponent:60 - No mode defined for component null
2025-09-14 14:46:25,933 [INFO] UtilMem:74 - End LoadConfig() Used Memory: 947093784 Bytes (1073741824)
2025-09-14 14:46:25,934 [WARN] ThirdParty:779 - waiting for thirdparty lock release [change project]
2025-09-14 14:46:25,934 [INFO] ThirdParty:781 - entering critical section [change project]
2025-09-14 14:46:25,934 [INFO] ThirdParty:967 - CMSIS Pack Vendor :STMicroelectronics USB_HOST 2.0.0
2025-09-14 14:46:25,934 [INFO] ThirdParty:967 - CMSIS Pack Vendor :STMicroelectronics FreeRTOS 0.0.1
2025-09-14 14:46:25,935 [INFO] ThirdParty:967 - CMSIS Pack Vendor :STMicroelectronics USB_DEVICE 1.0.0
2025-09-14 14:46:25,935 [INFO] ThirdParty:967 - CMSIS Pack Vendor :STMicroelectronics USB_DEVICE 3.0.0
2025-09-14 14:46:25,935 [INFO] ThirdParty:967 - CMSIS Pack Vendor :STMicroelectronics HAL Drivers 0.0.0
2025-09-14 14:46:25,935 [INFO] ThirdParty:967 - CMSIS Pack Vendor :STMicroelectronics MBEDTLS 2.16.2
2025-09-14 14:46:25,935 [INFO] ThirdParty:967 - CMSIS Pack Vendor :STMicroelectronics ThreadX 0.0.2
2025-09-14 14:46:25,935 [INFO] ThirdParty:967 - CMSIS Pack Vendor :STMicroelectronics lwIP 2.0.3
2025-09-14 14:46:25,935 [INFO] ThirdParty:967 - CMSIS Pack Vendor :STMicroelectronics lwIP 2.1.2
2025-09-14 14:46:25,936 [INFO] ThirdParty:967 - CMSIS Pack Vendor :STMicroelectronics MBEDTLS 2.14.1
2025-09-14 14:46:25,936 [INFO] ThirdParty:967 - CMSIS Pack Vendor :STMicroelectronics USB_HOST 1.0.0
2025-09-14 14:46:25,936 [INFO] ThirdParty:967 - CMSIS Pack Vendor :STMicroelectronics PDM2PCM 3.1.0
2025-09-14 14:46:25,936 [INFO] ThirdParty:967 - CMSIS Pack Vendor :STMicroelectronics PDM2PCM 3.2.0
2025-09-14 14:46:25,936 [INFO] ThirdParty:967 - CMSIS Pack Vendor :STMicroelectronics USB_DEVICE 2.0.0
2025-09-14 14:46:25,936 [INFO] ThirdParty:967 - CMSIS Pack Vendor :STMicroelectronics PDM2PCM 3.3.0
2025-09-14 14:46:25,936 [INFO] ThirdParty:787 - exiting critical section [change project]
2025-09-14 14:46:26,068 [INFO] PinOutPanel:1463 - setPackage(No Configuration,No Configuration)
2025-09-14 14:46:26,069 [INFO] PinOutPanel:1463 - setPackage(STM32F103C6Ux,UFQFPN48)
2025-09-14 14:46:26,314 [INFO] UtilMem:74 - Before build in PCC Used Memory: 927447712 Bytes (1073741824)
2025-09-14 14:46:26,563 [INFO] UtilMem:74 - After build in PCC Used Memory: 951397344 Bytes (1073741824)
2025-09-14 14:46:26,581 [INFO] IPUIPlugin:74 - create IPUIPlugin
2025-09-14 14:46:26,581 [INFO] IPUIPlugin:74 - create IPUIPlugin
2025-09-14 14:46:26,581 [INFO] IPUIPlugin:74 - create IPUIPlugin
2025-09-14 14:46:26,582 [INFO] IPUIPlugin:74 - create IPUIPlugin
2025-09-14 14:46:26,582 [INFO] IPUIPlugin:74 - create IPUIPlugin
2025-09-14 14:46:26,582 [INFO] IPUIPlugin:74 - create IPUIPlugin
2025-09-14 14:46:26,582 [INFO] IPUIPlugin:74 - create IPUIPlugin
2025-09-14 14:46:26,582 [INFO] IPUIPlugin:74 - create IPUIPlugin
2025-09-14 14:46:26,583 [INFO] IPUIPlugin:74 - create IPUIPlugin
2025-09-14 14:46:26,583 [INFO] IPUIPlugin:74 - create IPUIPlugin
2025-09-14 14:46:26,583 [INFO] IPUIPlugin:74 - create IPUIPlugin
2025-09-14 14:46:26,583 [INFO] IPUIPlugin:74 - create IPUIPlugin
2025-09-14 14:46:26,584 [INFO] IPUIPlugin:74 - create IPUIPlugin
2025-09-14 14:46:26,584 [INFO] IPUIPlugin:74 - create IPUIPlugin
2025-09-14 14:46:26,584 [INFO] IPUIPlugin:74 - create IPUIPlugin
2025-09-14 14:46:26,585 [INFO] IPUIPlugin:74 - create IPUIPlugin
2025-09-14 14:46:26,585 [INFO] IPUIPlugin:74 - create IPUIPlugin
2025-09-14 14:46:26,585 [INFO] IPUIPlugin:74 - create IPUIPlugin
2025-09-14 14:46:26,586 [INFO] IPUIPlugin:74 - create IPUIPlugin
2025-09-14 14:46:26,586 [INFO] IPUIPlugin:74 - create IPUIPlugin
2025-09-14 14:46:26,586 [INFO] IPUIPlugin:74 - create IPUIPlugin
2025-09-14 14:46:26,587 [INFO] IPUIPlugin:74 - create IPUIPlugin
2025-09-14 14:46:26,588 [INFO] IPUIPlugin:74 - create IPUIPlugin
2025-09-14 14:46:26,611 [INFO] OpenFileManager:333 - Restore cursor
2025-09-14 14:46:26,869 [INFO] UtilMem:74 - End SaveConfig() Used Memory: 965919216 Bytes (1073741824)
2025-09-14 14:46:26,929 [INFO] UtilMem:74 - End SaveConfig() Used Memory: 929457352 Bytes (1073741824)
2025-09-14 14:46:27,201 [INFO] BlockDiagram:2740 - set Specific Code input for plugin: NVIC
2025-09-14 14:46:27,201 [INFO] BlockDiagram:2740 - set Specific Code input for plugin: SYS
2025-09-14 14:46:27,201 [INFO] BlockDiagram:2740 - set Specific Code input for plugin: RCC
2025-09-14 14:46:27,202 [INFO] CodeGenerator:663 - code generatio: config db path: D:\STM32CubeIDE_1.7.0\STM32CubeIDE\plugins\com.st.stm32cube.common.mx_6.3.0.202107141111\\db\
2025-09-14 14:46:27,526 [INFO] CodeEngine:239 - oldGeneratedFile, D:\New folder (2)\LAB 1.1\MXTmpFiles\license.tmp_save
2025-09-14 14:46:27,606 [INFO] CodeEngine:257 - Generated code: D:\New folder (2)\LAB 1.1\MXTmpFiles\license.tmp
2025-09-14 14:46:27,638 [INFO] CodeEngine:239 - oldGeneratedFile, D:\New folder (2)\LAB 1.1\Core\Src\stm32f1xx_it.c_save
2025-09-14 14:46:27,795 [INFO] CodeEngine:257 - Generated code: D:\New folder (2)\LAB 1.1\Core\Src\stm32f1xx_it.c
2025-09-14 14:46:27,798 [INFO] CodeEngine:239 - oldGeneratedFile, D:\New folder (2)\LAB 1.1\Core\Inc\stm32f1xx_it.h_save
2025-09-14 14:46:27,882 [INFO] CodeEngine:257 - Generated code: D:\New folder (2)\LAB 1.1\Core\Inc\stm32f1xx_it.h
2025-09-14 14:46:27,890 [INFO] CodeEngine:239 - oldGeneratedFile, D:\New folder (2)\LAB 1.1\Core\Src\stm32f1xx_hal_msp.c_save
2025-09-14 14:46:28,015 [INFO] CodeEngine:257 - Generated code: D:\New folder (2)\LAB 1.1\Core\Src\stm32f1xx_hal_msp.c
2025-09-14 14:46:28,017 [INFO] CodeEngine:239 - oldGeneratedFile, D:\New folder (2)\LAB 1.1\MXTmpFiles\system.tmp_save
2025-09-14 14:46:28,111 [INFO] CodeEngine:257 - Generated code: D:\New folder (2)\LAB 1.1\MXTmpFiles\system.tmp
2025-09-14 14:46:28,118 [INFO] CodeEngine:239 - oldGeneratedFile, D:\New folder (2)\LAB 1.1\Core\Inc\stm32f1xx_hal_conf.h_save
2025-09-14 14:46:28,265 [INFO] CodeEngine:257 - Generated code: D:\New folder (2)\LAB 1.1\Core\Inc\stm32f1xx_hal_conf.h
2025-09-14 14:46:28,306 [INFO] CodeEngine:239 - oldGeneratedFile, D:\New folder (2)\LAB 1.1\Core\Inc\main.h_save
2025-09-14 14:46:28,398 [INFO] CodeEngine:257 - Generated code: D:\New folder (2)\LAB 1.1\Core\Inc\main.h
2025-09-14 14:46:28,401 [INFO] CodeEngine:239 - oldGeneratedFile, D:\New folder (2)\LAB 1.1\Core\Src\main.c_save
2025-09-14 14:46:28,539 [INFO] CodeEngine:257 - Generated code: D:\New folder (2)\LAB 1.1\Core\Src\main.c
2025-09-14 14:46:29,911 [INFO] ProjectBuilder:2578 - Time for Copy HAL[1] : 78mS.
2025-09-14 14:46:29,947 [INFO] ProjectBuilder:3622 - Project Generator version: 3.14.1
2025-09-14 14:46:30,888 [INFO] ConfigFileManager:1271 - The Die is : DIE412
2025-09-14 14:46:30,902 [INFO] ApiDbMcu:468 - Load IP Config File for FATFS
2025-09-14 14:46:30,947 [INFO] ApiDbMcu:468 - Load IP Config File for FREERTOS
2025-09-14 14:46:30,978 [INFO] ApiDbMcu:468 - Load IP Config File for USB_DEVICE
2025-09-14 14:46:33,775 [INFO] ProjectBuilder:3789 - Time for Generating toolchain IDE Files: 3828mS.
2025-09-14 14:46:33,776 [INFO] ProjectBuilder:2457 - Time for Copy CMSIS : 1mS.
2025-09-14 14:46:33,777 [INFO] ProjectBuilder:2457 - Time for Copy CMSIS : 0mS.
2025-09-14 14:46:34,586 [INFO] McuFinderGlobals:52 - Set McuFinderConnectedMode to true
2025-09-14 14:46:34,588 [INFO] ApiDb:276 - Save user favorites file C:\Users\ACER/.stm32cubeide/favorites.mcus.txt: 0 item(s)
2025-09-14 14:46:34,589 [INFO] ApiDb:280 - User favorites MCUs=[]
2025-09-14 14:47:36,940 [INFO] Gpio:254 - dependency for GPIO []
2025-09-14 14:47:52,331 [INFO] UtilMem:74 - End SaveConfig() Used Memory: 901419288 Bytes (1073741824)
2025-09-14 14:47:53,933 [INFO] UtilMem:74 - End SaveConfig() Used Memory: 939777296 Bytes (1073741824)
2025-09-14 14:47:56,257 [INFO] UtilMem:74 - End SaveConfig() Used Memory: 940607800 Bytes (1073741824)
2025-09-14 14:47:56,720 [INFO] BlockDiagram:2740 - set Specific Code input for plugin: NVIC
2025-09-14 14:47:56,720 [INFO] BlockDiagram:2740 - set Specific Code input for plugin: SYS
2025-09-14 14:47:56,721 [INFO] BlockDiagram:2740 - set Specific Code input for plugin: GPIO
2025-09-14 14:47:56,721 [INFO] BlockDiagram:2740 - set Specific Code input for plugin: RCC
2025-09-14 14:47:56,722 [INFO] CodeGenerator:663 - code generatio: config db path: D:\STM32CubeIDE_1.7.0\STM32CubeIDE\plugins\com.st.stm32cube.common.mx_6.3.0.202107141111\\db\
2025-09-14 14:47:57,066 [INFO] CodeEngine:239 - oldGeneratedFile, D:\New folder (2)\LAB 1.1\MXTmpFiles\license.tmp_save
2025-09-14 14:47:57,254 [INFO] CodeEngine:257 - Generated code: D:\New folder (2)\LAB 1.1\MXTmpFiles\license.tmp
2025-09-14 14:47:57,289 [INFO] CodeEngine:239 - oldGeneratedFile, D:\New folder (2)\LAB 1.1\MXTmpFiles\gpio.tmp_save
2025-09-14 14:47:57,405 [INFO] CodeEngine:257 - Generated code: D:\New folder (2)\LAB 1.1\MXTmpFiles\gpio.tmp
2025-09-14 14:47:57,443 [INFO] CodeEngine:239 - oldGeneratedFile, D:\New folder (2)\LAB 1.1\Core\Src\stm32f1xx_it.c_save
2025-09-14 14:47:57,587 [INFO] CodeEngine:257 - Generated code: D:\New folder (2)\LAB 1.1\Core\Src\stm32f1xx_it.c
2025-09-14 14:47:57,591 [INFO] CodeEngine:239 - oldGeneratedFile, D:\New folder (2)\LAB 1.1\Core\Inc\stm32f1xx_it.h_save
2025-09-14 14:47:57,674 [INFO] CodeEngine:257 - Generated code: D:\New folder (2)\LAB 1.1\Core\Inc\stm32f1xx_it.h
2025-09-14 14:47:57,694 [INFO] CodeEngine:239 - oldGeneratedFile, D:\New folder (2)\LAB 1.1\Core\Src\stm32f1xx_hal_msp.c_save
2025-09-14 14:47:57,812 [INFO] CodeEngine:257 - Generated code: D:\New folder (2)\LAB 1.1\Core\Src\stm32f1xx_hal_msp.c
2025-09-14 14:47:57,815 [INFO] CodeEngine:239 - oldGeneratedFile, D:\New folder (2)\LAB 1.1\MXTmpFiles\system.tmp_save
2025-09-14 14:47:57,883 [INFO] CodeEngine:257 - Generated code: D:\New folder (2)\LAB 1.1\MXTmpFiles\system.tmp
2025-09-14 14:47:57,904 [INFO] CodeEngine:239 - oldGeneratedFile, D:\New folder (2)\LAB 1.1\Core\Inc\stm32f1xx_hal_conf.h_save
2025-09-14 14:47:58,048 [INFO] CodeEngine:257 - Generated code: D:\New folder (2)\LAB 1.1\Core\Inc\stm32f1xx_hal_conf.h
2025-09-14 14:47:58,088 [INFO] CodeEngine:239 - oldGeneratedFile, D:\New folder (2)\LAB 1.1\Core\Inc\main.h_save
2025-09-14 14:47:58,206 [INFO] CodeEngine:257 - Generated code: D:\New folder (2)\LAB 1.1\Core\Inc\main.h
2025-09-14 14:47:58,223 [INFO] CodeEngine:239 - oldGeneratedFile, D:\New folder (2)\LAB 1.1\Core\Src\main.c_save
2025-09-14 14:47:58,407 [INFO] CodeEngine:257 - Generated code: D:\New folder (2)\LAB 1.1\Core\Src\main.c
2025-09-14 14:47:59,734 [INFO] ProjectBuilder:2578 - Time for Copy HAL[1] : 71mS.
2025-09-14 14:47:59,738 [INFO] ProjectBuilder:3622 - Project Generator version: 3.14.1
2025-09-14 14:48:00,291 [INFO] ConfigFileManager:1271 - The Die is : DIE412
2025-09-14 14:48:02,870 [INFO] ProjectBuilder:3789 - Time for Generating toolchain IDE Files: 3132mS.
2025-09-14 14:48:02,871 [INFO] ProjectBuilder:2457 - Time for Copy CMSIS : 0mS.
2025-09-14 14:48:02,872 [INFO] ProjectBuilder:2457 - Time for Copy CMSIS : 0mS.
2025-09-14 15:24:03,341 [INFO] Activator:177 - 


2025-09-14 15:24:03,343 [INFO] Activator:178 - !SESSION log4j initialized
2025-09-14 15:25:23,150 [INFO] Activator:177 - 


2025-09-14 15:25:23,152 [INFO] Activator:178 - !SESSION log4j initialized
2025-09-14 15:26:46,379 [INFO] Activator:177 - 


2025-09-14 15:26:46,381 [INFO] Activator:178 - !SESSION log4j initialized
2025-09-14 15:28:12,756 [INFO] McuFinderGlobals:39 - Set McuFinder mode to 2 (CubeIDE integrated)
2025-09-14 15:28:12,966 [INFO] ApplicationProperties:181 - Using Application install path: D:\STM32CubeIDE_1.7.0\STM32CubeIDE\plugins\com.st.stm32cube.common.mx_6.3.0.202107141111
2025-09-14 15:28:12,983 [INFO] DbMcusXml:74 - Set database path to: D:\STM32CubeIDE_1.7.0\STM32CubeIDE\plugins\com.st.stm32cube.common.mx_6.3.0.202107141111\\db\/mcu/
2025-09-14 15:28:12,987 [INFO] DbBoardsPdsc:56 - Set plugin database path to: D:\STM32CubeIDE_1.7.0\STM32CubeIDE\plugins\com.st.stm32cube.common.mx_6.3.0.202107141111\\db\/plugins/boardmanager/
2025-09-14 15:28:12,988 [INFO] DbMcus:258 - Set plugin images path to: D:\STM32CubeIDE_1.7.0\STM32CubeIDE\plugins\com.st.stm32cube.common.mx_6.3.0.202107141111\\db\/plugins/mcufinder/images/
2025-09-14 15:28:12,988 [INFO] DbBoards:264 - Set plugin images path to: D:\STM32CubeIDE_1.7.0\STM32CubeIDE\plugins\com.st.stm32cube.common.mx_6.3.0.202107141111\\db\/plugins/mcufinder/images/
2025-09-14 15:28:12,992 [INFO] DbExamples:333 - Set plugin images path to: D:\STM32CubeIDE_1.7.0\STM32CubeIDE\plugins\com.st.stm32cube.common.mx_6.3.0.202107141111\\db\/plugins/mcufinder/images/
2025-09-14 15:28:12,997 [INFO] DbMcusAds:119 - Set database path to: C:\Users\ACER\.stmcufinder\plugins\mcufinder//mcu/
2025-09-14 15:28:12,998 [INFO] DbMcusDocs:110 - Set database path to: C:\Users\ACER\.stmcufinder\plugins\mcufinder//mcu/
2025-09-14 15:28:13,001 [INFO] DbMcusJson:64 - Set database path to: C:\Users\ACER\.stmcufinder\plugins\mcufinder//mcu/
2025-09-14 15:28:13,001 [INFO] DbBoardsDocs:110 - Set database path to: C:\Users\ACER\.stmcufinder\plugins\mcufinder//mcu/
2025-09-14 15:28:13,002 [INFO] DbBoardsJson:57 - Set database path to: C:\Users\ACER\.stmcufinder\plugins\mcufinder//mcu/
2025-09-14 15:28:13,011 [INFO] CrossReferenceDbSqlite:196 - Set database path to: C:\Users\ACER\.stmcufinder\plugins\mcufinder//mcu/cs/
2025-09-14 15:28:13,016 [INFO] DbExamplesSqlite:767 - Set database path to: C:\Users\ACER\.stmcufinder\plugins\mcufinder//mcu/
2025-09-14 15:28:13,122 [INFO] RulesReader:57 - Compatibility file has been processed (242 Rules)
2025-09-14 15:28:13,227 [INFO] DbMcusXml:74 - Set database path to: D:\STM32CubeIDE_1.7.0\STM32CubeIDE\plugins\com.st.stm32cube.common.mx_6.3.0.202107141111\\db\/mcu/
2025-09-14 15:28:13,228 [INFO] DbBoardsPdsc:56 - Set plugin database path to: D:\STM32CubeIDE_1.7.0\STM32CubeIDE\plugins\com.st.stm32cube.common.mx_6.3.0.202107141111\\db\/plugins/boardmanager/
2025-09-14 15:28:13,228 [INFO] DbMcus:258 - Set plugin images path to: D:\STM32CubeIDE_1.7.0\STM32CubeIDE\plugins\com.st.stm32cube.common.mx_6.3.0.202107141111\\db\/plugins/mcufinder/images/
2025-09-14 15:28:13,228 [INFO] DbBoards:264 - Set plugin images path to: D:\STM32CubeIDE_1.7.0\STM32CubeIDE\plugins\com.st.stm32cube.common.mx_6.3.0.202107141111\\db\/plugins/mcufinder/images/
2025-09-14 15:28:13,229 [INFO] DbExamples:333 - Set plugin images path to: D:\STM32CubeIDE_1.7.0\STM32CubeIDE\plugins\com.st.stm32cube.common.mx_6.3.0.202107141111\\db\/plugins/mcufinder/images/
2025-09-14 15:28:13,229 [WARN] DbFile:35 - Overriding database path with different value: C:\Users\ACER\.stmcufinder\plugins\mcufinder/ => C:\Users\ACER\.stmcufinder\plugins\mcufinder
2025-09-14 15:28:13,229 [INFO] DbMcusAds:119 - Set database path to: C:\Users\ACER\.stmcufinder\plugins\mcufinder//mcu/
2025-09-14 15:28:13,229 [WARN] DbFile:35 - Overriding database path with different value: C:\Users\ACER\.stmcufinder\plugins\mcufinder/ => C:\Users\ACER\.stmcufinder\plugins\mcufinder
2025-09-14 15:28:13,229 [INFO] DbMcusDocs:110 - Set database path to: C:\Users\ACER\.stmcufinder\plugins\mcufinder//mcu/
2025-09-14 15:28:13,229 [WARN] DbFile:35 - Overriding database path with different value: C:\Users\ACER\.stmcufinder\plugins\mcufinder/ => C:\Users\ACER\.stmcufinder\plugins\mcufinder
2025-09-14 15:28:13,229 [INFO] DbMcusJson:64 - Set database path to: C:\Users\ACER\.stmcufinder\plugins\mcufinder//mcu/
2025-09-14 15:28:13,230 [WARN] DbFile:35 - Overriding database path with different value: C:\Users\ACER\.stmcufinder\plugins\mcufinder/ => C:\Users\ACER\.stmcufinder\plugins\mcufinder
2025-09-14 15:28:13,230 [INFO] DbBoardsDocs:110 - Set database path to: C:\Users\ACER\.stmcufinder\plugins\mcufinder//mcu/
2025-09-14 15:28:13,230 [WARN] DbFile:35 - Overriding database path with different value: C:\Users\ACER\.stmcufinder\plugins\mcufinder/ => C:\Users\ACER\.stmcufinder\plugins\mcufinder
2025-09-14 15:28:13,230 [INFO] DbBoardsJson:57 - Set database path to: C:\Users\ACER\.stmcufinder\plugins\mcufinder//mcu/
2025-09-14 15:28:13,230 [WARN] DbFile:35 - Overriding database path with different value: C:\Users\ACER\.stmcufinder\plugins\mcufinder/ => C:\Users\ACER\.stmcufinder\plugins\mcufinder
2025-09-14 15:28:13,230 [WARN] DbFile:35 - Overriding database path with different value: C:\Users\ACER\.stmcufinder\plugins\mcufinder/ => C:\Users\ACER\.stmcufinder\plugins\mcufinder
2025-09-14 15:28:13,230 [INFO] CrossReferenceDbSqlite:196 - Set database path to: C:\Users\ACER\.stmcufinder\plugins\mcufinder//mcu/cs/
2025-09-14 15:28:13,230 [WARN] DbFile:35 - Overriding database path with different value: C:\Users\ACER\.stmcufinder\plugins\mcufinder/ => C:\Users\ACER\.stmcufinder\plugins\mcufinder
2025-09-14 15:28:13,231 [INFO] DbExamplesSqlite:767 - Set database path to: C:\Users\ACER\.stmcufinder\plugins\mcufinder//mcu/
2025-09-14 15:28:13,310 [INFO] MainPanel:214 - HeapMemory: 419430400
2025-09-14 15:28:13,428 [INFO] DbMcusXml:74 - Set database path to: D:\STM32CubeIDE_1.7.0\STM32CubeIDE\plugins\com.st.stm32cube.common.mx_6.3.0.202107141111\\db\/mcu/
2025-09-14 15:28:13,428 [INFO] DbBoardsPdsc:56 - Set plugin database path to: D:\STM32CubeIDE_1.7.0\STM32CubeIDE\plugins\com.st.stm32cube.common.mx_6.3.0.202107141111\\db\/plugins/boardmanager/
2025-09-14 15:28:13,428 [INFO] DbMcus:258 - Set plugin images path to: D:\STM32CubeIDE_1.7.0\STM32CubeIDE\plugins\com.st.stm32cube.common.mx_6.3.0.202107141111\\db\/plugins/mcufinder/images/
2025-09-14 15:28:13,429 [INFO] DbBoards:264 - Set plugin images path to: D:\STM32CubeIDE_1.7.0\STM32CubeIDE\plugins\com.st.stm32cube.common.mx_6.3.0.202107141111\\db\/plugins/mcufinder/images/
2025-09-14 15:28:13,429 [INFO] DbExamples:333 - Set plugin images path to: D:\STM32CubeIDE_1.7.0\STM32CubeIDE\plugins\com.st.stm32cube.common.mx_6.3.0.202107141111\\db\/plugins/mcufinder/images/
2025-09-14 15:28:13,429 [WARN] DbFile:35 - Overriding database path with different value: C:\Users\ACER\.stmcufinder\plugins\mcufinder/ => C:\Users\ACER\.stmcufinder\plugins\mcufinder
2025-09-14 15:28:13,429 [INFO] DbMcusAds:119 - Set database path to: C:\Users\ACER\.stmcufinder\plugins\mcufinder//mcu/
2025-09-14 15:28:13,429 [WARN] DbFile:35 - Overriding database path with different value: C:\Users\ACER\.stmcufinder\plugins\mcufinder/ => C:\Users\ACER\.stmcufinder\plugins\mcufinder
2025-09-14 15:28:13,430 [INFO] DbMcusDocs:110 - Set database path to: C:\Users\ACER\.stmcufinder\plugins\mcufinder//mcu/
2025-09-14 15:28:13,430 [WARN] DbFile:35 - Overriding database path with different value: C:\Users\ACER\.stmcufinder\plugins\mcufinder/ => C:\Users\ACER\.stmcufinder\plugins\mcufinder
2025-09-14 15:28:13,430 [INFO] DbMcusJson:64 - Set database path to: C:\Users\ACER\.stmcufinder\plugins\mcufinder//mcu/
2025-09-14 15:28:13,430 [WARN] DbFile:35 - Overriding database path with different value: C:\Users\ACER\.stmcufinder\plugins\mcufinder/ => C:\Users\ACER\.stmcufinder\plugins\mcufinder
2025-09-14 15:28:13,430 [INFO] DbBoardsDocs:110 - Set database path to: C:\Users\ACER\.stmcufinder\plugins\mcufinder//mcu/
2025-09-14 15:28:13,430 [WARN] DbFile:35 - Overriding database path with different value: C:\Users\ACER\.stmcufinder\plugins\mcufinder/ => C:\Users\ACER\.stmcufinder\plugins\mcufinder
2025-09-14 15:28:13,430 [INFO] DbBoardsJson:57 - Set database path to: C:\Users\ACER\.stmcufinder\plugins\mcufinder//mcu/
2025-09-14 15:28:13,430 [WARN] DbFile:35 - Overriding database path with different value: C:\Users\ACER\.stmcufinder\plugins\mcufinder/ => C:\Users\ACER\.stmcufinder\plugins\mcufinder
2025-09-14 15:28:13,430 [WARN] DbFile:35 - Overriding database path with different value: C:\Users\ACER\.stmcufinder\plugins\mcufinder/ => C:\Users\ACER\.stmcufinder\plugins\mcufinder
2025-09-14 15:28:13,431 [INFO] CrossReferenceDbSqlite:196 - Set database path to: C:\Users\ACER\.stmcufinder\plugins\mcufinder//mcu/cs/
2025-09-14 15:28:13,431 [WARN] DbFile:35 - Overriding database path with different value: C:\Users\ACER\.stmcufinder\plugins\mcufinder/ => C:\Users\ACER\.stmcufinder\plugins\mcufinder
2025-09-14 15:28:13,431 [INFO] DbExamplesSqlite:767 - Set database path to: C:\Users\ACER\.stmcufinder\plugins\mcufinder//mcu/
2025-09-14 15:28:13,453 [INFO] ApplicationProperties:181 - Using Application install path: D:\STM32CubeIDE_1.7.0\STM32CubeIDE\plugins\com.st.stm32cube.common.mx_6.3.0.202107141111
2025-09-14 15:28:13,455 [INFO] PluginManage:188 - Search for loadable plugins [exclusion list=, ]
2025-09-14 15:28:13,456 [INFO] PluginManage:302 - Check plugin analytics
2025-09-14 15:28:13,699 [INFO] AnalyticsPlugin:257 - Accepted Software Licenses: 
2025-09-14 15:28:13,700 [INFO] AnalyticsPlugin:259 - Accepted CMSIS Pack Licenses: 
2025-09-14 15:28:13,700 [INFO] AnalyticsPlugin:261 - Accepted Firmware Licenses: 
2025-09-14 15:28:13,700 [INFO] PluginManage:352 - Loaded plugin analytics (category:tool,tabindex:-1)
2025-09-14 15:28:13,701 [INFO] PluginManage:302 - Check plugin clock
2025-09-14 15:28:13,720 [INFO] PluginManage:352 - Loaded plugin clock (category:base,tabindex:2)
2025-09-14 15:28:13,721 [INFO] PluginManage:302 - Check plugin ddr
2025-09-14 15:28:13,724 [INFO] PluginManage:352 - Loaded plugin ddr (category:tool,tabindex:6)
2025-09-14 15:28:13,724 [INFO] PluginManage:302 - Check plugin filemanager
2025-09-14 15:28:13,904 [INFO] PluginManage:352 - Loaded plugin filemanager (category:base,tabindex:10)
2025-09-14 15:28:13,905 [INFO] PluginManage:302 - Check plugin ipmanager
2025-09-14 15:28:13,915 [INFO] PluginManage:352 - Loaded plugin ipmanager (category:base,tabindex:5)
2025-09-14 15:28:13,915 [INFO] PluginManage:302 - Check plugin pinoutandconfiguration
2025-09-14 15:28:13,924 [INFO] PluginManage:352 - Loaded plugin pinoutandconfiguration (category:base,tabindex:1)
2025-09-14 15:28:13,924 [INFO] PluginManage:302 - Check plugin pinoutconfig
2025-09-14 15:28:13,957 [INFO] PluginManage:352 - Loaded plugin pinoutconfig (category:base,tabindex:0)
2025-09-14 15:28:13,957 [INFO] PluginManage:302 - Check plugin power
2025-09-14 15:28:13,968 [INFO] PluginManage:352 - Loaded plugin power (category:power,tabindex:4)
2025-09-14 15:28:13,968 [INFO] PluginManage:302 - Check plugin projectmanager
2025-09-14 15:28:13,985 [INFO] PluginManage:352 - Loaded plugin projectmanager (category:projectmanager,tabindex:3)
2025-09-14 15:28:13,985 [INFO] PluginManage:302 - Check plugin thirdparty
2025-09-14 15:28:14,103 [WARN] IntegrityCheckThread:78 - waiting for thirdparty lock release [integrity check]
2025-09-14 15:28:14,103 [INFO] PluginManage:352 - Loaded plugin thirdparty (category:base,tabindex:-1)
2025-09-14 15:28:14,104 [INFO] IntegrityCheckThread:80 - entering critical section [integrity check]
2025-09-14 15:28:14,104 [INFO] PluginManage:302 - Check plugin tools
2025-09-14 15:28:14,104 [INFO] ThirdPartyUpdaterWithRetryManager:66 - Updater plugin not ready yet. [1/15]
2025-09-14 15:28:14,106 [INFO] PluginManage:352 - Loaded plugin tools (category:base,tabindex:7)
2025-09-14 15:28:14,106 [INFO] PluginManage:302 - Check plugin tutovideos
2025-09-14 15:28:14,387 [INFO] PluginManage:352 - Loaded plugin tutovideos (category:base,tabindex:-1)
2025-09-14 15:28:14,387 [INFO] PluginManage:302 - Check plugin updater
2025-09-14 15:28:14,401 [INFO] PluginManage:352 - Loaded plugin updater (category:base,tabindex:12)
2025-09-14 15:28:14,401 [INFO] PluginManage:275 - PluginManage : Loaded plugins [13]
2025-09-14 15:28:14,598 [INFO] PinOutPanel:1463 - setPackage(No Configuration,No Configuration)
2025-09-14 15:28:14,716 [INFO] IPUIPlugin:74 - create IPUIPlugin
2025-09-14 15:28:14,716 [INFO] PluginManager:213 - loadIPPluginJar : add adc
2025-09-14 15:28:14,719 [INFO] IPUIPlugin:74 - create IPUIPlugin
2025-09-14 15:28:14,719 [INFO] PluginManager:213 - loadIPPluginJar : add aes
2025-09-14 15:28:14,721 [INFO] IPUIPlugin:74 - create IPUIPlugin
2025-09-14 15:28:14,721 [INFO] PluginManager:213 - loadIPPluginJar : add can
2025-09-14 15:28:14,723 [INFO] IPUIPlugin:74 - create IPUIPlugin
2025-09-14 15:28:14,723 [INFO] PluginManager:213 - loadIPPluginJar : add comp
2025-09-14 15:28:14,725 [INFO] IPUIPlugin:74 - create IPUIPlugin
2025-09-14 15:28:14,725 [INFO] PluginManager:213 - loadIPPluginJar : add cryp
2025-09-14 15:28:14,728 [INFO] IPUIPlugin:74 - create IPUIPlugin
2025-09-14 15:28:14,728 [INFO] PluginManager:213 - loadIPPluginJar : add dfsdm
2025-09-14 15:28:14,734 [INFO] IPUIPlugin:74 - create IPUIPlugin
2025-09-14 15:28:14,734 [INFO] PluginManager:213 - loadIPPluginJar : add dma
2025-09-14 15:28:14,736 [INFO] IPUIPlugin:74 - create IPUIPlugin
2025-09-14 15:28:14,737 [INFO] PluginManager:213 - loadIPPluginJar : add dma3
2025-09-14 15:28:14,738 [INFO] IPUIPlugin:74 - create IPUIPlugin
2025-09-14 15:28:14,738 [INFO] PluginManager:213 - loadIPPluginJar : add fatfs
2025-09-14 15:28:14,742 [INFO] IPUIPlugin:74 - create IPUIPlugin
2025-09-14 15:28:14,742 [INFO] PluginManager:213 - loadIPPluginJar : add fmc
2025-09-14 15:28:14,748 [INFO] IPUIPlugin:74 - create IPUIPlugin
2025-09-14 15:28:14,749 [INFO] PluginManager:213 - loadIPPluginJar : add freertos
2025-09-14 15:28:14,749 [INFO] IPUIPlugin:74 - create IPUIPlugin
2025-09-14 15:28:14,750 [INFO] PluginManager:213 - loadIPPluginJar : add genericplugin
2025-09-14 15:28:14,752 [INFO] IPUIPlugin:74 - create IPUIPlugin
2025-09-14 15:28:14,752 [INFO] PluginManager:213 - loadIPPluginJar : add gfxmmu
2025-09-14 15:28:14,757 [INFO] IPUIPlugin:74 - create IPUIPlugin
2025-09-14 15:28:14,757 [INFO] PluginManager:213 - loadIPPluginJar : add gic
2025-09-14 15:28:14,761 [INFO] IPUIPlugin:74 - create IPUIPlugin
2025-09-14 15:28:14,761 [INFO] PluginManager:213 - loadIPPluginJar : add gpio
2025-09-14 15:28:14,763 [INFO] IPUIPlugin:74 - create IPUIPlugin
2025-09-14 15:28:14,763 [INFO] PluginManager:213 - loadIPPluginJar : add gtzc
2025-09-14 15:28:14,765 [INFO] IPUIPlugin:74 - create IPUIPlugin
2025-09-14 15:28:14,765 [INFO] PluginManager:213 - loadIPPluginJar : add hash
2025-09-14 15:28:14,768 [INFO] IPUIPlugin:74 - create IPUIPlugin
2025-09-14 15:28:14,768 [INFO] PluginManager:213 - loadIPPluginJar : add i2c
2025-09-14 15:28:14,770 [INFO] IPUIPlugin:74 - create IPUIPlugin
2025-09-14 15:28:14,770 [INFO] PluginManager:213 - loadIPPluginJar : add i2s
2025-09-14 15:28:14,774 [INFO] IPUIPlugin:74 - create IPUIPlugin
2025-09-14 15:28:14,774 [INFO] PluginManager:213 - loadIPPluginJar : add ipddr
2025-09-14 15:28:14,782 [INFO] IPUIPlugin:74 - create IPUIPlugin
2025-09-14 15:28:14,782 [INFO] PluginManager:213 - loadIPPluginJar : add linkedlist
2025-09-14 15:28:14,784 [INFO] IPUIPlugin:74 - create IPUIPlugin
2025-09-14 15:28:14,784 [INFO] PluginManager:213 - loadIPPluginJar : add lorawan
2025-09-14 15:28:14,785 [INFO] IPUIPlugin:74 - create IPUIPlugin
2025-09-14 15:28:14,786 [INFO] PluginManager:213 - loadIPPluginJar : add ltdc
2025-09-14 15:28:14,790 [INFO] IPUIPlugin:74 - create IPUIPlugin
2025-09-14 15:28:14,791 [INFO] PluginManager:213 - loadIPPluginJar : add mdma
2025-09-14 15:28:14,795 [INFO] IPUIPlugin:74 - create IPUIPlugin
2025-09-14 15:28:14,795 [INFO] PluginManager:213 - loadIPPluginJar : add nvic
2025-09-14 15:28:14,798 [INFO] IPUIPlugin:74 - create IPUIPlugin
2025-09-14 15:28:14,799 [INFO] PluginManager:213 - loadIPPluginJar : add opamp
2025-09-14 15:28:14,801 [INFO] IPUIPlugin:74 - create IPUIPlugin
2025-09-14 15:28:14,802 [INFO] PluginManager:213 - loadIPPluginJar : add openamp
2025-09-14 15:28:14,804 [INFO] IPUIPlugin:74 - create IPUIPlugin
2025-09-14 15:28:14,804 [INFO] PluginManager:213 - loadIPPluginJar : add pdm2pcm
2025-09-14 15:28:14,811 [INFO] IPUIPlugin:74 - create IPUIPlugin
2025-09-14 15:28:14,816 [INFO] PluginManager:213 - loadIPPluginJar : add plateformsettings
2025-09-14 15:28:14,818 [INFO] IPUIPlugin:74 - create IPUIPlugin
2025-09-14 15:28:14,818 [INFO] PluginManager:213 - loadIPPluginJar : add quadspi
2025-09-14 15:28:14,822 [INFO] IPUIPlugin:74 - create IPUIPlugin
2025-09-14 15:28:14,822 [INFO] PluginManager:213 - loadIPPluginJar : add resmgrutility
2025-09-14 15:28:14,825 [INFO] IPUIPlugin:74 - create IPUIPlugin
2025-09-14 15:28:14,826 [INFO] PluginManager:213 - loadIPPluginJar : add sai
2025-09-14 15:28:14,828 [INFO] IPUIPlugin:74 - create IPUIPlugin
2025-09-14 15:28:14,828 [INFO] PluginManager:213 - loadIPPluginJar : add spi
2025-09-14 15:28:14,841 [INFO] IPUIPlugin:74 - create IPUIPlugin
2025-09-14 15:28:14,841 [INFO] PluginManager:213 - loadIPPluginJar : add stm32_wpan
2025-09-14 15:28:14,843 [INFO] IPUIPlugin:74 - create IPUIPlugin
2025-09-14 15:28:14,844 [INFO] PluginManager:213 - loadIPPluginJar : add tim
2025-09-14 15:28:14,847 [INFO] IPUIPlugin:74 - create IPUIPlugin
2025-09-14 15:28:14,847 [INFO] PluginManager:213 - loadIPPluginJar : add touchsensing
2025-09-14 15:28:14,849 [INFO] IPUIPlugin:74 - create IPUIPlugin
2025-09-14 15:28:14,849 [INFO] PluginManager:213 - loadIPPluginJar : add tracer_emb
2025-09-14 15:28:14,851 [INFO] IPUIPlugin:74 - create IPUIPlugin
2025-09-14 15:28:14,851 [INFO] PluginManager:213 - loadIPPluginJar : add ts
2025-09-14 15:28:14,852 [INFO] IPUIPlugin:74 - create IPUIPlugin
2025-09-14 15:28:14,852 [INFO] PluginManager:213 - loadIPPluginJar : add tsc
2025-09-14 15:28:14,854 [INFO] IPUIPlugin:74 - create IPUIPlugin
2025-09-14 15:28:14,854 [INFO] PluginManager:213 - loadIPPluginJar : add ucpd
2025-09-14 15:28:14,856 [INFO] IPUIPlugin:74 - create IPUIPlugin
2025-09-14 15:28:14,856 [INFO] PluginManager:213 - loadIPPluginJar : add usart
2025-09-14 15:28:14,859 [INFO] IPUIPlugin:74 - create IPUIPlugin
2025-09-14 15:28:14,859 [INFO] PluginManager:213 - loadIPPluginJar : add usbx
2025-09-14 15:28:15,226 [FATAL] Updater:294 - Updater called before beeing initialized
2025-09-14 15:28:15,363 [FATAL] Updater:294 - Updater called before beeing initialized
2025-09-14 15:28:15,399 [INFO] DbMcusAds:47 - JSON generation date=Tue Jul 08 15:14:23 ICT 2025 (1751962463582)
2025-09-14 15:28:15,400 [FATAL] Updater:294 - Updater called before beeing initialized
2025-09-14 15:28:15,445 [WARN] DetailPanel:314 - Failed to get advertising image, set to default
2025-09-14 15:28:15,573 [FATAL] Updater:294 - Updater called before beeing initialized
2025-09-14 15:28:15,575 [FATAL] Updater:294 - Updater called before beeing initialized
2025-09-14 15:28:15,576 [FATAL] Updater:294 - Updater called before beeing initialized
2025-09-14 15:28:15,576 [WARN] DetailPanel:314 - Failed to get advertising image, set to default
2025-09-14 15:28:15,577 [FATAL] Updater:294 - Updater called before beeing initialized
2025-09-14 15:28:15,638 [ERROR] Updater:1075 - MainUpdater not yet initialized. External WinMGr cannot be set.
2025-09-14 15:28:15,640 [INFO] Updater:1012 - Updater Version found : 6.3.0
2025-09-14 15:28:15,665 [INFO] ApplicationProperties:181 - Using Application install path: D:\STM32CubeIDE_1.7.0\STM32CubeIDE\plugins\com.st.stm32cube.common.mx_6.3.0.202107141111
2025-09-14 15:28:15,873 [INFO] MainUpdater:2671 - connection check result : 10
2025-09-14 15:28:15,874 [INFO] MainUpdater:265 - Updater Check For Update Now.
2025-09-14 15:28:15,874 [INFO] MicroXplorer:478 - Change Database Version : DB.6.0.30
2025-09-14 15:28:16,058 [INFO] CheckServerUpdateThread:112 - End of CheckServer Thread
2025-09-14 15:28:16,102 [INFO] MainUpdater:2671 - connection check result : 10
2025-09-14 15:28:16,351 [INFO] McuFinderGlobals:52 - Set McuFinderConnectedMode to false
2025-09-14 15:28:16,469 [INFO] CrossSelectorPresenter:1330 - Cross Selector saved comparison directory: C:\Users\ACER\.stmcufinder\plugins\mcufinder\mcu\cs_comparisons_mx
2025-09-14 15:28:16,475 [INFO] MultiScanPanel:197 - Auto-refresh data requested => check proxy status ongoing
2025-09-14 15:28:16,476 [INFO] MultiScanPanel:201 - Proxy status is invalid
2025-09-14 15:28:16,498 [INFO] FinderPluginLoader:87 - Searching for filters in installed packs
2025-09-14 15:28:16,499 [INFO] DbMcusXml:100 - Load MCU database from D:\STM32CubeIDE_1.7.0\STM32CubeIDE\plugins\com.st.stm32cube.common.mx_6.3.0.202107141111\\db\/mcu/families.xml
2025-09-14 15:28:17,168 [INFO] ThirdParty:915 - Integrity check success = true
2025-09-14 15:28:17,168 [INFO] IntegrityCheckThread:94 - exiting critical section [integrity check]
2025-09-14 15:28:17,168 [INFO] IntegrityCheckThread:97 - End integrity checks thread
2025-09-14 15:28:17,492 [INFO] DbMcusJson:93 - JSON generation date=Tue Nov 16 23:17:54 ICT 2021 (1637079474)
2025-09-14 15:28:18,350 [INFO] DbMcus:175 - Found 1951 MCUs (1903 are supported by CubeMX, 1914 are visible in CubeMX)
2025-09-14 15:28:18,351 [INFO] ApiDb:251 - Load user favorites file C:\Users\ACER/.stm32cubeide/favorites.mcus.txt: 0 item(s)
2025-09-14 15:28:18,351 [INFO] ApiDb:255 - User favorites MCUs=[]
2025-09-14 15:28:18,351 [INFO] DbMcus:187 - Set 0 / 0 favorites MCUs
2025-09-14 15:28:19,044 [INFO] DetailPanel:309 - Set advertising image to C:/Users/ACER/STM32Cube/Repository/\en.2400x1350px.jpeg
2025-09-14 15:28:19,474 [INFO] DbBoardsPdsc:90 - Found 25 items
2025-09-14 15:28:19,477 [INFO] DbBoardsPdsc:90 - Found 9 items
2025-09-14 15:28:19,481 [INFO] DbBoardsPdsc:90 - Found 33 items
2025-09-14 15:28:19,483 [INFO] DbBoardsPdsc:90 - Found 1 items
2025-09-14 15:28:19,490 [INFO] DbBoardsPdsc:90 - Found 48 items
2025-09-14 15:28:19,497 [INFO] DbBoardsPdsc:90 - Found 43 items
2025-09-14 15:28:19,499 [INFO] DbBoardsPdsc:90 - Found 2 items
2025-09-14 15:28:19,501 [INFO] DbBoardsPdsc:90 - Found 5 items
2025-09-14 15:28:19,505 [WARN] DbBoardsPdsc:254 - Board STM32H7B3I-DK: unknown feature type=Audio, name=, username=Audio stereo codec with Headphone Amp (CS42L51-CNZ), n=1
2025-09-14 15:28:19,506 [WARN] DbBoardsPdsc:254 - Board STM32H735G-DK: unknown feature type=Audio, name=, username=Audio stereo codec with Headphone Amp (WM8994ECS/R), n=1
2025-09-14 15:28:19,507 [WARN] DbBoardsPdsc:254 - Board STM32H7B3I-EVAL: unknown feature type=Audio, name=, username=Multi-Channel Audio Codec (CS42L51-CNZ), n=1
2025-09-14 15:28:19,508 [WARN] DbBoardsPdsc:254 - Board STM32H7B3I-EVAL: unknown feature type=Meter, name=, username=Power-metering and Temperature-monitoring with sigma-delta modulators, n=1
2025-09-14 15:28:19,508 [WARN] DbBoardsPdsc:254 - Board STM32H7B3I-EVAL: unknown feature type=Motor, name=, username=Motor Control, n=1
2025-09-14 15:28:19,508 [WARN] DbBoardsPdsc:254 - Board STM32U575I-EV: unknown feature type=joystick, name=, username=4-direction joystick with selection button, n=1
2025-09-14 15:28:19,565 [INFO] DbBoardsJson:86 - JSON generation date=Tue Nov 16 23:17:54 ICT 2021 (1637079474)
2025-09-14 15:28:19,573 [INFO] DbBoards:117 - Found 167 boards (163 are supported by CubeMX)
2025-09-14 15:28:19,593 [INFO] DbBoardsDocs:143 - JSON generation date=Tue Nov 16 23:17:54 ICT 2021 (1637079474)
2025-09-14 15:28:19,597 [INFO] DbBoardsDocs:79 - Found 209 boards documents
2025-09-14 15:28:19,598 [WARN] DbBoards:127 - board B-L475E-IOT01A2 has no document id list !
2025-09-14 15:28:19,600 [WARN] DbBoards:127 - board NUCLEO-H743ZI has no document id list !
2025-09-14 15:28:19,601 [WARN] DbBoards:127 - board NUCLEO-WL55JC2 has no document id list !
2025-09-14 15:28:19,602 [WARN] DbBoards:127 - board P-NUCLEO-WB55-Nucleo has no document id list !
2025-09-14 15:28:19,602 [WARN] DbBoards:127 - board P-NUCLEO-WB55-USBDongle has no document id list !
2025-09-14 15:28:19,602 [WARN] DbBoards:127 - board STEVAL-BFA001V1B has no document id list !
2025-09-14 15:28:19,602 [WARN] DbBoards:127 - board STEVAL-BFA001V2B has no document id list !
2025-09-14 15:28:19,602 [WARN] DbBoards:127 - board STEVAL-IDP005V1 has no document id list !
2025-09-14 15:28:19,602 [WARN] DbBoards:127 - board STEVAL-IDP005V2 has no document id list !
2025-09-14 15:28:19,602 [WARN] DbBoards:127 - board STEVAL-MKSBOX1V1 has no document id list !
2025-09-14 15:28:19,602 [WARN] DbBoards:127 - board STEVAL-STWINKT1 has no document id list !
2025-09-14 15:28:19,602 [WARN] DbBoards:127 - board STEVAL-STWINKT1B has no document id list !
2025-09-14 15:28:19,603 [WARN] DbBoards:127 - board STM32439I-EVAL2 has no document id list !
2025-09-14 15:28:19,603 [WARN] DbBoards:127 - board STM32F401C-DISCO has no document id list !
2025-09-14 15:28:19,604 [WARN] DbBoards:127 - board STM32F769I-DISC1 has no document id list !
2025-09-14 15:28:19,605 [WARN] DbBoards:127 - board STM32G474E-EVAL1 has no document id list !
2025-09-14 15:28:19,606 [WARN] DbBoards:127 - board STM32H743I-EVAL2 has no document id list !
2025-09-14 15:28:19,606 [WARN] DbBoards:127 - board STM32H747I-DISC1 has no document id list !
2025-09-14 15:28:19,606 [WARN] DbBoards:127 - board STM32H753I-EVAL2 has no document id list !
2025-09-14 15:28:19,607 [WARN] DbBoards:127 - board STM32L-DISCOVERY has no document id list !
2025-09-14 15:28:19,771 [ERROR] DbBoards:189 - Image file not found for board B-U585I-IOT02A: D:\STM32CubeIDE_1.7.0\STM32CubeIDE\plugins\com.st.stm32cube.common.mx_6.3.0.202107141111\\db\/plugins/mcufinder/images/boards/B-U585I-IOT02A_small.jpg
2025-09-14 15:28:19,901 [ERROR] DbBoards:189 - Image file not found for board NUCLEO-F413ZH: D:\STM32CubeIDE_1.7.0\STM32CubeIDE\plugins\com.st.stm32cube.common.mx_6.3.0.202107141111\\db\/plugins/mcufinder/images/boards/nucleo-f413zh_small.jpg
2025-09-14 15:28:20,155 [ERROR] DbBoards:189 - Image file not found for board NUCLEO-L552ZE-Q: D:\STM32CubeIDE_1.7.0\STM32CubeIDE\plugins\com.st.stm32cube.common.mx_6.3.0.202107141111\\db\/plugins/mcufinder/images/boards/nucleo_l552ze_q_small.jpg
2025-09-14 15:28:20,155 [ERROR] DbBoards:189 - Image file not found for board NUCLEO-U575ZI-Q: D:\STM32CubeIDE_1.7.0\STM32CubeIDE\plugins\com.st.stm32cube.common.mx_6.3.0.202107141111\\db\/plugins/mcufinder/images/boards/nucleo-u575zi-q_small.jpg
2025-09-14 15:28:20,155 [ERROR] DbBoards:189 - Image file not found for board NUCLEO-WB15CC: D:\STM32CubeIDE_1.7.0\STM32CubeIDE\plugins\com.st.stm32cube.common.mx_6.3.0.202107141111\\db\/plugins/mcufinder/images/boards/nucleo-wb15cc_small.jpg
2025-09-14 15:28:20,156 [ERROR] DbBoards:189 - Image file not found for board NUCLEO-WB55RG: D:\STM32CubeIDE_1.7.0\STM32CubeIDE\plugins\com.st.stm32cube.common.mx_6.3.0.202107141111\\db\/plugins/mcufinder/images/boards/nucleo-wb55rg_small.jpg
2025-09-14 15:28:21,667 [INFO] ApiDb:251 - Load user favorites file C:\Users\ACER/.stm32cubeide/favorites.boards.txt: 0 item(s)
2025-09-14 15:28:21,667 [INFO] ApiDb:255 - User favorites Boards=[]
2025-09-14 15:28:21,667 [INFO] DbBoards:206 - Set 0 / 0 favorites Boards
2025-09-14 15:28:46,414 [INFO] DbMcusDocs:143 - JSON generation date=Tue Nov 16 23:17:54 ICT 2021 (1637079474)
2025-09-14 15:28:46,743 [INFO] DbMcusDocs:79 - Found 682 MCUs documents
2025-09-14 15:29:10,782 [INFO] MainUpdater:2671 - connection check result : 10
2025-09-14 15:29:10,784 [INFO] MainUpdater:2671 - connection check result : 10
2025-09-14 15:29:10,850 [INFO] MicroXplorer:448 - Change Database Path : 
2025-09-14 15:29:10,850 [INFO] MicroXplorer:478 - Change Database Version : DB.6.0.30
2025-09-14 15:29:10,851 [WARN] ThirdParty:813 - waiting for thirdparty lock release [close project]
2025-09-14 15:29:10,852 [INFO] ThirdParty:815 - entering critical section [close project]
2025-09-14 15:29:10,853 [INFO] ThirdParty:825 - exiting critical section [close project]
2025-09-14 15:29:10,862 [INFO] PinOutPanel:1463 - setPackage(No Configuration,No Configuration)
2025-09-14 15:29:10,863 [INFO] UtilMem:74 - Begin LoadConfig() Used Memory: 821851160 Bytes (924844032)
2025-09-14 15:29:10,864 [INFO] MicroXplorer:448 - Change Database Path : 
2025-09-14 15:29:10,865 [INFO] MicroXplorer:478 - Change Database Version : DB.6.0.30
2025-09-14 15:29:10,865 [INFO] OpenFileManager:313 - Change cursor
2025-09-14 15:29:11,737 [INFO] Context:592 - Trying to add GPIOservice into a context  which must be forbidden
2025-09-14 15:29:11,976 [INFO] ImportTextPane:167 - (OptionalMessage_ERROR) Unable to find key (Mcu.ThirdPartyNb) in loaded IOC file
2025-09-14 15:29:11,977 [INFO] ImportTextPane:167 - (OptionalMessage_ERROR) Unable to find key (Mcu.PinsNb) in loaded IOC file
2025-09-14 15:29:11,977 [INFO] ImportTextPane:167 - (OptionalMessage_ERROR) Unable to find key (Mcu.IPNb) in loaded IOC file
2025-09-14 15:29:12,027 [INFO] RtosManager:484 - Registered RTOS mode: class=CMSIS, group=RTOS, mode=CMSIS_V1, owner=FREERTOS
2025-09-14 15:29:12,028 [INFO] RtosManager:484 - Registered RTOS mode: class=CMSIS, group=RTOS2, mode=CMSIS_V2, owner=FREERTOS
2025-09-14 15:29:12,028 [INFO] RtosManager:484 - Registered RTOS mode: class=RTOS, group=Core, mode=CMSIS_V1, owner=FREERTOS
2025-09-14 15:29:12,028 [INFO] RtosManager:484 - Registered RTOS mode: class=RTOS, group=Core, mode=CMSIS_V2, owner=FREERTOS
2025-09-14 15:29:12,028 [WARN] ModelIntegratedComponent:181 - Missing modes for component STMicroelectronics:FreeRTOS:0.0.1:STMicroelectronics:RTOS:FreeRTOS:Core:::10.2.0:
2025-09-14 15:29:12,031 [WARN] ModelIntegratedComponent:60 - No mode defined for component null
2025-09-14 15:29:12,031 [WARN] ModelIntegratedComponent:60 - No mode defined for component null
2025-09-14 15:29:12,031 [WARN] ModelIntegratedComponent:60 - No mode defined for component null
2025-09-14 15:29:12,031 [WARN] ModelIntegratedComponent:60 - No mode defined for component null
2025-09-14 15:29:12,031 [WARN] ModelIntegratedComponent:60 - No mode defined for component null
2025-09-14 15:29:12,031 [WARN] ModelIntegratedComponent:60 - No mode defined for component null
2025-09-14 15:29:12,032 [WARN] ModelIntegratedComponent:60 - No mode defined for component null
2025-09-14 15:29:12,032 [WARN] ModelIntegratedComponent:60 - No mode defined for component null
2025-09-14 15:29:12,032 [WARN] ModelIntegratedComponent:60 - No mode defined for component null
2025-09-14 15:29:12,032 [WARN] ModelIntegratedComponent:60 - No mode defined for component null
2025-09-14 15:29:12,032 [WARN] ModelIntegratedComponent:60 - No mode defined for component null
2025-09-14 15:29:12,032 [WARN] ModelIntegratedComponent:60 - No mode defined for component null
2025-09-14 15:29:12,032 [WARN] ModelIntegratedComponent:60 - No mode defined for component null
2025-09-14 15:29:12,032 [WARN] ModelIntegratedComponent:60 - No mode defined for component null
2025-09-14 15:29:12,032 [WARN] ModelIntegratedComponent:60 - No mode defined for component null
2025-09-14 15:29:12,032 [WARN] ModelIntegratedComponent:60 - No mode defined for component null
2025-09-14 15:29:12,033 [WARN] ModelIntegratedComponent:60 - No mode defined for component null
2025-09-14 15:29:12,033 [WARN] ModelIntegratedComponent:60 - No mode defined for component null
2025-09-14 15:29:12,033 [WARN] ModelIntegratedComponent:60 - No mode defined for component null
2025-09-14 15:29:12,033 [WARN] ModelIntegratedComponent:60 - No mode defined for component null
2025-09-14 15:29:12,033 [WARN] ModelIntegratedComponent:60 - No mode defined for component null
2025-09-14 15:29:12,033 [WARN] ModelIntegratedComponent:60 - No mode defined for component null
2025-09-14 15:29:12,033 [WARN] ModelIntegratedComponent:60 - No mode defined for component null
2025-09-14 15:29:12,033 [WARN] ModelIntegratedComponent:60 - No mode defined for component null
2025-09-14 15:29:12,033 [WARN] ModelIntegratedComponent:60 - No mode defined for component null
2025-09-14 15:29:12,033 [WARN] ModelIntegratedComponent:60 - No mode defined for component null
2025-09-14 15:29:12,034 [WARN] ModelIntegratedComponent:60 - No mode defined for component null
2025-09-14 15:29:12,034 [WARN] ModelIntegratedComponent:60 - No mode defined for component null
2025-09-14 15:29:12,034 [WARN] ModelIntegratedComponent:60 - No mode defined for component null
2025-09-14 15:29:12,034 [WARN] ModelIntegratedComponent:60 - No mode defined for component null
2025-09-14 15:29:12,034 [WARN] ModelIntegratedComponent:60 - No mode defined for component null
2025-09-14 15:29:12,163 [INFO] UtilMem:74 - End LoadConfig() Used Memory: 855332056 Bytes (924844032)
2025-09-14 15:29:12,165 [WARN] ThirdParty:779 - waiting for thirdparty lock release [change project]
2025-09-14 15:29:12,165 [INFO] ThirdParty:781 - entering critical section [change project]
2025-09-14 15:29:12,165 [INFO] ThirdParty:967 - CMSIS Pack Vendor :STMicroelectronics USB_HOST 2.0.0
2025-09-14 15:29:12,165 [INFO] ThirdParty:967 - CMSIS Pack Vendor :STMicroelectronics FreeRTOS 0.0.1
2025-09-14 15:29:12,165 [INFO] ThirdParty:967 - CMSIS Pack Vendor :STMicroelectronics USB_DEVICE 1.0.0
2025-09-14 15:29:12,166 [INFO] ThirdParty:967 - CMSIS Pack Vendor :STMicroelectronics USB_DEVICE 3.0.0
2025-09-14 15:29:12,166 [INFO] ThirdParty:967 - CMSIS Pack Vendor :STMicroelectronics HAL Drivers 0.0.0
2025-09-14 15:29:12,166 [INFO] ThirdParty:967 - CMSIS Pack Vendor :STMicroelectronics MBEDTLS 2.16.2
2025-09-14 15:29:12,166 [INFO] ThirdParty:967 - CMSIS Pack Vendor :STMicroelectronics ThreadX 0.0.2
2025-09-14 15:29:12,166 [INFO] ThirdParty:967 - CMSIS Pack Vendor :STMicroelectronics lwIP 2.0.3
2025-09-14 15:29:12,166 [INFO] ThirdParty:967 - CMSIS Pack Vendor :STMicroelectronics lwIP 2.1.2
2025-09-14 15:29:12,166 [INFO] ThirdParty:967 - CMSIS Pack Vendor :STMicroelectronics MBEDTLS 2.14.1
2025-09-14 15:29:12,166 [INFO] ThirdParty:967 - CMSIS Pack Vendor :STMicroelectronics USB_HOST 1.0.0
2025-09-14 15:29:12,166 [INFO] ThirdParty:967 - CMSIS Pack Vendor :STMicroelectronics PDM2PCM 3.1.0
2025-09-14 15:29:12,166 [INFO] ThirdParty:967 - CMSIS Pack Vendor :STMicroelectronics PDM2PCM 3.2.0
2025-09-14 15:29:12,167 [INFO] ThirdParty:967 - CMSIS Pack Vendor :STMicroelectronics USB_DEVICE 2.0.0
2025-09-14 15:29:12,167 [INFO] ThirdParty:967 - CMSIS Pack Vendor :STMicroelectronics PDM2PCM 3.3.0
2025-09-14 15:29:12,167 [INFO] ThirdParty:787 - exiting critical section [change project]
2025-09-14 15:29:12,428 [INFO] PinOutPanel:1463 - setPackage(No Configuration,No Configuration)
2025-09-14 15:29:12,429 [INFO] PinOutPanel:1463 - setPackage(STM32F103C6Ux,UFQFPN48)
2025-09-14 15:29:12,878 [INFO] UtilMem:74 - Before build in PCC Used Memory: 814858744 Bytes (924844032)
2025-09-14 15:29:13,509 [INFO] UtilMem:74 - After build in PCC Used Memory: 816481136 Bytes (924844032)
2025-09-14 15:29:13,532 [INFO] IPUIPlugin:74 - create IPUIPlugin
2025-09-14 15:29:13,532 [INFO] IPUIPlugin:74 - create IPUIPlugin
2025-09-14 15:29:13,532 [INFO] IPUIPlugin:74 - create IPUIPlugin
2025-09-14 15:29:13,533 [INFO] IPUIPlugin:74 - create IPUIPlugin
2025-09-14 15:29:13,533 [INFO] IPUIPlugin:74 - create IPUIPlugin
2025-09-14 15:29:13,533 [INFO] IPUIPlugin:74 - create IPUIPlugin
2025-09-14 15:29:13,533 [INFO] IPUIPlugin:74 - create IPUIPlugin
2025-09-14 15:29:13,533 [INFO] IPUIPlugin:74 - create IPUIPlugin
2025-09-14 15:29:13,533 [INFO] IPUIPlugin:74 - create IPUIPlugin
2025-09-14 15:29:13,534 [INFO] IPUIPlugin:74 - create IPUIPlugin
2025-09-14 15:29:13,534 [INFO] IPUIPlugin:74 - create IPUIPlugin
2025-09-14 15:29:13,534 [INFO] IPUIPlugin:74 - create IPUIPlugin
2025-09-14 15:29:13,535 [INFO] IPUIPlugin:74 - create IPUIPlugin
2025-09-14 15:29:13,535 [INFO] IPUIPlugin:74 - create IPUIPlugin
2025-09-14 15:29:13,535 [INFO] IPUIPlugin:74 - create IPUIPlugin
2025-09-14 15:29:13,536 [INFO] IPUIPlugin:74 - create IPUIPlugin
2025-09-14 15:29:13,536 [INFO] IPUIPlugin:74 - create IPUIPlugin
2025-09-14 15:29:13,536 [INFO] IPUIPlugin:74 - create IPUIPlugin
2025-09-14 15:29:13,536 [INFO] IPUIPlugin:74 - create IPUIPlugin
2025-09-14 15:29:13,537 [INFO] IPUIPlugin:74 - create IPUIPlugin
2025-09-14 15:29:13,537 [INFO] IPUIPlugin:74 - create IPUIPlugin
2025-09-14 15:29:13,538 [INFO] IPUIPlugin:74 - create IPUIPlugin
2025-09-14 15:29:13,538 [INFO] IPUIPlugin:74 - create IPUIPlugin
2025-09-14 15:29:13,658 [INFO] OpenFileManager:333 - Restore cursor
2025-09-14 15:29:14,047 [INFO] UtilMem:74 - End SaveConfig() Used Memory: 841233912 Bytes (924844032)
2025-09-14 15:29:14,119 [INFO] UtilMem:74 - End SaveConfig() Used Memory: 814156952 Bytes (924844032)
2025-09-14 15:29:14,491 [INFO] BlockDiagram:2740 - set Specific Code input for plugin: NVIC
2025-09-14 15:29:14,492 [INFO] BlockDiagram:2740 - set Specific Code input for plugin: SYS
2025-09-14 15:29:14,492 [INFO] BlockDiagram:2740 - set Specific Code input for plugin: RCC
2025-09-14 15:29:14,493 [INFO] CodeGenerator:663 - code generatio: config db path: D:\STM32CubeIDE_1.7.0\STM32CubeIDE\plugins\com.st.stm32cube.common.mx_6.3.0.202107141111\\db\
2025-09-14 15:29:14,876 [INFO] CodeEngine:239 - oldGeneratedFile, D:\New folder (2)\LAB 1\Code\LAB 1.2\MXTmpFiles\license.tmp_save
2025-09-14 15:29:15,295 [INFO] CodeEngine:257 - Generated code: D:\New folder (2)\LAB 1\Code\LAB 1.2\MXTmpFiles\license.tmp
2025-09-14 15:29:15,430 [INFO] CodeEngine:239 - oldGeneratedFile, D:\New folder (2)\LAB 1\Code\LAB 1.2\Core\Src\stm32f1xx_it.c_save
2025-09-14 15:29:15,589 [INFO] CodeEngine:257 - Generated code: D:\New folder (2)\LAB 1\Code\LAB 1.2\Core\Src\stm32f1xx_it.c
2025-09-14 15:29:15,591 [INFO] CodeEngine:239 - oldGeneratedFile, D:\New folder (2)\LAB 1\Code\LAB 1.2\Core\Inc\stm32f1xx_it.h_save
2025-09-14 15:29:15,666 [INFO] CodeEngine:257 - Generated code: D:\New folder (2)\LAB 1\Code\LAB 1.2\Core\Inc\stm32f1xx_it.h
2025-09-14 15:29:15,675 [INFO] CodeEngine:239 - oldGeneratedFile, D:\New folder (2)\LAB 1\Code\LAB 1.2\Core\Src\stm32f1xx_hal_msp.c_save
2025-09-14 15:29:15,825 [INFO] CodeEngine:257 - Generated code: D:\New folder (2)\LAB 1\Code\LAB 1.2\Core\Src\stm32f1xx_hal_msp.c
2025-09-14 15:29:15,827 [INFO] CodeEngine:239 - oldGeneratedFile, D:\New folder (2)\LAB 1\Code\LAB 1.2\MXTmpFiles\system.tmp_save
2025-09-14 15:29:15,896 [INFO] CodeEngine:257 - Generated code: D:\New folder (2)\LAB 1\Code\LAB 1.2\MXTmpFiles\system.tmp
2025-09-14 15:29:15,903 [INFO] CodeEngine:239 - oldGeneratedFile, D:\New folder (2)\LAB 1\Code\LAB 1.2\Core\Inc\stm32f1xx_hal_conf.h_save
2025-09-14 15:29:16,050 [INFO] CodeEngine:257 - Generated code: D:\New folder (2)\LAB 1\Code\LAB 1.2\Core\Inc\stm32f1xx_hal_conf.h
2025-09-14 15:29:16,096 [INFO] CodeEngine:239 - oldGeneratedFile, D:\New folder (2)\LAB 1\Code\LAB 1.2\Core\Inc\main.h_save
2025-09-14 15:29:16,211 [INFO] CodeEngine:257 - Generated code: D:\New folder (2)\LAB 1\Code\LAB 1.2\Core\Inc\main.h
2025-09-14 15:29:16,214 [INFO] CodeEngine:239 - oldGeneratedFile, D:\New folder (2)\LAB 1\Code\LAB 1.2\Core\Src\main.c_save
2025-09-14 15:29:16,373 [INFO] CodeEngine:257 - Generated code: D:\New folder (2)\LAB 1\Code\LAB 1.2\Core\Src\main.c
2025-09-14 15:29:17,336 [INFO] ProjectBuilder:2578 - Time for Copy HAL[1] : 65mS.
2025-09-14 15:29:17,342 [INFO] ProjectBuilder:3622 - Project Generator version: 3.14.1
2025-09-14 15:29:17,829 [INFO] ConfigFileManager:1271 - The Die is : DIE412
2025-09-14 15:29:17,844 [INFO] ApiDbMcu:468 - Load IP Config File for FATFS
2025-09-14 15:29:17,903 [INFO] ApiDbMcu:468 - Load IP Config File for FREERTOS
2025-09-14 15:29:17,929 [INFO] ApiDbMcu:468 - Load IP Config File for USB_DEVICE
2025-09-14 15:29:20,738 [INFO] ProjectBuilder:3789 - Time for Generating toolchain IDE Files: 3397mS.
2025-09-14 15:29:20,739 [INFO] ProjectBuilder:2457 - Time for Copy CMSIS : 1mS.
2025-09-14 15:29:20,740 [INFO] ProjectBuilder:2457 - Time for Copy CMSIS : 0mS.
2025-09-14 15:29:21,895 [INFO] McuFinderGlobals:52 - Set McuFinderConnectedMode to true
2025-09-14 15:29:21,897 [INFO] ApiDb:276 - Save user favorites file C:\Users\ACER/.stm32cubeide/favorites.mcus.txt: 0 item(s)
2025-09-14 15:29:21,897 [INFO] ApiDb:280 - User favorites MCUs=[]
2025-09-14 15:32:40,155 [INFO] UtilMem:74 - End SaveConfig() Used Memory: 865031096 Bytes (1073741824)
2025-09-14 15:32:42,963 [INFO] UtilMem:74 - End SaveConfig() Used Memory: 905403320 Bytes (1073741824)
2025-09-14 15:32:45,672 [INFO] UtilMem:74 - End SaveConfig() Used Memory: 899964664 Bytes (1073741824)
2025-09-14 15:32:46,029 [INFO] BlockDiagram:2740 - set Specific Code input for plugin: NVIC
2025-09-14 15:32:46,029 [INFO] BlockDiagram:2740 - set Specific Code input for plugin: SYS
2025-09-14 15:32:46,029 [INFO] BlockDiagram:2740 - set Specific Code input for plugin: GPIO
2025-09-14 15:32:46,029 [INFO] BlockDiagram:2740 - set Specific Code input for plugin: RCC
2025-09-14 15:32:46,029 [INFO] CodeGenerator:663 - code generatio: config db path: D:\STM32CubeIDE_1.7.0\STM32CubeIDE\plugins\com.st.stm32cube.common.mx_6.3.0.202107141111\\db\
2025-09-14 15:32:46,399 [INFO] CodeEngine:239 - oldGeneratedFile, D:\New folder (2)\LAB 1\Code\LAB 1.2\MXTmpFiles\license.tmp_save
2025-09-14 15:32:46,496 [INFO] CodeEngine:257 - Generated code: D:\New folder (2)\LAB 1\Code\LAB 1.2\MXTmpFiles\license.tmp
2025-09-14 15:32:46,529 [INFO] CodeEngine:239 - oldGeneratedFile, D:\New folder (2)\LAB 1\Code\LAB 1.2\MXTmpFiles\gpio.tmp_save
2025-09-14 15:32:46,668 [INFO] CodeEngine:257 - Generated code: D:\New folder (2)\LAB 1\Code\LAB 1.2\MXTmpFiles\gpio.tmp
2025-09-14 15:32:46,707 [INFO] CodeEngine:239 - oldGeneratedFile, D:\New folder (2)\LAB 1\Code\LAB 1.2\Core\Src\stm32f1xx_it.c_save
2025-09-14 15:32:46,819 [INFO] CodeEngine:257 - Generated code: D:\New folder (2)\LAB 1\Code\LAB 1.2\Core\Src\stm32f1xx_it.c
2025-09-14 15:32:46,823 [INFO] CodeEngine:239 - oldGeneratedFile, D:\New folder (2)\LAB 1\Code\LAB 1.2\Core\Inc\stm32f1xx_it.h_save
2025-09-14 15:32:46,923 [INFO] CodeEngine:257 - Generated code: D:\New folder (2)\LAB 1\Code\LAB 1.2\Core\Inc\stm32f1xx_it.h
2025-09-14 15:32:46,949 [INFO] CodeEngine:239 - oldGeneratedFile, D:\New folder (2)\LAB 1\Code\LAB 1.2\Core\Src\stm32f1xx_hal_msp.c_save
2025-09-14 15:32:47,058 [INFO] CodeEngine:257 - Generated code: D:\New folder (2)\LAB 1\Code\LAB 1.2\Core\Src\stm32f1xx_hal_msp.c
2025-09-14 15:32:47,062 [INFO] CodeEngine:239 - oldGeneratedFile, D:\New folder (2)\LAB 1\Code\LAB 1.2\MXTmpFiles\system.tmp_save
2025-09-14 15:32:47,134 [INFO] CodeEngine:257 - Generated code: D:\New folder (2)\LAB 1\Code\LAB 1.2\MXTmpFiles\system.tmp
2025-09-14 15:32:47,153 [INFO] CodeEngine:239 - oldGeneratedFile, D:\New folder (2)\LAB 1\Code\LAB 1.2\Core\Inc\stm32f1xx_hal_conf.h_save
2025-09-14 15:32:47,280 [INFO] CodeEngine:257 - Generated code: D:\New folder (2)\LAB 1\Code\LAB 1.2\Core\Inc\stm32f1xx_hal_conf.h
2025-09-14 15:32:47,336 [INFO] CodeEngine:239 - oldGeneratedFile, D:\New folder (2)\LAB 1\Code\LAB 1.2\Core\Inc\main.h_save
2025-09-14 15:32:47,443 [INFO] CodeEngine:257 - Generated code: D:\New folder (2)\LAB 1\Code\LAB 1.2\Core\Inc\main.h
2025-09-14 15:32:47,467 [INFO] CodeEngine:239 - oldGeneratedFile, D:\New folder (2)\LAB 1\Code\LAB 1.2\Core\Src\main.c_save
2025-09-14 15:32:47,669 [INFO] CodeEngine:257 - Generated code: D:\New folder (2)\LAB 1\Code\LAB 1.2\Core\Src\main.c
2025-09-14 15:32:48,950 [INFO] ProjectBuilder:2578 - Time for Copy HAL[1] : 80mS.
2025-09-14 15:32:48,954 [INFO] ProjectBuilder:3622 - Project Generator version: 3.14.1
2025-09-14 15:32:49,499 [INFO] ConfigFileManager:1271 - The Die is : DIE412
2025-09-14 15:32:52,001 [INFO] ProjectBuilder:3789 - Time for Generating toolchain IDE Files: 3047mS.
2025-09-14 15:32:52,002 [INFO] ProjectBuilder:2457 - Time for Copy CMSIS : 1mS.
2025-09-14 15:32:52,003 [INFO] ProjectBuilder:2457 - Time for Copy CMSIS : 0mS.
2025-09-14 15:33:08,814 [INFO] MainUpdater:2671 - connection check result : 10
2025-09-14 15:33:08,814 [INFO] MainUpdater:2671 - connection check result : 10
2025-09-14 15:33:08,937 [INFO] MicroXplorer:448 - Change Database Path : 
2025-09-14 15:33:08,937 [INFO] MicroXplorer:478 - Change Database Version : DB.6.0.30
2025-09-14 15:33:08,937 [WARN] ThirdParty:813 - waiting for thirdparty lock release [close project]
2025-09-14 15:33:08,937 [INFO] ThirdParty:815 - entering critical section [close project]
2025-09-14 15:33:08,938 [INFO] ThirdParty:825 - exiting critical section [close project]
2025-09-14 15:33:08,938 [INFO] PinOutPanel:1463 - setPackage(No Configuration,No Configuration)
2025-09-14 15:33:08,948 [INFO] UtilMem:74 - Begin LoadConfig() Used Memory: 896478792 Bytes (1073741824)
2025-09-14 15:33:08,949 [INFO] MicroXplorer:448 - Change Database Path : 
2025-09-14 15:33:08,949 [INFO] MicroXplorer:478 - Change Database Version : DB.6.0.30
2025-09-14 15:33:08,949 [INFO] OpenFileManager:313 - Change cursor
2025-09-14 15:33:08,964 [INFO] RulesReader:57 - Compatibility file has been processed (242 Rules)
2025-09-14 15:33:09,514 [INFO] Context:592 - Trying to add GPIOservice into a context  which must be forbidden
2025-09-14 15:33:09,671 [INFO] RtosManager:484 - Registered RTOS mode: class=CMSIS, group=RTOS, mode=CMSIS_V1, owner=FREERTOS
2025-09-14 15:33:09,672 [INFO] RtosManager:484 - Registered RTOS mode: class=CMSIS, group=RTOS2, mode=CMSIS_V2, owner=FREERTOS
2025-09-14 15:33:09,672 [INFO] RtosManager:484 - Registered RTOS mode: class=RTOS, group=Core, mode=CMSIS_V1, owner=FREERTOS
2025-09-14 15:33:09,672 [INFO] RtosManager:484 - Registered RTOS mode: class=RTOS, group=Core, mode=CMSIS_V2, owner=FREERTOS
2025-09-14 15:33:09,672 [WARN] ModelIntegratedComponent:181 - Missing modes for component STMicroelectronics:FreeRTOS:0.0.1:STMicroelectronics:RTOS:FreeRTOS:Core:::10.2.0:
2025-09-14 15:33:09,672 [WARN] ModelIntegratedComponent:60 - No mode defined for component null
2025-09-14 15:33:09,672 [WARN] ModelIntegratedComponent:60 - No mode defined for component null
2025-09-14 15:33:09,673 [WARN] ModelIntegratedComponent:60 - No mode defined for component null
2025-09-14 15:33:09,673 [WARN] ModelIntegratedComponent:60 - No mode defined for component null
2025-09-14 15:33:09,673 [WARN] ModelIntegratedComponent:60 - No mode defined for component null
2025-09-14 15:33:09,673 [WARN] ModelIntegratedComponent:60 - No mode defined for component null
2025-09-14 15:33:09,673 [WARN] ModelIntegratedComponent:60 - No mode defined for component null
2025-09-14 15:33:09,673 [WARN] ModelIntegratedComponent:60 - No mode defined for component null
2025-09-14 15:33:09,673 [WARN] ModelIntegratedComponent:60 - No mode defined for component null
2025-09-14 15:33:09,673 [WARN] ModelIntegratedComponent:60 - No mode defined for component null
2025-09-14 15:33:09,673 [WARN] ModelIntegratedComponent:60 - No mode defined for component null
2025-09-14 15:33:09,673 [WARN] ModelIntegratedComponent:60 - No mode defined for component null
2025-09-14 15:33:09,674 [WARN] ModelIntegratedComponent:60 - No mode defined for component null
2025-09-14 15:33:09,674 [WARN] ModelIntegratedComponent:60 - No mode defined for component null
2025-09-14 15:33:09,674 [WARN] ModelIntegratedComponent:60 - No mode defined for component null
2025-09-14 15:33:09,674 [WARN] ModelIntegratedComponent:60 - No mode defined for component null
2025-09-14 15:33:09,674 [WARN] ModelIntegratedComponent:60 - No mode defined for component null
2025-09-14 15:33:09,674 [WARN] ModelIntegratedComponent:60 - No mode defined for component null
2025-09-14 15:33:09,674 [WARN] ModelIntegratedComponent:60 - No mode defined for component null
2025-09-14 15:33:09,674 [WARN] ModelIntegratedComponent:60 - No mode defined for component null
2025-09-14 15:33:09,674 [WARN] ModelIntegratedComponent:60 - No mode defined for component null
2025-09-14 15:33:09,674 [WARN] ModelIntegratedComponent:60 - No mode defined for component null
2025-09-14 15:33:09,674 [WARN] ModelIntegratedComponent:60 - No mode defined for component null
2025-09-14 15:33:09,675 [WARN] ModelIntegratedComponent:60 - No mode defined for component null
2025-09-14 15:33:09,675 [WARN] ModelIntegratedComponent:60 - No mode defined for component null
2025-09-14 15:33:09,675 [WARN] ModelIntegratedComponent:60 - No mode defined for component null
2025-09-14 15:33:09,675 [WARN] ModelIntegratedComponent:60 - No mode defined for component null
2025-09-14 15:33:09,675 [WARN] ModelIntegratedComponent:60 - No mode defined for component null
2025-09-14 15:33:09,675 [WARN] ModelIntegratedComponent:60 - No mode defined for component null
2025-09-14 15:33:09,675 [WARN] ModelIntegratedComponent:60 - No mode defined for component null
2025-09-14 15:33:09,675 [WARN] ModelIntegratedComponent:60 - No mode defined for component null
2025-09-14 15:33:09,801 [INFO] UtilMem:74 - End LoadConfig() Used Memory: 906383144 Bytes (1073741824)
2025-09-14 15:33:09,802 [WARN] ThirdParty:779 - waiting for thirdparty lock release [change project]
2025-09-14 15:33:09,802 [INFO] ThirdParty:781 - entering critical section [change project]
2025-09-14 15:33:09,802 [INFO] ThirdParty:967 - CMSIS Pack Vendor :STMicroelectronics USB_HOST 2.0.0
2025-09-14 15:33:09,802 [INFO] ThirdParty:967 - CMSIS Pack Vendor :STMicroelectronics FreeRTOS 0.0.1
2025-09-14 15:33:09,802 [INFO] ThirdParty:967 - CMSIS Pack Vendor :STMicroelectronics USB_DEVICE 1.0.0
2025-09-14 15:33:09,803 [INFO] ThirdParty:967 - CMSIS Pack Vendor :STMicroelectronics USB_DEVICE 3.0.0
2025-09-14 15:33:09,803 [INFO] ThirdParty:967 - CMSIS Pack Vendor :STMicroelectronics HAL Drivers 0.0.0
2025-09-14 15:33:09,803 [INFO] ThirdParty:967 - CMSIS Pack Vendor :STMicroelectronics MBEDTLS 2.16.2
2025-09-14 15:33:09,803 [INFO] ThirdParty:967 - CMSIS Pack Vendor :STMicroelectronics ThreadX 0.0.2
2025-09-14 15:33:09,803 [INFO] ThirdParty:967 - CMSIS Pack Vendor :STMicroelectronics lwIP 2.0.3
2025-09-14 15:33:09,803 [INFO] ThirdParty:967 - CMSIS Pack Vendor :STMicroelectronics lwIP 2.1.2
2025-09-14 15:33:09,803 [INFO] ThirdParty:967 - CMSIS Pack Vendor :STMicroelectronics MBEDTLS 2.14.1
2025-09-14 15:33:09,803 [INFO] ThirdParty:967 - CMSIS Pack Vendor :STMicroelectronics USB_HOST 1.0.0
2025-09-14 15:33:09,803 [INFO] ThirdParty:967 - CMSIS Pack Vendor :STMicroelectronics PDM2PCM 3.1.0
2025-09-14 15:33:09,803 [INFO] ThirdParty:967 - CMSIS Pack Vendor :STMicroelectronics PDM2PCM 3.2.0
2025-09-14 15:33:09,803 [INFO] ThirdParty:967 - CMSIS Pack Vendor :STMicroelectronics USB_DEVICE 2.0.0
2025-09-14 15:33:09,803 [INFO] ThirdParty:967 - CMSIS Pack Vendor :STMicroelectronics PDM2PCM 3.3.0
2025-09-14 15:33:09,803 [INFO] ThirdParty:787 - exiting critical section [change project]
2025-09-14 15:33:09,932 [INFO] PinOutPanel:1463 - setPackage(No Configuration,No Configuration)
2025-09-14 15:33:09,933 [INFO] PinOutPanel:1463 - setPackage(STM32F103C6Ux,UFQFPN48)
2025-09-14 15:33:10,174 [INFO] UtilMem:74 - Before build in PCC Used Memory: 897559312 Bytes (1073741824)
2025-09-14 15:33:10,419 [INFO] UtilMem:74 - After build in PCC Used Memory: 906404560 Bytes (1073741824)
2025-09-14 15:33:10,437 [INFO] IPUIPlugin:74 - create IPUIPlugin
2025-09-14 15:33:10,437 [INFO] IPUIPlugin:74 - create IPUIPlugin
2025-09-14 15:33:10,437 [INFO] IPUIPlugin:74 - create IPUIPlugin
2025-09-14 15:33:10,438 [INFO] IPUIPlugin:74 - create IPUIPlugin
2025-09-14 15:33:10,438 [INFO] IPUIPlugin:74 - create IPUIPlugin
2025-09-14 15:33:10,438 [INFO] IPUIPlugin:74 - create IPUIPlugin
2025-09-14 15:33:10,438 [INFO] IPUIPlugin:74 - create IPUIPlugin
2025-09-14 15:33:10,438 [INFO] IPUIPlugin:74 - create IPUIPlugin
2025-09-14 15:33:10,438 [INFO] IPUIPlugin:74 - create IPUIPlugin
2025-09-14 15:33:10,439 [INFO] IPUIPlugin:74 - create IPUIPlugin
2025-09-14 15:33:10,439 [INFO] IPUIPlugin:74 - create IPUIPlugin
2025-09-14 15:33:10,439 [INFO] IPUIPlugin:74 - create IPUIPlugin
2025-09-14 15:33:10,440 [INFO] IPUIPlugin:74 - create IPUIPlugin
2025-09-14 15:33:10,440 [INFO] IPUIPlugin:74 - create IPUIPlugin
2025-09-14 15:33:10,440 [INFO] IPUIPlugin:74 - create IPUIPlugin
2025-09-14 15:33:10,440 [INFO] IPUIPlugin:74 - create IPUIPlugin
2025-09-14 15:33:10,441 [INFO] IPUIPlugin:74 - create IPUIPlugin
2025-09-14 15:33:10,441 [INFO] IPUIPlugin:74 - create IPUIPlugin
2025-09-14 15:33:10,441 [INFO] IPUIPlugin:74 - create IPUIPlugin
2025-09-14 15:33:10,442 [INFO] IPUIPlugin:74 - create IPUIPlugin
2025-09-14 15:33:10,442 [INFO] IPUIPlugin:74 - create IPUIPlugin
2025-09-14 15:33:10,443 [INFO] IPUIPlugin:74 - create IPUIPlugin
2025-09-14 15:33:10,444 [INFO] IPUIPlugin:74 - create IPUIPlugin
2025-09-14 15:33:10,454 [INFO] OpenFileManager:333 - Restore cursor
2025-09-14 15:33:57,067 [INFO] MainUpdater:2671 - connection check result : 10
2025-09-14 15:33:57,069 [INFO] MainUpdater:2671 - connection check result : 10
2025-09-14 15:33:57,188 [INFO] MicroXplorer:448 - Change Database Path : 
2025-09-14 15:33:57,188 [INFO] MicroXplorer:478 - Change Database Version : DB.6.0.30
2025-09-14 15:33:57,188 [WARN] ThirdParty:813 - waiting for thirdparty lock release [close project]
2025-09-14 15:33:57,188 [INFO] ThirdParty:815 - entering critical section [close project]
2025-09-14 15:33:57,188 [INFO] ThirdParty:825 - exiting critical section [close project]
2025-09-14 15:33:57,189 [INFO] PinOutPanel:1463 - setPackage(No Configuration,No Configuration)
2025-09-14 15:33:57,190 [INFO] UtilMem:74 - Begin LoadConfig() Used Memory: 930325840 Bytes (1073741824)
2025-09-14 15:33:57,190 [INFO] MicroXplorer:448 - Change Database Path : 
2025-09-14 15:33:57,190 [INFO] MicroXplorer:478 - Change Database Version : DB.6.0.30
2025-09-14 15:33:57,190 [INFO] OpenFileManager:313 - Change cursor
2025-09-14 15:33:57,738 [INFO] Context:592 - Trying to add GPIOservice into a context  which must be forbidden
2025-09-14 15:33:57,884 [INFO] RtosManager:484 - Registered RTOS mode: class=CMSIS, group=RTOS, mode=CMSIS_V1, owner=FREERTOS
2025-09-14 15:33:57,885 [INFO] RtosManager:484 - Registered RTOS mode: class=CMSIS, group=RTOS2, mode=CMSIS_V2, owner=FREERTOS
2025-09-14 15:33:57,885 [INFO] RtosManager:484 - Registered RTOS mode: class=RTOS, group=Core, mode=CMSIS_V1, owner=FREERTOS
2025-09-14 15:33:57,885 [INFO] RtosManager:484 - Registered RTOS mode: class=RTOS, group=Core, mode=CMSIS_V2, owner=FREERTOS
2025-09-14 15:33:57,885 [WARN] ModelIntegratedComponent:181 - Missing modes for component STMicroelectronics:FreeRTOS:0.0.1:STMicroelectronics:RTOS:FreeRTOS:Core:::10.2.0:
2025-09-14 15:33:57,885 [WARN] ModelIntegratedComponent:60 - No mode defined for component null
2025-09-14 15:33:57,885 [WARN] ModelIntegratedComponent:60 - No mode defined for component null
2025-09-14 15:33:57,885 [WARN] ModelIntegratedComponent:60 - No mode defined for component null
2025-09-14 15:33:57,886 [WARN] ModelIntegratedComponent:60 - No mode defined for component null
2025-09-14 15:33:57,886 [WARN] ModelIntegratedComponent:60 - No mode defined for component null
2025-09-14 15:33:57,886 [WARN] ModelIntegratedComponent:60 - No mode defined for component null
2025-09-14 15:33:57,886 [WARN] ModelIntegratedComponent:60 - No mode defined for component null
2025-09-14 15:33:57,886 [WARN] ModelIntegratedComponent:60 - No mode defined for component null
2025-09-14 15:33:57,886 [WARN] ModelIntegratedComponent:60 - No mode defined for component null
2025-09-14 15:33:57,886 [WARN] ModelIntegratedComponent:60 - No mode defined for component null
2025-09-14 15:33:57,886 [WARN] ModelIntegratedComponent:60 - No mode defined for component null
2025-09-14 15:33:57,886 [WARN] ModelIntegratedComponent:60 - No mode defined for component null
2025-09-14 15:33:57,886 [WARN] ModelIntegratedComponent:60 - No mode defined for component null
2025-09-14 15:33:57,887 [WARN] ModelIntegratedComponent:60 - No mode defined for component null
2025-09-14 15:33:57,887 [WARN] ModelIntegratedComponent:60 - No mode defined for component null
2025-09-14 15:33:57,887 [WARN] ModelIntegratedComponent:60 - No mode defined for component null
2025-09-14 15:33:57,887 [WARN] ModelIntegratedComponent:60 - No mode defined for component null
2025-09-14 15:33:57,887 [WARN] ModelIntegratedComponent:60 - No mode defined for component null
2025-09-14 15:33:57,887 [WARN] ModelIntegratedComponent:60 - No mode defined for component null
2025-09-14 15:33:57,887 [WARN] ModelIntegratedComponent:60 - No mode defined for component null
2025-09-14 15:33:57,887 [WARN] ModelIntegratedComponent:60 - No mode defined for component null
2025-09-14 15:33:57,887 [WARN] ModelIntegratedComponent:60 - No mode defined for component null
2025-09-14 15:33:57,887 [WARN] ModelIntegratedComponent:60 - No mode defined for component null
2025-09-14 15:33:57,887 [WARN] ModelIntegratedComponent:60 - No mode defined for component null
2025-09-14 15:33:57,887 [WARN] ModelIntegratedComponent:60 - No mode defined for component null
2025-09-14 15:33:57,888 [WARN] ModelIntegratedComponent:60 - No mode defined for component null
2025-09-14 15:33:57,888 [WARN] ModelIntegratedComponent:60 - No mode defined for component null
2025-09-14 15:33:57,888 [WARN] ModelIntegratedComponent:60 - No mode defined for component null
2025-09-14 15:33:57,888 [WARN] ModelIntegratedComponent:60 - No mode defined for component null
2025-09-14 15:33:57,888 [WARN] ModelIntegratedComponent:60 - No mode defined for component null
2025-09-14 15:33:57,888 [WARN] ModelIntegratedComponent:60 - No mode defined for component null
2025-09-14 15:33:58,014 [INFO] UtilMem:74 - End LoadConfig() Used Memory: 929366864 Bytes (1073741824)
2025-09-14 15:33:58,016 [WARN] ThirdParty:779 - waiting for thirdparty lock release [change project]
2025-09-14 15:33:58,016 [INFO] ThirdParty:781 - entering critical section [change project]
2025-09-14 15:33:58,016 [INFO] ThirdParty:967 - CMSIS Pack Vendor :STMicroelectronics USB_HOST 2.0.0
2025-09-14 15:33:58,016 [INFO] ThirdParty:967 - CMSIS Pack Vendor :STMicroelectronics FreeRTOS 0.0.1
2025-09-14 15:33:58,016 [INFO] ThirdParty:967 - CMSIS Pack Vendor :STMicroelectronics USB_DEVICE 1.0.0
2025-09-14 15:33:58,016 [INFO] ThirdParty:967 - CMSIS Pack Vendor :STMicroelectronics USB_DEVICE 3.0.0
2025-09-14 15:33:58,016 [INFO] ThirdParty:967 - CMSIS Pack Vendor :STMicroelectronics HAL Drivers 0.0.0
2025-09-14 15:33:58,016 [INFO] ThirdParty:967 - CMSIS Pack Vendor :STMicroelectronics MBEDTLS 2.16.2
2025-09-14 15:33:58,016 [INFO] ThirdParty:967 - CMSIS Pack Vendor :STMicroelectronics ThreadX 0.0.2
2025-09-14 15:33:58,016 [INFO] ThirdParty:967 - CMSIS Pack Vendor :STMicroelectronics lwIP 2.0.3
2025-09-14 15:33:58,017 [INFO] ThirdParty:967 - CMSIS Pack Vendor :STMicroelectronics lwIP 2.1.2
2025-09-14 15:33:58,017 [INFO] ThirdParty:967 - CMSIS Pack Vendor :STMicroelectronics MBEDTLS 2.14.1
2025-09-14 15:33:58,017 [INFO] ThirdParty:967 - CMSIS Pack Vendor :STMicroelectronics USB_HOST 1.0.0
2025-09-14 15:33:58,017 [INFO] ThirdParty:967 - CMSIS Pack Vendor :STMicroelectronics PDM2PCM 3.1.0
2025-09-14 15:33:58,017 [INFO] ThirdParty:967 - CMSIS Pack Vendor :STMicroelectronics PDM2PCM 3.2.0
2025-09-14 15:33:58,017 [INFO] ThirdParty:967 - CMSIS Pack Vendor :STMicroelectronics USB_DEVICE 2.0.0
2025-09-14 15:33:58,017 [INFO] ThirdParty:967 - CMSIS Pack Vendor :STMicroelectronics PDM2PCM 3.3.0
2025-09-14 15:33:58,017 [INFO] ThirdParty:787 - exiting critical section [change project]
2025-09-14 15:33:58,122 [INFO] PinOutPanel:1463 - setPackage(No Configuration,No Configuration)
2025-09-14 15:33:58,123 [INFO] PinOutPanel:1463 - setPackage(STM32F103C6Ux,UFQFPN48)
2025-09-14 15:33:58,347 [INFO] UtilMem:74 - Before build in PCC Used Memory: 918859376 Bytes (1073741824)
2025-09-14 15:33:58,578 [INFO] UtilMem:74 - After build in PCC Used Memory: 942555888 Bytes (1073741824)
2025-09-14 15:33:58,599 [INFO] IPUIPlugin:74 - create IPUIPlugin
2025-09-14 15:33:58,600 [INFO] IPUIPlugin:74 - create IPUIPlugin
2025-09-14 15:33:58,600 [INFO] IPUIPlugin:74 - create IPUIPlugin
2025-09-14 15:33:58,600 [INFO] IPUIPlugin:74 - create IPUIPlugin
2025-09-14 15:33:58,601 [INFO] IPUIPlugin:74 - create IPUIPlugin
2025-09-14 15:33:58,601 [INFO] IPUIPlugin:74 - create IPUIPlugin
2025-09-14 15:33:58,601 [INFO] IPUIPlugin:74 - create IPUIPlugin
2025-09-14 15:33:58,601 [INFO] IPUIPlugin:74 - create IPUIPlugin
2025-09-14 15:33:58,602 [INFO] IPUIPlugin:74 - create IPUIPlugin
2025-09-14 15:33:58,602 [INFO] IPUIPlugin:74 - create IPUIPlugin
2025-09-14 15:33:58,602 [INFO] IPUIPlugin:74 - create IPUIPlugin
2025-09-14 15:33:58,603 [INFO] IPUIPlugin:74 - create IPUIPlugin
2025-09-14 15:33:58,603 [INFO] IPUIPlugin:74 - create IPUIPlugin
2025-09-14 15:33:58,604 [INFO] IPUIPlugin:74 - create IPUIPlugin
2025-09-14 15:33:58,604 [INFO] IPUIPlugin:74 - create IPUIPlugin
2025-09-14 15:33:58,605 [INFO] IPUIPlugin:74 - create IPUIPlugin
2025-09-14 15:33:58,605 [INFO] IPUIPlugin:74 - create IPUIPlugin
2025-09-14 15:33:58,606 [INFO] IPUIPlugin:74 - create IPUIPlugin
2025-09-14 15:33:58,607 [INFO] IPUIPlugin:74 - create IPUIPlugin
2025-09-14 15:33:58,607 [INFO] IPUIPlugin:74 - create IPUIPlugin
2025-09-14 15:33:58,608 [INFO] IPUIPlugin:74 - create IPUIPlugin
2025-09-14 15:33:58,609 [INFO] IPUIPlugin:74 - create IPUIPlugin
2025-09-14 15:33:58,609 [INFO] IPUIPlugin:74 - create IPUIPlugin
2025-09-14 15:33:58,622 [INFO] OpenFileManager:333 - Restore cursor
2025-09-14 15:39:19,327 [INFO] Gpio:254 - dependency for GPIO []
2025-09-14 15:43:11,829 [INFO] UtilMem:74 - End SaveConfig() Used Memory: 932473160 Bytes (1073741824)
2025-09-14 15:43:15,588 [INFO] UtilMem:74 - End SaveConfig() Used Memory: 962661392 Bytes (1073741824)
2025-09-14 15:43:15,906 [INFO] BlockDiagram:2740 - set Specific Code input for plugin: NVIC
2025-09-14 15:43:15,906 [INFO] BlockDiagram:2740 - set Specific Code input for plugin: SYS
2025-09-14 15:43:15,907 [INFO] BlockDiagram:2740 - set Specific Code input for plugin: GPIO
2025-09-14 15:43:15,907 [INFO] BlockDiagram:2740 - set Specific Code input for plugin: RCC
2025-09-14 15:43:15,907 [INFO] CodeGenerator:663 - code generatio: config db path: D:\STM32CubeIDE_1.7.0\STM32CubeIDE\plugins\com.st.stm32cube.common.mx_6.3.0.202107141111\\db\
2025-09-14 15:43:16,260 [INFO] CodeEngine:239 - oldGeneratedFile, D:\New folder (2)\LAB 1\Code\LAB 1.2\MXTmpFiles\license.tmp_save
2025-09-14 15:43:16,357 [INFO] CodeEngine:257 - Generated code: D:\New folder (2)\LAB 1\Code\LAB 1.2\MXTmpFiles\license.tmp
2025-09-14 15:43:16,397 [INFO] CodeEngine:239 - oldGeneratedFile, D:\New folder (2)\LAB 1\Code\LAB 1.2\MXTmpFiles\gpio.tmp_save
2025-09-14 15:43:16,533 [INFO] CodeEngine:257 - Generated code: D:\New folder (2)\LAB 1\Code\LAB 1.2\MXTmpFiles\gpio.tmp
2025-09-14 15:43:16,567 [INFO] CodeEngine:239 - oldGeneratedFile, D:\New folder (2)\LAB 1\Code\LAB 1.2\Core\Src\stm32f1xx_it.c_save
2025-09-14 15:43:16,698 [INFO] CodeEngine:257 - Generated code: D:\New folder (2)\LAB 1\Code\LAB 1.2\Core\Src\stm32f1xx_it.c
2025-09-14 15:43:16,704 [INFO] CodeEngine:239 - oldGeneratedFile, D:\New folder (2)\LAB 1\Code\LAB 1.2\Core\Inc\stm32f1xx_it.h_save
2025-09-14 15:43:16,778 [INFO] CodeEngine:257 - Generated code: D:\New folder (2)\LAB 1\Code\LAB 1.2\Core\Inc\stm32f1xx_it.h
2025-09-14 15:43:16,802 [INFO] CodeEngine:239 - oldGeneratedFile, D:\New folder (2)\LAB 1\Code\LAB 1.2\Core\Src\stm32f1xx_hal_msp.c_save
2025-09-14 15:43:16,922 [INFO] CodeEngine:257 - Generated code: D:\New folder (2)\LAB 1\Code\LAB 1.2\Core\Src\stm32f1xx_hal_msp.c
2025-09-14 15:43:16,925 [INFO] CodeEngine:239 - oldGeneratedFile, D:\New folder (2)\LAB 1\Code\LAB 1.2\MXTmpFiles\system.tmp_save
2025-09-14 15:43:16,988 [INFO] CodeEngine:257 - Generated code: D:\New folder (2)\LAB 1\Code\LAB 1.2\MXTmpFiles\system.tmp
2025-09-14 15:43:17,013 [INFO] CodeEngine:239 - oldGeneratedFile, D:\New folder (2)\LAB 1\Code\LAB 1.2\Core\Inc\stm32f1xx_hal_conf.h_save
2025-09-14 15:43:17,132 [INFO] CodeEngine:257 - Generated code: D:\New folder (2)\LAB 1\Code\LAB 1.2\Core\Inc\stm32f1xx_hal_conf.h
2025-09-14 15:43:17,196 [INFO] CodeEngine:239 - oldGeneratedFile, D:\New folder (2)\LAB 1\Code\LAB 1.2\Core\Inc\main.h_save
2025-09-14 15:43:17,309 [INFO] CodeEngine:257 - Generated code: D:\New folder (2)\LAB 1\Code\LAB 1.2\Core\Inc\main.h
2025-09-14 15:43:17,324 [INFO] CodeEngine:239 - oldGeneratedFile, D:\New folder (2)\LAB 1\Code\LAB 1.2\Core\Src\main.c_save
2025-09-14 15:43:17,473 [INFO] CodeEngine:257 - Generated code: D:\New folder (2)\LAB 1\Code\LAB 1.2\Core\Src\main.c
2025-09-14 15:43:18,766 [INFO] ProjectBuilder:2578 - Time for Copy HAL[1] : 75mS.
2025-09-14 15:43:18,770 [INFO] ProjectBuilder:3622 - Project Generator version: 3.14.1
2025-09-14 15:43:19,304 [INFO] ConfigFileManager:1271 - The Die is : DIE412
2025-09-14 15:43:19,312 [INFO] ApiDbMcu:468 - Load IP Config File for FATFS
2025-09-14 15:43:19,343 [INFO] ApiDbMcu:468 - Load IP Config File for FREERTOS
2025-09-14 15:43:19,370 [INFO] ApiDbMcu:468 - Load IP Config File for USB_DEVICE
2025-09-14 15:43:21,686 [INFO] ProjectBuilder:3789 - Time for Generating toolchain IDE Files: 2916mS.
2025-09-14 15:43:21,687 [INFO] ProjectBuilder:2457 - Time for Copy CMSIS : 0mS.
2025-09-14 15:43:21,688 [INFO] ProjectBuilder:2457 - Time for Copy CMSIS : 0mS.
2025-09-14 16:34:50,084 [INFO] UtilMem:74 - End SaveConfig() Used Memory: 928535264 Bytes (1073741824)
2025-09-14 16:34:51,577 [INFO] UtilMem:74 - End SaveConfig() Used Memory: 915865704 Bytes (1073741824)
2025-09-14 16:34:52,993 [INFO] UtilMem:74 - End SaveConfig() Used Memory: 924853936 Bytes (1073741824)
2025-09-14 16:34:53,391 [INFO] BlockDiagram:2740 - set Specific Code input for plugin: NVIC
2025-09-14 16:34:53,391 [INFO] BlockDiagram:2740 - set Specific Code input for plugin: SYS
2025-09-14 16:34:53,391 [INFO] BlockDiagram:2740 - set Specific Code input for plugin: GPIO
2025-09-14 16:34:53,391 [INFO] BlockDiagram:2740 - set Specific Code input for plugin: RCC
2025-09-14 16:34:53,392 [INFO] CodeGenerator:663 - code generatio: config db path: D:\STM32CubeIDE_1.7.0\STM32CubeIDE\plugins\com.st.stm32cube.common.mx_6.3.0.202107141111\\db\
2025-09-14 16:34:53,720 [INFO] CodeEngine:239 - oldGeneratedFile, D:\New folder (2)\LAB 1\Code\LAB 1.2\MXTmpFiles\license.tmp_save
2025-09-14 16:34:53,815 [INFO] CodeEngine:257 - Generated code: D:\New folder (2)\LAB 1\Code\LAB 1.2\MXTmpFiles\license.tmp
2025-09-14 16:34:53,829 [INFO] CodeEngine:239 - oldGeneratedFile, D:\New folder (2)\LAB 1\Code\LAB 1.2\MXTmpFiles\gpio.tmp_save
2025-09-14 16:34:53,935 [INFO] CodeEngine:257 - Generated code: D:\New folder (2)\LAB 1\Code\LAB 1.2\MXTmpFiles\gpio.tmp
2025-09-14 16:34:53,974 [INFO] CodeEngine:239 - oldGeneratedFile, D:\New folder (2)\LAB 1\Code\LAB 1.2\Core\Src\stm32f1xx_it.c_save
2025-09-14 16:34:54,126 [INFO] CodeEngine:257 - Generated code: D:\New folder (2)\LAB 1\Code\LAB 1.2\Core\Src\stm32f1xx_it.c
2025-09-14 16:34:54,143 [INFO] CodeEngine:239 - oldGeneratedFile, D:\New folder (2)\LAB 1\Code\LAB 1.2\Core\Inc\stm32f1xx_it.h_save
2025-09-14 16:34:54,527 [INFO] CodeEngine:257 - Generated code: D:\New folder (2)\LAB 1\Code\LAB 1.2\Core\Inc\stm32f1xx_it.h
2025-09-14 16:34:54,548 [INFO] CodeEngine:239 - oldGeneratedFile, D:\New folder (2)\LAB 1\Code\LAB 1.2\Core\Src\stm32f1xx_hal_msp.c_save
2025-09-14 16:34:54,665 [INFO] CodeEngine:257 - Generated code: D:\New folder (2)\LAB 1\Code\LAB 1.2\Core\Src\stm32f1xx_hal_msp.c
2025-09-14 16:34:54,667 [INFO] CodeEngine:239 - oldGeneratedFile, D:\New folder (2)\LAB 1\Code\LAB 1.2\MXTmpFiles\system.tmp_save
2025-09-14 16:34:54,733 [INFO] CodeEngine:257 - Generated code: D:\New folder (2)\LAB 1\Code\LAB 1.2\MXTmpFiles\system.tmp
2025-09-14 16:34:54,749 [INFO] CodeEngine:239 - oldGeneratedFile, D:\New folder (2)\LAB 1\Code\LAB 1.2\Core\Inc\stm32f1xx_hal_conf.h_save
2025-09-14 16:34:54,869 [INFO] CodeEngine:257 - Generated code: D:\New folder (2)\LAB 1\Code\LAB 1.2\Core\Inc\stm32f1xx_hal_conf.h
2025-09-14 16:34:54,914 [INFO] CodeEngine:239 - oldGeneratedFile, D:\New folder (2)\LAB 1\Code\LAB 1.2\Core\Inc\main.h_save
2025-09-14 16:34:55,018 [INFO] CodeEngine:257 - Generated code: D:\New folder (2)\LAB 1\Code\LAB 1.2\Core\Inc\main.h
2025-09-14 16:34:55,037 [INFO] CodeEngine:239 - oldGeneratedFile, D:\New folder (2)\LAB 1\Code\LAB 1.2\Core\Src\main.c_save
2025-09-14 16:34:55,213 [INFO] CodeEngine:257 - Generated code: D:\New folder (2)\LAB 1\Code\LAB 1.2\Core\Src\main.c
2025-09-14 16:34:56,103 [INFO] ProjectBuilder:2578 - Time for Copy HAL[1] : 71mS.
2025-09-14 16:34:56,107 [INFO] ProjectBuilder:3622 - Project Generator version: 3.14.1
2025-09-14 16:34:56,950 [INFO] ConfigFileManager:1271 - The Die is : DIE412
2025-09-14 16:34:59,030 [INFO] ProjectBuilder:3789 - Time for Generating toolchain IDE Files: 2923mS.
2025-09-14 16:34:59,031 [INFO] ProjectBuilder:2457 - Time for Copy CMSIS : 0mS.
2025-09-14 16:34:59,033 [INFO] ProjectBuilder:2457 - Time for Copy CMSIS : 0mS.
2025-09-15 07:43:16,047 [INFO] Activator:177 - 


2025-09-15 07:43:16,049 [INFO] Activator:178 - !SESSION log4j initialized
2025-09-15 07:43:38,369 [INFO] McuFinderGlobals:39 - Set McuFinder mode to 2 (CubeIDE integrated)
2025-09-15 07:43:39,229 [INFO] ApplicationProperties:181 - Using Application install path: D:\STM32CubeIDE_1.7.0\STM32CubeIDE\plugins\com.st.stm32cube.common.mx_6.3.0.202107141111
2025-09-15 07:43:39,245 [INFO] DbMcusXml:74 - Set database path to: D:\STM32CubeIDE_1.7.0\STM32CubeIDE\plugins\com.st.stm32cube.common.mx_6.3.0.202107141111\\db\/mcu/
2025-09-15 07:43:39,250 [INFO] DbBoardsPdsc:56 - Set plugin database path to: D:\STM32CubeIDE_1.7.0\STM32CubeIDE\plugins\com.st.stm32cube.common.mx_6.3.0.202107141111\\db\/plugins/boardmanager/
2025-09-15 07:43:39,250 [INFO] DbMcus:258 - Set plugin images path to: D:\STM32CubeIDE_1.7.0\STM32CubeIDE\plugins\com.st.stm32cube.common.mx_6.3.0.202107141111\\db\/plugins/mcufinder/images/
2025-09-15 07:43:39,250 [INFO] DbBoards:264 - Set plugin images path to: D:\STM32CubeIDE_1.7.0\STM32CubeIDE\plugins\com.st.stm32cube.common.mx_6.3.0.202107141111\\db\/plugins/mcufinder/images/
2025-09-15 07:43:39,254 [INFO] DbExamples:333 - Set plugin images path to: D:\STM32CubeIDE_1.7.0\STM32CubeIDE\plugins\com.st.stm32cube.common.mx_6.3.0.202107141111\\db\/plugins/mcufinder/images/
2025-09-15 07:43:39,263 [INFO] DbMcusAds:119 - Set database path to: C:\Users\ACER\.stmcufinder\plugins\mcufinder//mcu/
2025-09-15 07:43:39,264 [INFO] DbMcusDocs:110 - Set database path to: C:\Users\ACER\.stmcufinder\plugins\mcufinder//mcu/
2025-09-15 07:43:39,267 [INFO] DbMcusJson:64 - Set database path to: C:\Users\ACER\.stmcufinder\plugins\mcufinder//mcu/
2025-09-15 07:43:39,268 [INFO] DbBoardsDocs:110 - Set database path to: C:\Users\ACER\.stmcufinder\plugins\mcufinder//mcu/
2025-09-15 07:43:39,269 [INFO] DbBoardsJson:57 - Set database path to: C:\Users\ACER\.stmcufinder\plugins\mcufinder//mcu/
2025-09-15 07:43:39,283 [INFO] CrossReferenceDbSqlite:196 - Set database path to: C:\Users\ACER\.stmcufinder\plugins\mcufinder//mcu/cs/
2025-09-15 07:43:39,287 [INFO] DbExamplesSqlite:767 - Set database path to: C:\Users\ACER\.stmcufinder\plugins\mcufinder//mcu/
2025-09-15 07:43:39,411 [INFO] RulesReader:57 - Compatibility file has been processed (242 Rules)
2025-09-15 07:43:39,518 [INFO] DbMcusXml:74 - Set database path to: D:\STM32CubeIDE_1.7.0\STM32CubeIDE\plugins\com.st.stm32cube.common.mx_6.3.0.202107141111\\db\/mcu/
2025-09-15 07:43:39,519 [INFO] DbBoardsPdsc:56 - Set plugin database path to: D:\STM32CubeIDE_1.7.0\STM32CubeIDE\plugins\com.st.stm32cube.common.mx_6.3.0.202107141111\\db\/plugins/boardmanager/
2025-09-15 07:43:39,519 [INFO] DbMcus:258 - Set plugin images path to: D:\STM32CubeIDE_1.7.0\STM32CubeIDE\plugins\com.st.stm32cube.common.mx_6.3.0.202107141111\\db\/plugins/mcufinder/images/
2025-09-15 07:43:39,519 [INFO] DbBoards:264 - Set plugin images path to: D:\STM32CubeIDE_1.7.0\STM32CubeIDE\plugins\com.st.stm32cube.common.mx_6.3.0.202107141111\\db\/plugins/mcufinder/images/
2025-09-15 07:43:39,519 [INFO] DbExamples:333 - Set plugin images path to: D:\STM32CubeIDE_1.7.0\STM32CubeIDE\plugins\com.st.stm32cube.common.mx_6.3.0.202107141111\\db\/plugins/mcufinder/images/
2025-09-15 07:43:39,519 [WARN] DbFile:35 - Overriding database path with different value: C:\Users\ACER\.stmcufinder\plugins\mcufinder/ => C:\Users\ACER\.stmcufinder\plugins\mcufinder
2025-09-15 07:43:39,519 [INFO] DbMcusAds:119 - Set database path to: C:\Users\ACER\.stmcufinder\plugins\mcufinder//mcu/
2025-09-15 07:43:39,519 [WARN] DbFile:35 - Overriding database path with different value: C:\Users\ACER\.stmcufinder\plugins\mcufinder/ => C:\Users\ACER\.stmcufinder\plugins\mcufinder
2025-09-15 07:43:39,519 [INFO] DbMcusDocs:110 - Set database path to: C:\Users\ACER\.stmcufinder\plugins\mcufinder//mcu/
2025-09-15 07:43:39,519 [WARN] DbFile:35 - Overriding database path with different value: C:\Users\ACER\.stmcufinder\plugins\mcufinder/ => C:\Users\ACER\.stmcufinder\plugins\mcufinder
2025-09-15 07:43:39,520 [INFO] DbMcusJson:64 - Set database path to: C:\Users\ACER\.stmcufinder\plugins\mcufinder//mcu/
2025-09-15 07:43:39,520 [WARN] DbFile:35 - Overriding database path with different value: C:\Users\ACER\.stmcufinder\plugins\mcufinder/ => C:\Users\ACER\.stmcufinder\plugins\mcufinder
2025-09-15 07:43:39,520 [INFO] DbBoardsDocs:110 - Set database path to: C:\Users\ACER\.stmcufinder\plugins\mcufinder//mcu/
2025-09-15 07:43:39,520 [WARN] DbFile:35 - Overriding database path with different value: C:\Users\ACER\.stmcufinder\plugins\mcufinder/ => C:\Users\ACER\.stmcufinder\plugins\mcufinder
2025-09-15 07:43:39,520 [INFO] DbBoardsJson:57 - Set database path to: C:\Users\ACER\.stmcufinder\plugins\mcufinder//mcu/
2025-09-15 07:43:39,520 [WARN] DbFile:35 - Overriding database path with different value: C:\Users\ACER\.stmcufinder\plugins\mcufinder/ => C:\Users\ACER\.stmcufinder\plugins\mcufinder
2025-09-15 07:43:39,520 [WARN] DbFile:35 - Overriding database path with different value: C:\Users\ACER\.stmcufinder\plugins\mcufinder/ => C:\Users\ACER\.stmcufinder\plugins\mcufinder
2025-09-15 07:43:39,520 [INFO] CrossReferenceDbSqlite:196 - Set database path to: C:\Users\ACER\.stmcufinder\plugins\mcufinder//mcu/cs/
2025-09-15 07:43:39,521 [WARN] DbFile:35 - Overriding database path with different value: C:\Users\ACER\.stmcufinder\plugins\mcufinder/ => C:\Users\ACER\.stmcufinder\plugins\mcufinder
2025-09-15 07:43:39,521 [INFO] DbExamplesSqlite:767 - Set database path to: C:\Users\ACER\.stmcufinder\plugins\mcufinder//mcu/
2025-09-15 07:43:39,600 [INFO] MainPanel:214 - HeapMemory: 268435456
2025-09-15 07:43:39,747 [INFO] DbMcusXml:74 - Set database path to: D:\STM32CubeIDE_1.7.0\STM32CubeIDE\plugins\com.st.stm32cube.common.mx_6.3.0.202107141111\\db\/mcu/
2025-09-15 07:43:39,747 [INFO] DbBoardsPdsc:56 - Set plugin database path to: D:\STM32CubeIDE_1.7.0\STM32CubeIDE\plugins\com.st.stm32cube.common.mx_6.3.0.202107141111\\db\/plugins/boardmanager/
2025-09-15 07:43:39,747 [INFO] DbMcus:258 - Set plugin images path to: D:\STM32CubeIDE_1.7.0\STM32CubeIDE\plugins\com.st.stm32cube.common.mx_6.3.0.202107141111\\db\/plugins/mcufinder/images/
2025-09-15 07:43:39,747 [INFO] DbBoards:264 - Set plugin images path to: D:\STM32CubeIDE_1.7.0\STM32CubeIDE\plugins\com.st.stm32cube.common.mx_6.3.0.202107141111\\db\/plugins/mcufinder/images/
2025-09-15 07:43:39,748 [INFO] DbExamples:333 - Set plugin images path to: D:\STM32CubeIDE_1.7.0\STM32CubeIDE\plugins\com.st.stm32cube.common.mx_6.3.0.202107141111\\db\/plugins/mcufinder/images/
2025-09-15 07:43:39,749 [WARN] DbFile:35 - Overriding database path with different value: C:\Users\ACER\.stmcufinder\plugins\mcufinder/ => C:\Users\ACER\.stmcufinder\plugins\mcufinder
2025-09-15 07:43:39,749 [INFO] DbMcusAds:119 - Set database path to: C:\Users\ACER\.stmcufinder\plugins\mcufinder//mcu/
2025-09-15 07:43:39,749 [WARN] DbFile:35 - Overriding database path with different value: C:\Users\ACER\.stmcufinder\plugins\mcufinder/ => C:\Users\ACER\.stmcufinder\plugins\mcufinder
2025-09-15 07:43:39,749 [INFO] DbMcusDocs:110 - Set database path to: C:\Users\ACER\.stmcufinder\plugins\mcufinder//mcu/
2025-09-15 07:43:39,750 [WARN] DbFile:35 - Overriding database path with different value: C:\Users\ACER\.stmcufinder\plugins\mcufinder/ => C:\Users\ACER\.stmcufinder\plugins\mcufinder
2025-09-15 07:43:39,750 [INFO] DbMcusJson:64 - Set database path to: C:\Users\ACER\.stmcufinder\plugins\mcufinder//mcu/
2025-09-15 07:43:39,750 [WARN] DbFile:35 - Overriding database path with different value: C:\Users\ACER\.stmcufinder\plugins\mcufinder/ => C:\Users\ACER\.stmcufinder\plugins\mcufinder
2025-09-15 07:43:39,750 [INFO] DbBoardsDocs:110 - Set database path to: C:\Users\ACER\.stmcufinder\plugins\mcufinder//mcu/
2025-09-15 07:43:39,750 [WARN] DbFile:35 - Overriding database path with different value: C:\Users\ACER\.stmcufinder\plugins\mcufinder/ => C:\Users\ACER\.stmcufinder\plugins\mcufinder
2025-09-15 07:43:39,750 [INFO] DbBoardsJson:57 - Set database path to: C:\Users\ACER\.stmcufinder\plugins\mcufinder//mcu/
2025-09-15 07:43:39,750 [WARN] DbFile:35 - Overriding database path with different value: C:\Users\ACER\.stmcufinder\plugins\mcufinder/ => C:\Users\ACER\.stmcufinder\plugins\mcufinder
2025-09-15 07:43:39,751 [WARN] DbFile:35 - Overriding database path with different value: C:\Users\ACER\.stmcufinder\plugins\mcufinder/ => C:\Users\ACER\.stmcufinder\plugins\mcufinder
2025-09-15 07:43:39,751 [INFO] CrossReferenceDbSqlite:196 - Set database path to: C:\Users\ACER\.stmcufinder\plugins\mcufinder//mcu/cs/
2025-09-15 07:43:39,751 [WARN] DbFile:35 - Overriding database path with different value: C:\Users\ACER\.stmcufinder\plugins\mcufinder/ => C:\Users\ACER\.stmcufinder\plugins\mcufinder
2025-09-15 07:43:39,751 [INFO] DbExamplesSqlite:767 - Set database path to: C:\Users\ACER\.stmcufinder\plugins\mcufinder//mcu/
2025-09-15 07:43:39,775 [INFO] ApplicationProperties:181 - Using Application install path: D:\STM32CubeIDE_1.7.0\STM32CubeIDE\plugins\com.st.stm32cube.common.mx_6.3.0.202107141111
2025-09-15 07:43:39,777 [INFO] PluginManage:188 - Search for loadable plugins [exclusion list=, ]
2025-09-15 07:43:39,779 [INFO] PluginManage:302 - Check plugin analytics
2025-09-15 07:43:39,999 [INFO] AnalyticsPlugin:257 - Accepted Software Licenses: 
2025-09-15 07:43:39,999 [INFO] AnalyticsPlugin:259 - Accepted CMSIS Pack Licenses: 
2025-09-15 07:43:39,999 [INFO] AnalyticsPlugin:261 - Accepted Firmware Licenses: 
2025-09-15 07:43:40,000 [INFO] PluginManage:352 - Loaded plugin analytics (category:tool,tabindex:-1)
2025-09-15 07:43:40,000 [INFO] PluginManage:302 - Check plugin clock
2025-09-15 07:43:40,032 [INFO] PluginManage:352 - Loaded plugin clock (category:base,tabindex:2)
2025-09-15 07:43:40,032 [INFO] PluginManage:302 - Check plugin ddr
2025-09-15 07:43:40,034 [INFO] PluginManage:352 - Loaded plugin ddr (category:tool,tabindex:6)
2025-09-15 07:43:40,034 [INFO] PluginManage:302 - Check plugin filemanager
2025-09-15 07:43:40,173 [INFO] PluginManage:352 - Loaded plugin filemanager (category:base,tabindex:10)
2025-09-15 07:43:40,173 [INFO] PluginManage:302 - Check plugin ipmanager
2025-09-15 07:43:40,183 [INFO] PluginManage:352 - Loaded plugin ipmanager (category:base,tabindex:5)
2025-09-15 07:43:40,183 [INFO] PluginManage:302 - Check plugin pinoutandconfiguration
2025-09-15 07:43:40,209 [INFO] PluginManage:352 - Loaded plugin pinoutandconfiguration (category:base,tabindex:1)
2025-09-15 07:43:40,209 [INFO] PluginManage:302 - Check plugin pinoutconfig
2025-09-15 07:43:40,254 [INFO] PluginManage:352 - Loaded plugin pinoutconfig (category:base,tabindex:0)
2025-09-15 07:43:40,254 [INFO] PluginManage:302 - Check plugin power
2025-09-15 07:43:40,284 [INFO] PluginManage:352 - Loaded plugin power (category:power,tabindex:4)
2025-09-15 07:43:40,285 [INFO] PluginManage:302 - Check plugin projectmanager
2025-09-15 07:43:40,301 [INFO] PluginManage:352 - Loaded plugin projectmanager (category:projectmanager,tabindex:3)
2025-09-15 07:43:40,301 [INFO] PluginManage:302 - Check plugin thirdparty
2025-09-15 07:43:40,650 [INFO] PluginManage:352 - Loaded plugin thirdparty (category:base,tabindex:-1)
2025-09-15 07:43:40,651 [INFO] PluginManage:302 - Check plugin tools
2025-09-15 07:43:40,651 [WARN] IntegrityCheckThread:78 - waiting for thirdparty lock release [integrity check]
2025-09-15 07:43:40,652 [INFO] IntegrityCheckThread:80 - entering critical section [integrity check]
2025-09-15 07:43:40,652 [INFO] ThirdPartyUpdaterWithRetryManager:66 - Updater plugin not ready yet. [1/15]
2025-09-15 07:43:40,749 [INFO] PluginManage:352 - Loaded plugin tools (category:base,tabindex:7)
2025-09-15 07:43:40,750 [INFO] PluginManage:302 - Check plugin tutovideos
2025-09-15 07:43:41,030 [INFO] PluginManage:352 - Loaded plugin tutovideos (category:base,tabindex:-1)
2025-09-15 07:43:41,030 [INFO] PluginManage:302 - Check plugin updater
2025-09-15 07:43:41,044 [INFO] PluginManage:352 - Loaded plugin updater (category:base,tabindex:12)
2025-09-15 07:43:41,045 [INFO] PluginManage:275 - PluginManage : Loaded plugins [13]
2025-09-15 07:43:41,241 [INFO] PinOutPanel:1463 - setPackage(No Configuration,No Configuration)
2025-09-15 07:43:41,357 [INFO] IPUIPlugin:74 - create IPUIPlugin
2025-09-15 07:43:41,357 [INFO] PluginManager:213 - loadIPPluginJar : add adc
2025-09-15 07:43:41,438 [INFO] IPUIPlugin:74 - create IPUIPlugin
2025-09-15 07:43:41,438 [INFO] PluginManager:213 - loadIPPluginJar : add aes
2025-09-15 07:43:41,518 [INFO] IPUIPlugin:74 - create IPUIPlugin
2025-09-15 07:43:41,518 [INFO] PluginManager:213 - loadIPPluginJar : add can
2025-09-15 07:43:41,577 [INFO] IPUIPlugin:74 - create IPUIPlugin
2025-09-15 07:43:41,578 [INFO] PluginManager:213 - loadIPPluginJar : add comp
2025-09-15 07:43:41,643 [INFO] IPUIPlugin:74 - create IPUIPlugin
2025-09-15 07:43:41,643 [INFO] PluginManager:213 - loadIPPluginJar : add cryp
2025-09-15 07:43:41,714 [INFO] IPUIPlugin:74 - create IPUIPlugin
2025-09-15 07:43:41,714 [INFO] PluginManager:213 - loadIPPluginJar : add dfsdm
2025-09-15 07:43:41,736 [INFO] IPUIPlugin:74 - create IPUIPlugin
2025-09-15 07:43:41,737 [INFO] PluginManager:213 - loadIPPluginJar : add dma
2025-09-15 07:43:41,824 [INFO] IPUIPlugin:74 - create IPUIPlugin
2025-09-15 07:43:41,825 [INFO] PluginManager:213 - loadIPPluginJar : add dma3
2025-09-15 07:43:41,879 [INFO] IPUIPlugin:74 - create IPUIPlugin
2025-09-15 07:43:41,880 [INFO] PluginManager:213 - loadIPPluginJar : add fatfs
2025-09-15 07:43:41,977 [INFO] IPUIPlugin:74 - create IPUIPlugin
2025-09-15 07:43:41,977 [INFO] PluginManager:213 - loadIPPluginJar : add fmc
2025-09-15 07:43:42,001 [INFO] IPUIPlugin:74 - create IPUIPlugin
2025-09-15 07:43:42,002 [INFO] PluginManager:213 - loadIPPluginJar : add freertos
2025-09-15 07:43:42,054 [INFO] IPUIPlugin:74 - create IPUIPlugin
2025-09-15 07:43:42,054 [INFO] PluginManager:213 - loadIPPluginJar : add genericplugin
2025-09-15 07:43:42,211 [INFO] IPUIPlugin:74 - create IPUIPlugin
2025-09-15 07:43:42,211 [INFO] PluginManager:213 - loadIPPluginJar : add gfxmmu
2025-09-15 07:43:42,417 [INFO] IPUIPlugin:74 - create IPUIPlugin
2025-09-15 07:43:42,417 [INFO] PluginManager:213 - loadIPPluginJar : add gic
2025-09-15 07:43:42,440 [INFO] IPUIPlugin:74 - create IPUIPlugin
2025-09-15 07:43:42,440 [INFO] PluginManager:213 - loadIPPluginJar : add gpio
2025-09-15 07:43:42,574 [INFO] IPUIPlugin:74 - create IPUIPlugin
2025-09-15 07:43:42,574 [INFO] PluginManager:213 - loadIPPluginJar : add gtzc
2025-09-15 07:43:42,640 [INFO] IPUIPlugin:74 - create IPUIPlugin
2025-09-15 07:43:42,640 [INFO] PluginManager:213 - loadIPPluginJar : add hash
2025-09-15 07:43:42,736 [INFO] IPUIPlugin:74 - create IPUIPlugin
2025-09-15 07:43:42,736 [INFO] PluginManager:213 - loadIPPluginJar : add i2c
2025-09-15 07:43:42,812 [INFO] IPUIPlugin:74 - create IPUIPlugin
2025-09-15 07:43:42,813 [INFO] PluginManager:213 - loadIPPluginJar : add i2s
2025-09-15 07:43:42,832 [INFO] IPUIPlugin:74 - create IPUIPlugin
2025-09-15 07:43:42,833 [INFO] PluginManager:213 - loadIPPluginJar : add ipddr
2025-09-15 07:43:42,987 [INFO] IPUIPlugin:74 - create IPUIPlugin
2025-09-15 07:43:42,988 [INFO] PluginManager:213 - loadIPPluginJar : add linkedlist
2025-09-15 07:43:43,065 [INFO] IPUIPlugin:74 - create IPUIPlugin
2025-09-15 07:43:43,066 [INFO] PluginManager:213 - loadIPPluginJar : add lorawan
2025-09-15 07:43:43,142 [INFO] IPUIPlugin:74 - create IPUIPlugin
2025-09-15 07:43:43,142 [INFO] PluginManager:213 - loadIPPluginJar : add ltdc
2025-09-15 07:43:43,162 [INFO] IPUIPlugin:74 - create IPUIPlugin
2025-09-15 07:43:43,163 [INFO] PluginManager:213 - loadIPPluginJar : add mdma
2025-09-15 07:43:43,181 [INFO] IPUIPlugin:74 - create IPUIPlugin
2025-09-15 07:43:43,182 [INFO] PluginManager:213 - loadIPPluginJar : add nvic
2025-09-15 07:43:43,260 [INFO] IPUIPlugin:74 - create IPUIPlugin
2025-09-15 07:43:43,260 [INFO] PluginManager:213 - loadIPPluginJar : add opamp
2025-09-15 07:43:43,376 [INFO] IPUIPlugin:74 - create IPUIPlugin
2025-09-15 07:43:43,376 [INFO] PluginManager:213 - loadIPPluginJar : add openamp
2025-09-15 07:43:43,473 [INFO] IPUIPlugin:74 - create IPUIPlugin
2025-09-15 07:43:43,473 [INFO] PluginManager:213 - loadIPPluginJar : add pdm2pcm
2025-09-15 07:43:43,496 [INFO] IPUIPlugin:74 - create IPUIPlugin
2025-09-15 07:43:43,499 [INFO] PluginManager:213 - loadIPPluginJar : add plateformsettings
2025-09-15 07:43:43,554 [INFO] IPUIPlugin:74 - create IPUIPlugin
2025-09-15 07:43:43,555 [INFO] PluginManager:213 - loadIPPluginJar : add quadspi
2025-09-15 07:43:43,575 [INFO] IPUIPlugin:74 - create IPUIPlugin
2025-09-15 07:43:43,575 [INFO] PluginManager:213 - loadIPPluginJar : add resmgrutility
2025-09-15 07:43:43,666 [INFO] ThirdPartyUpdaterWithRetryManager:66 - Updater plugin not ready yet. [2/15]
2025-09-15 07:43:43,692 [INFO] IPUIPlugin:74 - create IPUIPlugin
2025-09-15 07:43:43,692 [INFO] PluginManager:213 - loadIPPluginJar : add sai
2025-09-15 07:43:43,784 [INFO] IPUIPlugin:74 - create IPUIPlugin
2025-09-15 07:43:43,784 [INFO] PluginManager:213 - loadIPPluginJar : add spi
2025-09-15 07:43:43,895 [INFO] IPUIPlugin:74 - create IPUIPlugin
2025-09-15 07:43:43,895 [INFO] PluginManager:213 - loadIPPluginJar : add stm32_wpan
2025-09-15 07:43:43,978 [INFO] IPUIPlugin:74 - create IPUIPlugin
2025-09-15 07:43:43,979 [INFO] PluginManager:213 - loadIPPluginJar : add tim
2025-09-15 07:43:44,088 [INFO] IPUIPlugin:74 - create IPUIPlugin
2025-09-15 07:43:44,088 [INFO] PluginManager:213 - loadIPPluginJar : add touchsensing
2025-09-15 07:43:44,145 [INFO] IPUIPlugin:74 - create IPUIPlugin
2025-09-15 07:43:44,146 [INFO] PluginManager:213 - loadIPPluginJar : add tracer_emb
2025-09-15 07:43:44,219 [INFO] IPUIPlugin:74 - create IPUIPlugin
2025-09-15 07:43:44,220 [INFO] PluginManager:213 - loadIPPluginJar : add ts
2025-09-15 07:43:44,281 [INFO] IPUIPlugin:74 - create IPUIPlugin
2025-09-15 07:43:44,281 [INFO] PluginManager:213 - loadIPPluginJar : add tsc
2025-09-15 07:43:44,341 [INFO] IPUIPlugin:74 - create IPUIPlugin
2025-09-15 07:43:44,341 [INFO] PluginManager:213 - loadIPPluginJar : add ucpd
2025-09-15 07:43:44,437 [INFO] IPUIPlugin:74 - create IPUIPlugin
2025-09-15 07:43:44,437 [INFO] PluginManager:213 - loadIPPluginJar : add usart
2025-09-15 07:43:44,519 [INFO] IPUIPlugin:74 - create IPUIPlugin
2025-09-15 07:43:44,519 [INFO] PluginManager:213 - loadIPPluginJar : add usbx
2025-09-15 07:43:44,871 [FATAL] Updater:294 - Updater called before beeing initialized
2025-09-15 07:43:45,000 [FATAL] Updater:294 - Updater called before beeing initialized
2025-09-15 07:43:45,018 [INFO] DbMcusAds:47 - JSON generation date=Tue Jul 08 15:14:23 ICT 2025 (1751962463582)
2025-09-15 07:43:45,019 [FATAL] Updater:294 - Updater called before beeing initialized
2025-09-15 07:43:45,123 [WARN] DetailPanel:314 - Failed to get advertising image, set to default
2025-09-15 07:43:45,305 [FATAL] Updater:294 - Updater called before beeing initialized
2025-09-15 07:43:45,309 [FATAL] Updater:294 - Updater called before beeing initialized
2025-09-15 07:43:45,309 [FATAL] Updater:294 - Updater called before beeing initialized
2025-09-15 07:43:45,309 [WARN] DetailPanel:314 - Failed to get advertising image, set to default
2025-09-15 07:43:45,311 [FATAL] Updater:294 - Updater called before beeing initialized
2025-09-15 07:43:45,381 [ERROR] Updater:1075 - MainUpdater not yet initialized. External WinMGr cannot be set.
2025-09-15 07:43:45,395 [INFO] Updater:1012 - Updater Version found : 6.3.0
2025-09-15 07:43:45,419 [INFO] ApplicationProperties:181 - Using Application install path: D:\STM32CubeIDE_1.7.0\STM32CubeIDE\plugins\com.st.stm32cube.common.mx_6.3.0.202107141111
2025-09-15 07:43:46,675 [INFO] ThirdPartyUpdaterWithRetryManager:66 - Updater plugin not ready yet. [3/15]
2025-09-15 07:43:47,562 [WARN] ServerAccessManage:1053 - Warning during Server Connexion :  timeout connect timed out
2025-09-15 07:43:49,579 [WARN] ServerAccessManage:1053 - Warning during Server Connexion :  timeout connect timed out
2025-09-15 07:43:49,631 [ERROR] ServerAccessManage:1031 - Warning during Server Connexion :  Unknown host www.ebuc23.com
2025-09-15 07:43:49,633 [INFO] MainUpdater:2671 - connection check result : 22
2025-09-15 07:43:49,634 [INFO] MainUpdater:265 - Updater Check For Update Now.
2025-09-15 07:43:49,635 [INFO] MicroXplorer:478 - Change Database Version : DB.6.0.30
2025-09-15 07:43:49,690 [WARN] MainUpdater:1122 - Updater busy. Cannot search thirdparties
2025-09-15 07:43:49,691 [INFO] ThirdPartyUpdaterWithRetryManager:92 - Updater plugin is busy. [1/15]
2025-09-15 07:43:49,850 [INFO] CheckServerUpdateThread:112 - End of CheckServer Thread
2025-09-15 07:43:49,912 [INFO] MainUpdater:2671 - connection check result : 22
2025-09-15 07:43:52,761 [INFO] ThirdParty:915 - Integrity check success = true
2025-09-15 07:43:52,762 [INFO] IntegrityCheckThread:94 - exiting critical section [integrity check]
2025-09-15 07:43:52,762 [INFO] IntegrityCheckThread:97 - End integrity checks thread
2025-09-15 07:44:04,087 [WARN] ServerAccessManage:1053 - Warning during Server Connexion :  timeout connect timed out
2025-09-15 07:44:05,104 [WARN] ServerAccessManage:1053 - Warning during Server Connexion :  timeout connect timed out
2025-09-15 07:44:05,110 [ERROR] ServerAccessManage:1031 - Warning during Server Connexion :  Unknown host www.ebuc23.com
2025-09-15 07:44:05,112 [INFO] MainUpdater:2671 - connection check result : 22
2025-09-15 07:44:08,862 [INFO] McuFinderGlobals:52 - Set McuFinderConnectedMode to false
2025-09-15 07:44:08,978 [INFO] CrossSelectorPresenter:1330 - Cross Selector saved comparison directory: C:\Users\ACER\.stmcufinder\plugins\mcufinder\mcu\cs_comparisons_mx
2025-09-15 07:44:08,985 [INFO] MultiScanPanel:197 - Auto-refresh data requested => check proxy status ongoing
2025-09-15 07:44:08,985 [INFO] MultiScanPanel:201 - Proxy status is invalid
2025-09-15 07:44:08,989 [INFO] FinderPluginLoader:87 - Searching for filters in installed packs
2025-09-15 07:44:08,990 [INFO] DbMcusXml:100 - Load MCU database from D:\STM32CubeIDE_1.7.0\STM32CubeIDE\plugins\com.st.stm32cube.common.mx_6.3.0.202107141111\\db\/mcu/families.xml
2025-09-15 07:44:10,083 [INFO] DbMcusJson:93 - JSON generation date=Tue Nov 16 23:17:54 ICT 2021 (1637079474)
2025-09-15 07:44:10,829 [INFO] DbMcus:175 - Found 1951 MCUs (1903 are supported by CubeMX, 1914 are visible in CubeMX)
2025-09-15 07:44:10,832 [INFO] ApiDb:251 - Load user favorites file C:\Users\ACER/.stm32cubeide/favorites.mcus.txt: 0 item(s)
2025-09-15 07:44:10,832 [INFO] ApiDb:255 - User favorites MCUs=[]
2025-09-15 07:44:10,832 [INFO] DbMcus:187 - Set 0 / 0 favorites MCUs
2025-09-15 07:44:11,425 [INFO] DetailPanel:309 - Set advertising image to C:/Users/ACER/STM32Cube/Repository/\en.2400x1350px.jpeg
2025-09-15 07:44:11,838 [INFO] DbBoardsPdsc:90 - Found 25 items
2025-09-15 07:44:11,856 [INFO] DbBoardsPdsc:90 - Found 9 items
2025-09-15 07:44:11,877 [INFO] DbBoardsPdsc:90 - Found 33 items
2025-09-15 07:44:11,894 [INFO] DbBoardsPdsc:90 - Found 1 items
2025-09-15 07:44:11,919 [INFO] DbBoardsPdsc:90 - Found 48 items
2025-09-15 07:44:11,944 [INFO] DbBoardsPdsc:90 - Found 43 items
2025-09-15 07:44:11,962 [INFO] DbBoardsPdsc:90 - Found 2 items
2025-09-15 07:44:11,980 [INFO] DbBoardsPdsc:90 - Found 5 items
2025-09-15 07:44:11,985 [WARN] DbBoardsPdsc:254 - Board STM32H7B3I-DK: unknown feature type=Audio, name=, username=Audio stereo codec with Headphone Amp (CS42L51-CNZ), n=1
2025-09-15 07:44:11,986 [WARN] DbBoardsPdsc:254 - Board STM32H735G-DK: unknown feature type=Audio, name=, username=Audio stereo codec with Headphone Amp (WM8994ECS/R), n=1
2025-09-15 07:44:11,987 [WARN] DbBoardsPdsc:254 - Board STM32H7B3I-EVAL: unknown feature type=Audio, name=, username=Multi-Channel Audio Codec (CS42L51-CNZ), n=1
2025-09-15 07:44:11,988 [WARN] DbBoardsPdsc:254 - Board STM32H7B3I-EVAL: unknown feature type=Meter, name=, username=Power-metering and Temperature-monitoring with sigma-delta modulators, n=1
2025-09-15 07:44:11,988 [WARN] DbBoardsPdsc:254 - Board STM32H7B3I-EVAL: unknown feature type=Motor, name=, username=Motor Control, n=1
2025-09-15 07:44:11,988 [WARN] DbBoardsPdsc:254 - Board STM32U575I-EV: unknown feature type=joystick, name=, username=4-direction joystick with selection button, n=1
2025-09-15 07:44:12,040 [INFO] DbBoardsJson:86 - JSON generation date=Tue Nov 16 23:17:54 ICT 2021 (1637079474)
2025-09-15 07:44:12,047 [INFO] DbBoards:117 - Found 167 boards (163 are supported by CubeMX)
2025-09-15 07:44:12,067 [INFO] DbBoardsDocs:143 - JSON generation date=Tue Nov 16 23:17:54 ICT 2021 (1637079474)
2025-09-15 07:44:12,071 [INFO] DbBoardsDocs:79 - Found 209 boards documents
2025-09-15 07:44:12,072 [WARN] DbBoards:127 - board B-L475E-IOT01A2 has no document id list !
2025-09-15 07:44:12,073 [WARN] DbBoards:127 - board NUCLEO-H743ZI has no document id list !
2025-09-15 07:44:12,074 [WARN] DbBoards:127 - board NUCLEO-WL55JC2 has no document id list !
2025-09-15 07:44:12,074 [WARN] DbBoards:127 - board P-NUCLEO-WB55-Nucleo has no document id list !
2025-09-15 07:44:12,074 [WARN] DbBoards:127 - board P-NUCLEO-WB55-USBDongle has no document id list !
2025-09-15 07:44:12,074 [WARN] DbBoards:127 - board STEVAL-BFA001V1B has no document id list !
2025-09-15 07:44:12,074 [WARN] DbBoards:127 - board STEVAL-BFA001V2B has no document id list !
2025-09-15 07:44:12,075 [WARN] DbBoards:127 - board STEVAL-IDP005V1 has no document id list !
2025-09-15 07:44:12,075 [WARN] DbBoards:127 - board STEVAL-IDP005V2 has no document id list !
2025-09-15 07:44:12,075 [WARN] DbBoards:127 - board STEVAL-MKSBOX1V1 has no document id list !
2025-09-15 07:44:12,075 [WARN] DbBoards:127 - board STEVAL-STWINKT1 has no document id list !
2025-09-15 07:44:12,075 [WARN] DbBoards:127 - board STEVAL-STWINKT1B has no document id list !
2025-09-15 07:44:12,075 [WARN] DbBoards:127 - board STM32439I-EVAL2 has no document id list !
2025-09-15 07:44:12,076 [WARN] DbBoards:127 - board STM32F401C-DISCO has no document id list !
2025-09-15 07:44:12,077 [WARN] DbBoards:127 - board STM32F769I-DISC1 has no document id list !
2025-09-15 07:44:12,078 [WARN] DbBoards:127 - board STM32G474E-EVAL1 has no document id list !
2025-09-15 07:44:12,078 [WARN] DbBoards:127 - board STM32H743I-EVAL2 has no document id list !
2025-09-15 07:44:12,078 [WARN] DbBoards:127 - board STM32H747I-DISC1 has no document id list !
2025-09-15 07:44:12,079 [WARN] DbBoards:127 - board STM32H753I-EVAL2 has no document id list !
2025-09-15 07:44:12,079 [WARN] DbBoards:127 - board STM32L-DISCOVERY has no document id list !
2025-09-15 07:44:12,295 [ERROR] DbBoards:189 - Image file not found for board B-U585I-IOT02A: D:\STM32CubeIDE_1.7.0\STM32CubeIDE\plugins\com.st.stm32cube.common.mx_6.3.0.202107141111\\db\/plugins/mcufinder/images/boards/B-U585I-IOT02A_small.jpg
2025-09-15 07:44:12,472 [ERROR] DbBoards:189 - Image file not found for board NUCLEO-F413ZH: D:\STM32CubeIDE_1.7.0\STM32CubeIDE\plugins\com.st.stm32cube.common.mx_6.3.0.202107141111\\db\/plugins/mcufinder/images/boards/nucleo-f413zh_small.jpg
2025-09-15 07:44:12,733 [ERROR] DbBoards:189 - Image file not found for board NUCLEO-L552ZE-Q: D:\STM32CubeIDE_1.7.0\STM32CubeIDE\plugins\com.st.stm32cube.common.mx_6.3.0.202107141111\\db\/plugins/mcufinder/images/boards/nucleo_l552ze_q_small.jpg
2025-09-15 07:44:12,733 [ERROR] DbBoards:189 - Image file not found for board NUCLEO-U575ZI-Q: D:\STM32CubeIDE_1.7.0\STM32CubeIDE\plugins\com.st.stm32cube.common.mx_6.3.0.202107141111\\db\/plugins/mcufinder/images/boards/nucleo-u575zi-q_small.jpg
2025-09-15 07:44:12,733 [ERROR] DbBoards:189 - Image file not found for board NUCLEO-WB15CC: D:\STM32CubeIDE_1.7.0\STM32CubeIDE\plugins\com.st.stm32cube.common.mx_6.3.0.202107141111\\db\/plugins/mcufinder/images/boards/nucleo-wb15cc_small.jpg
2025-09-15 07:44:12,734 [ERROR] DbBoards:189 - Image file not found for board NUCLEO-WB55RG: D:\STM32CubeIDE_1.7.0\STM32CubeIDE\plugins\com.st.stm32cube.common.mx_6.3.0.202107141111\\db\/plugins/mcufinder/images/boards/nucleo-wb55rg_small.jpg
2025-09-15 07:44:15,081 [INFO] ApiDb:251 - Load user favorites file C:\Users\ACER/.stm32cubeide/favorites.boards.txt: 0 item(s)
2025-09-15 07:44:15,081 [INFO] ApiDb:255 - User favorites Boards=[]
2025-09-15 07:44:15,081 [INFO] DbBoards:206 - Set 0 / 0 favorites Boards
2025-09-15 07:47:28,927 [INFO] MainUpdater:2671 - connection check result : 22
2025-09-15 07:47:31,402 [INFO] McuFinderGlobals:52 - Set McuFinderConnectedMode to false
2025-09-15 07:47:31,463 [INFO] CrossSelectorPresenter:1330 - Cross Selector saved comparison directory: C:\Users\ACER\.stmcufinder\plugins\mcufinder\mcu\cs_comparisons_mx
2025-09-15 07:47:31,465 [INFO] MultiScanPanel:197 - Auto-refresh data requested => check proxy status ongoing
2025-09-15 07:47:31,465 [INFO] MultiScanPanel:201 - Proxy status is invalid
2025-09-15 07:47:31,465 [INFO] FinderPluginLoader:87 - Searching for filters in installed packs
2025-09-15 07:47:31,789 [INFO] DetailPanel:309 - Set advertising image to C:/Users/ACER/STM32Cube/Repository/\en.2400x1350px.jpeg
2025-09-15 07:48:15,702 [INFO] MainUpdater:2671 - connection check result : 22
2025-09-15 07:48:15,703 [INFO] MainUpdater:2671 - connection check result : 22
2025-09-15 07:48:17,900 [INFO] MicroXplorer:448 - Change Database Path : 
2025-09-15 07:48:17,900 [INFO] MicroXplorer:478 - Change Database Version : DB.6.0.30
2025-09-15 07:48:17,901 [WARN] ThirdParty:813 - waiting for thirdparty lock release [close project]
2025-09-15 07:48:17,901 [INFO] ThirdParty:815 - entering critical section [close project]
2025-09-15 07:48:17,903 [INFO] ThirdParty:825 - exiting critical section [close project]
2025-09-15 07:48:17,908 [INFO] PinOutPanel:1463 - setPackage(No Configuration,No Configuration)
2025-09-15 07:48:17,909 [INFO] UtilMem:74 - Begin LoadConfig() Used Memory: 735406080 Bytes (809500672)
2025-09-15 07:48:17,911 [INFO] MicroXplorer:448 - Change Database Path : 
2025-09-15 07:48:17,911 [INFO] MicroXplorer:478 - Change Database Version : DB.6.0.30
2025-09-15 07:48:17,911 [INFO] OpenFileManager:313 - Change cursor
2025-09-15 07:48:18,986 [INFO] Context:592 - Trying to add GPIOservice into a context  which must be forbidden
2025-09-15 07:48:19,357 [INFO] RtosManager:484 - Registered RTOS mode: class=CMSIS, group=RTOS, mode=CMSIS_V1, owner=FREERTOS
2025-09-15 07:48:19,357 [INFO] RtosManager:484 - Registered RTOS mode: class=CMSIS, group=RTOS2, mode=CMSIS_V2, owner=FREERTOS
2025-09-15 07:48:19,357 [INFO] RtosManager:484 - Registered RTOS mode: class=RTOS, group=Core, mode=CMSIS_V1, owner=FREERTOS
2025-09-15 07:48:19,357 [INFO] RtosManager:484 - Registered RTOS mode: class=RTOS, group=Core, mode=CMSIS_V2, owner=FREERTOS
2025-09-15 07:48:19,358 [WARN] ModelIntegratedComponent:181 - Missing modes for component STMicroelectronics:FreeRTOS:0.0.1:STMicroelectronics:RTOS:FreeRTOS:Core:::10.2.0:
2025-09-15 07:48:19,362 [WARN] ModelIntegratedComponent:60 - No mode defined for component null
2025-09-15 07:48:19,362 [WARN] ModelIntegratedComponent:60 - No mode defined for component null
2025-09-15 07:48:19,362 [WARN] ModelIntegratedComponent:60 - No mode defined for component null
2025-09-15 07:48:19,362 [WARN] ModelIntegratedComponent:60 - No mode defined for component null
2025-09-15 07:48:19,362 [WARN] ModelIntegratedComponent:60 - No mode defined for component null
2025-09-15 07:48:19,362 [WARN] ModelIntegratedComponent:60 - No mode defined for component null
2025-09-15 07:48:19,363 [WARN] ModelIntegratedComponent:60 - No mode defined for component null
2025-09-15 07:48:19,363 [WARN] ModelIntegratedComponent:60 - No mode defined for component null
2025-09-15 07:48:19,363 [WARN] ModelIntegratedComponent:60 - No mode defined for component null
2025-09-15 07:48:19,363 [WARN] ModelIntegratedComponent:60 - No mode defined for component null
2025-09-15 07:48:19,363 [WARN] ModelIntegratedComponent:60 - No mode defined for component null
2025-09-15 07:48:19,363 [WARN] ModelIntegratedComponent:60 - No mode defined for component null
2025-09-15 07:48:19,363 [WARN] ModelIntegratedComponent:60 - No mode defined for component null
2025-09-15 07:48:19,363 [WARN] ModelIntegratedComponent:60 - No mode defined for component null
2025-09-15 07:48:19,363 [WARN] ModelIntegratedComponent:60 - No mode defined for component null
2025-09-15 07:48:19,363 [WARN] ModelIntegratedComponent:60 - No mode defined for component null
2025-09-15 07:48:19,363 [WARN] ModelIntegratedComponent:60 - No mode defined for component null
2025-09-15 07:48:19,364 [WARN] ModelIntegratedComponent:60 - No mode defined for component null
2025-09-15 07:48:19,364 [WARN] ModelIntegratedComponent:60 - No mode defined for component null
2025-09-15 07:48:19,364 [WARN] ModelIntegratedComponent:60 - No mode defined for component null
2025-09-15 07:48:19,364 [WARN] ModelIntegratedComponent:60 - No mode defined for component null
2025-09-15 07:48:19,364 [WARN] ModelIntegratedComponent:60 - No mode defined for component null
2025-09-15 07:48:19,364 [WARN] ModelIntegratedComponent:60 - No mode defined for component null
2025-09-15 07:48:19,364 [WARN] ModelIntegratedComponent:60 - No mode defined for component null
2025-09-15 07:48:19,364 [WARN] ModelIntegratedComponent:60 - No mode defined for component null
2025-09-15 07:48:19,364 [WARN] ModelIntegratedComponent:60 - No mode defined for component null
2025-09-15 07:48:19,364 [WARN] ModelIntegratedComponent:60 - No mode defined for component null
2025-09-15 07:48:19,364 [WARN] ModelIntegratedComponent:60 - No mode defined for component null
2025-09-15 07:48:19,365 [WARN] ModelIntegratedComponent:60 - No mode defined for component null
2025-09-15 07:48:19,365 [WARN] ModelIntegratedComponent:60 - No mode defined for component null
2025-09-15 07:48:19,365 [WARN] ModelIntegratedComponent:60 - No mode defined for component null
2025-09-15 07:48:19,516 [INFO] UtilMem:74 - End LoadConfig() Used Memory: 742390696 Bytes (818937856)
2025-09-15 07:48:19,529 [WARN] ThirdParty:779 - waiting for thirdparty lock release [change project]
2025-09-15 07:48:19,529 [INFO] ThirdParty:781 - entering critical section [change project]
2025-09-15 07:48:19,529 [INFO] ThirdParty:967 - CMSIS Pack Vendor :STMicroelectronics USB_HOST 2.0.0
2025-09-15 07:48:19,529 [INFO] ThirdParty:967 - CMSIS Pack Vendor :STMicroelectronics FreeRTOS 0.0.1
2025-09-15 07:48:19,529 [INFO] ThirdParty:967 - CMSIS Pack Vendor :STMicroelectronics USB_DEVICE 1.0.0
2025-09-15 07:48:19,530 [INFO] ThirdParty:967 - CMSIS Pack Vendor :STMicroelectronics USB_DEVICE 3.0.0
2025-09-15 07:48:19,530 [INFO] ThirdParty:967 - CMSIS Pack Vendor :STMicroelectronics HAL Drivers 0.0.0
2025-09-15 07:48:19,530 [INFO] ThirdParty:967 - CMSIS Pack Vendor :STMicroelectronics MBEDTLS 2.16.2
2025-09-15 07:48:19,530 [INFO] ThirdParty:967 - CMSIS Pack Vendor :STMicroelectronics ThreadX 0.0.2
2025-09-15 07:48:19,530 [INFO] ThirdParty:967 - CMSIS Pack Vendor :STMicroelectronics lwIP 2.0.3
2025-09-15 07:48:19,530 [INFO] ThirdParty:967 - CMSIS Pack Vendor :STMicroelectronics lwIP 2.1.2
2025-09-15 07:48:19,530 [INFO] ThirdParty:967 - CMSIS Pack Vendor :STMicroelectronics MBEDTLS 2.14.1
2025-09-15 07:48:19,530 [INFO] ThirdParty:967 - CMSIS Pack Vendor :STMicroelectronics USB_HOST 1.0.0
2025-09-15 07:48:19,530 [INFO] ThirdParty:967 - CMSIS Pack Vendor :STMicroelectronics PDM2PCM 3.1.0
2025-09-15 07:48:19,530 [INFO] ThirdParty:967 - CMSIS Pack Vendor :STMicroelectronics PDM2PCM 3.2.0
2025-09-15 07:48:19,530 [INFO] ThirdParty:967 - CMSIS Pack Vendor :STMicroelectronics USB_DEVICE 2.0.0
2025-09-15 07:48:19,530 [INFO] ThirdParty:967 - CMSIS Pack Vendor :STMicroelectronics PDM2PCM 3.3.0
2025-09-15 07:48:19,530 [INFO] ThirdParty:787 - exiting critical section [change project]
2025-09-15 07:48:19,818 [INFO] PinOutPanel:1463 - setPackage(No Configuration,No Configuration)
2025-09-15 07:48:19,820 [INFO] PinOutPanel:1463 - setPackage(STM32F103C6Ux,UFQFPN48)
2025-09-15 07:48:20,273 [INFO] UtilMem:74 - Before build in PCC Used Memory: 740471168 Bytes (818937856)
2025-09-15 07:48:21,106 [INFO] UtilMem:74 - After build in PCC Used Memory: 763923360 Bytes (818937856)
2025-09-15 07:48:21,150 [INFO] IPUIPlugin:74 - create IPUIPlugin
2025-09-15 07:48:21,151 [INFO] IPUIPlugin:74 - create IPUIPlugin
2025-09-15 07:48:21,151 [INFO] IPUIPlugin:74 - create IPUIPlugin
2025-09-15 07:48:21,151 [INFO] IPUIPlugin:74 - create IPUIPlugin
2025-09-15 07:48:21,151 [INFO] IPUIPlugin:74 - create IPUIPlugin
2025-09-15 07:48:21,151 [INFO] IPUIPlugin:74 - create IPUIPlugin
2025-09-15 07:48:21,151 [INFO] IPUIPlugin:74 - create IPUIPlugin
2025-09-15 07:48:21,151 [INFO] IPUIPlugin:74 - create IPUIPlugin
2025-09-15 07:48:21,152 [INFO] IPUIPlugin:74 - create IPUIPlugin
2025-09-15 07:48:21,152 [INFO] IPUIPlugin:74 - create IPUIPlugin
2025-09-15 07:48:21,152 [INFO] IPUIPlugin:74 - create IPUIPlugin
2025-09-15 07:48:21,152 [INFO] IPUIPlugin:74 - create IPUIPlugin
2025-09-15 07:48:21,153 [INFO] IPUIPlugin:74 - create IPUIPlugin
2025-09-15 07:48:21,153 [INFO] IPUIPlugin:74 - create IPUIPlugin
2025-09-15 07:48:21,153 [INFO] IPUIPlugin:74 - create IPUIPlugin
2025-09-15 07:48:21,154 [INFO] IPUIPlugin:74 - create IPUIPlugin
2025-09-15 07:48:21,154 [INFO] IPUIPlugin:74 - create IPUIPlugin
2025-09-15 07:48:21,154 [INFO] IPUIPlugin:74 - create IPUIPlugin
2025-09-15 07:48:21,155 [INFO] IPUIPlugin:74 - create IPUIPlugin
2025-09-15 07:48:21,155 [INFO] IPUIPlugin:74 - create IPUIPlugin
2025-09-15 07:48:21,155 [INFO] IPUIPlugin:74 - create IPUIPlugin
2025-09-15 07:48:21,156 [INFO] IPUIPlugin:74 - create IPUIPlugin
2025-09-15 07:48:21,156 [INFO] IPUIPlugin:74 - create IPUIPlugin
2025-09-15 07:48:21,323 [INFO] OpenFileManager:333 - Restore cursor
2025-09-15 07:48:37,300 [INFO] Gpio:254 - dependency for GPIO []
2025-09-15 07:51:39,251 [INFO] UtilMem:74 - End SaveConfig() Used Memory: 655332208 Bytes (916455424)
2025-09-15 07:51:41,078 [INFO] UtilMem:74 - End SaveConfig() Used Memory: 694651760 Bytes (916455424)
2025-09-15 07:51:44,611 [INFO] UtilMem:74 - End SaveConfig() Used Memory: 341547656 Bytes (916455424)
2025-09-15 07:51:44,955 [INFO] BlockDiagram:2740 - set Specific Code input for plugin: NVIC
2025-09-15 07:51:44,955 [INFO] BlockDiagram:2740 - set Specific Code input for plugin: SYS
2025-09-15 07:51:44,956 [INFO] BlockDiagram:2740 - set Specific Code input for plugin: GPIO
2025-09-15 07:51:44,956 [INFO] BlockDiagram:2740 - set Specific Code input for plugin: RCC
2025-09-15 07:51:44,956 [INFO] CodeGenerator:663 - code generatio: config db path: D:\STM32CubeIDE_1.7.0\STM32CubeIDE\plugins\com.st.stm32cube.common.mx_6.3.0.202107141111\\db\
2025-09-15 07:51:45,313 [INFO] CodeEngine:239 - oldGeneratedFile, D:\New folder (2)\LAB 1\Code\LAB 1.1\MXTmpFiles\license.tmp_save
2025-09-15 07:51:45,690 [INFO] CodeEngine:257 - Generated code: D:\New folder (2)\LAB 1\Code\LAB 1.1\MXTmpFiles\license.tmp
2025-09-15 07:51:45,824 [INFO] CodeEngine:239 - oldGeneratedFile, D:\New folder (2)\LAB 1\Code\LAB 1.1\MXTmpFiles\gpio.tmp_save
2025-09-15 07:51:45,945 [INFO] CodeEngine:257 - Generated code: D:\New folder (2)\LAB 1\Code\LAB 1.1\MXTmpFiles\gpio.tmp
2025-09-15 07:51:46,021 [INFO] CodeEngine:239 - oldGeneratedFile, D:\New folder (2)\LAB 1\Code\LAB 1.1\Core\Src\stm32f1xx_it.c_save
2025-09-15 07:51:46,193 [INFO] CodeEngine:257 - Generated code: D:\New folder (2)\LAB 1\Code\LAB 1.1\Core\Src\stm32f1xx_it.c
2025-09-15 07:51:46,220 [INFO] CodeEngine:239 - oldGeneratedFile, D:\New folder (2)\LAB 1\Code\LAB 1.1\Core\Inc\stm32f1xx_it.h_save
2025-09-15 07:51:46,334 [INFO] CodeEngine:257 - Generated code: D:\New folder (2)\LAB 1\Code\LAB 1.1\Core\Inc\stm32f1xx_it.h
2025-09-15 07:51:46,369 [INFO] CodeEngine:239 - oldGeneratedFile, D:\New folder (2)\LAB 1\Code\LAB 1.1\Core\Src\stm32f1xx_hal_msp.c_save
2025-09-15 07:51:46,530 [INFO] CodeEngine:257 - Generated code: D:\New folder (2)\LAB 1\Code\LAB 1.1\Core\Src\stm32f1xx_hal_msp.c
2025-09-15 07:51:46,544 [INFO] CodeEngine:239 - oldGeneratedFile, D:\New folder (2)\LAB 1\Code\LAB 1.1\MXTmpFiles\system.tmp_save
2025-09-15 07:51:46,634 [INFO] CodeEngine:257 - Generated code: D:\New folder (2)\LAB 1\Code\LAB 1.1\MXTmpFiles\system.tmp
2025-09-15 07:51:46,671 [INFO] CodeEngine:239 - oldGeneratedFile, D:\New folder (2)\LAB 1\Code\LAB 1.1\Core\Inc\stm32f1xx_hal_conf.h_save
2025-09-15 07:51:46,802 [INFO] CodeEngine:257 - Generated code: D:\New folder (2)\LAB 1\Code\LAB 1.1\Core\Inc\stm32f1xx_hal_conf.h
2025-09-15 07:51:46,883 [INFO] CodeEngine:239 - oldGeneratedFile, D:\New folder (2)\LAB 1\Code\LAB 1.1\Core\Inc\main.h_save
2025-09-15 07:51:47,009 [INFO] CodeEngine:257 - Generated code: D:\New folder (2)\LAB 1\Code\LAB 1.1\Core\Inc\main.h
2025-09-15 07:51:47,036 [INFO] CodeEngine:239 - oldGeneratedFile, D:\New folder (2)\LAB 1\Code\LAB 1.1\Core\Src\main.c_save
2025-09-15 07:51:47,194 [INFO] CodeEngine:257 - Generated code: D:\New folder (2)\LAB 1\Code\LAB 1.1\Core\Src\main.c
2025-09-15 07:51:48,148 [INFO] ProjectBuilder:2578 - Time for Copy HAL[1] : 94mS.
2025-09-15 07:51:48,152 [INFO] ProjectBuilder:3622 - Project Generator version: 3.14.1
2025-09-15 07:51:48,658 [INFO] ConfigFileManager:1271 - The Die is : DIE412
2025-09-15 07:51:48,688 [INFO] ApiDbMcu:468 - Load IP Config File for FATFS
2025-09-15 07:51:48,733 [INFO] ApiDbMcu:468 - Load IP Config File for FREERTOS
2025-09-15 07:51:48,773 [INFO] ApiDbMcu:468 - Load IP Config File for USB_DEVICE
2025-09-15 07:51:52,517 [INFO] ProjectBuilder:3789 - Time for Generating toolchain IDE Files: 4365mS.
2025-09-15 07:51:52,518 [INFO] ProjectBuilder:2457 - Time for Copy CMSIS : 1mS.
2025-09-15 07:51:52,520 [INFO] ProjectBuilder:2457 - Time for Copy CMSIS : 0mS.
2025-09-15 08:08:07,929 [INFO] MainUpdater:2671 - connection check result : 22
2025-09-15 08:08:07,930 [INFO] MainUpdater:2671 - connection check result : 22
2025-09-15 08:08:10,091 [INFO] MicroXplorer:448 - Change Database Path : 
2025-09-15 08:08:10,091 [INFO] MicroXplorer:478 - Change Database Version : DB.6.0.30
2025-09-15 08:08:10,092 [WARN] ThirdParty:813 - waiting for thirdparty lock release [close project]
2025-09-15 08:08:10,092 [INFO] ThirdParty:815 - entering critical section [close project]
2025-09-15 08:08:10,092 [INFO] ThirdParty:825 - exiting critical section [close project]
2025-09-15 08:08:10,093 [INFO] PinOutPanel:1463 - setPackage(No Configuration,No Configuration)
2025-09-15 08:08:10,102 [INFO] UtilMem:74 - Begin LoadConfig() Used Memory: 490619392 Bytes (976224256)
2025-09-15 08:08:10,102 [INFO] MicroXplorer:448 - Change Database Path : 
2025-09-15 08:08:10,103 [INFO] MicroXplorer:478 - Change Database Version : DB.6.0.30
2025-09-15 08:08:10,103 [INFO] OpenFileManager:313 - Change cursor
2025-09-15 08:08:10,130 [INFO] RulesReader:57 - Compatibility file has been processed (242 Rules)
2025-09-15 08:08:10,963 [INFO] Context:592 - Trying to add GPIOservice into a context  which must be forbidden
2025-09-15 08:08:11,152 [INFO] RtosManager:484 - Registered RTOS mode: class=CMSIS, group=RTOS, mode=CMSIS_V1, owner=FREERTOS
2025-09-15 08:08:11,152 [INFO] RtosManager:484 - Registered RTOS mode: class=CMSIS, group=RTOS2, mode=CMSIS_V2, owner=FREERTOS
2025-09-15 08:08:11,152 [INFO] RtosManager:484 - Registered RTOS mode: class=RTOS, group=Core, mode=CMSIS_V1, owner=FREERTOS
2025-09-15 08:08:11,152 [INFO] RtosManager:484 - Registered RTOS mode: class=RTOS, group=Core, mode=CMSIS_V2, owner=FREERTOS
2025-09-15 08:08:11,152 [WARN] ModelIntegratedComponent:181 - Missing modes for component STMicroelectronics:FreeRTOS:0.0.1:STMicroelectronics:RTOS:FreeRTOS:Core:::10.2.0:
2025-09-15 08:08:11,153 [WARN] ModelIntegratedComponent:60 - No mode defined for component null
2025-09-15 08:08:11,153 [WARN] ModelIntegratedComponent:60 - No mode defined for component null
2025-09-15 08:08:11,153 [WARN] ModelIntegratedComponent:60 - No mode defined for component null
2025-09-15 08:08:11,153 [WARN] ModelIntegratedComponent:60 - No mode defined for component null
2025-09-15 08:08:11,153 [WARN] ModelIntegratedComponent:60 - No mode defined for component null
2025-09-15 08:08:11,153 [WARN] ModelIntegratedComponent:60 - No mode defined for component null
2025-09-15 08:08:11,153 [WARN] ModelIntegratedComponent:60 - No mode defined for component null
2025-09-15 08:08:11,153 [WARN] ModelIntegratedComponent:60 - No mode defined for component null
2025-09-15 08:08:11,153 [WARN] ModelIntegratedComponent:60 - No mode defined for component null
2025-09-15 08:08:11,153 [WARN] ModelIntegratedComponent:60 - No mode defined for component null
2025-09-15 08:08:11,154 [WARN] ModelIntegratedComponent:60 - No mode defined for component null
2025-09-15 08:08:11,154 [WARN] ModelIntegratedComponent:60 - No mode defined for component null
2025-09-15 08:08:11,154 [WARN] ModelIntegratedComponent:60 - No mode defined for component null
2025-09-15 08:08:11,154 [WARN] ModelIntegratedComponent:60 - No mode defined for component null
2025-09-15 08:08:11,154 [WARN] ModelIntegratedComponent:60 - No mode defined for component null
2025-09-15 08:08:11,154 [WARN] ModelIntegratedComponent:60 - No mode defined for component null
2025-09-15 08:08:11,154 [WARN] ModelIntegratedComponent:60 - No mode defined for component null
2025-09-15 08:08:11,154 [WARN] ModelIntegratedComponent:60 - No mode defined for component null
2025-09-15 08:08:11,154 [WARN] ModelIntegratedComponent:60 - No mode defined for component null
2025-09-15 08:08:11,154 [WARN] ModelIntegratedComponent:60 - No mode defined for component null
2025-09-15 08:08:11,154 [WARN] ModelIntegratedComponent:60 - No mode defined for component null
2025-09-15 08:08:11,154 [WARN] ModelIntegratedComponent:60 - No mode defined for component null
2025-09-15 08:08:11,155 [WARN] ModelIntegratedComponent:60 - No mode defined for component null
2025-09-15 08:08:11,155 [WARN] ModelIntegratedComponent:60 - No mode defined for component null
2025-09-15 08:08:11,155 [WARN] ModelIntegratedComponent:60 - No mode defined for component null
2025-09-15 08:08:11,155 [WARN] ModelIntegratedComponent:60 - No mode defined for component null
2025-09-15 08:08:11,155 [WARN] ModelIntegratedComponent:60 - No mode defined for component null
2025-09-15 08:08:11,155 [WARN] ModelIntegratedComponent:60 - No mode defined for component null
2025-09-15 08:08:11,155 [WARN] ModelIntegratedComponent:60 - No mode defined for component null
2025-09-15 08:08:11,155 [WARN] ModelIntegratedComponent:60 - No mode defined for component null
2025-09-15 08:08:11,155 [WARN] ModelIntegratedComponent:60 - No mode defined for component null
2025-09-15 08:08:11,272 [INFO] UtilMem:74 - End LoadConfig() Used Memory: 650004992 Bytes (976224256)
2025-09-15 08:08:11,273 [WARN] ThirdParty:779 - waiting for thirdparty lock release [change project]
2025-09-15 08:08:11,273 [INFO] ThirdParty:781 - entering critical section [change project]
2025-09-15 08:08:11,273 [INFO] ThirdParty:967 - CMSIS Pack Vendor :STMicroelectronics USB_HOST 2.0.0
2025-09-15 08:08:11,273 [INFO] ThirdParty:967 - CMSIS Pack Vendor :STMicroelectronics FreeRTOS 0.0.1
2025-09-15 08:08:11,273 [INFO] ThirdParty:967 - CMSIS Pack Vendor :STMicroelectronics USB_DEVICE 1.0.0
2025-09-15 08:08:11,273 [INFO] ThirdParty:967 - CMSIS Pack Vendor :STMicroelectronics USB_DEVICE 3.0.0
2025-09-15 08:08:11,273 [INFO] ThirdParty:967 - CMSIS Pack Vendor :STMicroelectronics HAL Drivers 0.0.0
2025-09-15 08:08:11,273 [INFO] ThirdParty:967 - CMSIS Pack Vendor :STMicroelectronics MBEDTLS 2.16.2
2025-09-15 08:08:11,273 [INFO] ThirdParty:967 - CMSIS Pack Vendor :STMicroelectronics ThreadX 0.0.2
2025-09-15 08:08:11,273 [INFO] ThirdParty:967 - CMSIS Pack Vendor :STMicroelectronics lwIP 2.0.3
2025-09-15 08:08:11,273 [INFO] ThirdParty:967 - CMSIS Pack Vendor :STMicroelectronics lwIP 2.1.2
2025-09-15 08:08:11,273 [INFO] ThirdParty:967 - CMSIS Pack Vendor :STMicroelectronics MBEDTLS 2.14.1
2025-09-15 08:08:11,274 [INFO] ThirdParty:967 - CMSIS Pack Vendor :STMicroelectronics USB_HOST 1.0.0
2025-09-15 08:08:11,274 [INFO] ThirdParty:967 - CMSIS Pack Vendor :STMicroelectronics PDM2PCM 3.1.0
2025-09-15 08:08:11,274 [INFO] ThirdParty:967 - CMSIS Pack Vendor :STMicroelectronics PDM2PCM 3.2.0
2025-09-15 08:08:11,274 [INFO] ThirdParty:967 - CMSIS Pack Vendor :STMicroelectronics USB_DEVICE 2.0.0
2025-09-15 08:08:11,274 [INFO] ThirdParty:967 - CMSIS Pack Vendor :STMicroelectronics PDM2PCM 3.3.0
2025-09-15 08:08:11,274 [INFO] ThirdParty:787 - exiting critical section [change project]
2025-09-15 08:08:11,409 [INFO] PinOutPanel:1463 - setPackage(No Configuration,No Configuration)
2025-09-15 08:08:11,410 [INFO] PinOutPanel:1463 - setPackage(STM32F103C6Ux,UFQFPN48)
2025-09-15 08:08:11,774 [INFO] UtilMem:74 - Before build in PCC Used Memory: 432471312 Bytes (976224256)
2025-09-15 08:08:12,133 [INFO] UtilMem:74 - After build in PCC Used Memory: 500628752 Bytes (976224256)
2025-09-15 08:08:12,152 [INFO] IPUIPlugin:74 - create IPUIPlugin
2025-09-15 08:08:12,152 [INFO] IPUIPlugin:74 - create IPUIPlugin
2025-09-15 08:08:12,153 [INFO] IPUIPlugin:74 - create IPUIPlugin
2025-09-15 08:08:12,153 [INFO] IPUIPlugin:74 - create IPUIPlugin
2025-09-15 08:08:12,153 [INFO] IPUIPlugin:74 - create IPUIPlugin
2025-09-15 08:08:12,153 [INFO] IPUIPlugin:74 - create IPUIPlugin
2025-09-15 08:08:12,154 [INFO] IPUIPlugin:74 - create IPUIPlugin
2025-09-15 08:08:12,154 [INFO] IPUIPlugin:74 - create IPUIPlugin
2025-09-15 08:08:12,154 [INFO] IPUIPlugin:74 - create IPUIPlugin
2025-09-15 08:08:12,154 [INFO] IPUIPlugin:74 - create IPUIPlugin
2025-09-15 08:08:12,155 [INFO] IPUIPlugin:74 - create IPUIPlugin
2025-09-15 08:08:12,155 [INFO] IPUIPlugin:74 - create IPUIPlugin
2025-09-15 08:08:12,155 [INFO] IPUIPlugin:74 - create IPUIPlugin
2025-09-15 08:08:12,155 [INFO] IPUIPlugin:74 - create IPUIPlugin
2025-09-15 08:08:12,156 [INFO] IPUIPlugin:74 - create IPUIPlugin
2025-09-15 08:08:12,156 [INFO] IPUIPlugin:74 - create IPUIPlugin
2025-09-15 08:08:12,156 [INFO] IPUIPlugin:74 - create IPUIPlugin
2025-09-15 08:08:12,157 [INFO] IPUIPlugin:74 - create IPUIPlugin
2025-09-15 08:08:12,157 [INFO] IPUIPlugin:74 - create IPUIPlugin
2025-09-15 08:08:12,157 [INFO] IPUIPlugin:74 - create IPUIPlugin
2025-09-15 08:08:12,158 [INFO] IPUIPlugin:74 - create IPUIPlugin
2025-09-15 08:08:12,159 [INFO] IPUIPlugin:74 - create IPUIPlugin
2025-09-15 08:08:12,160 [INFO] IPUIPlugin:74 - create IPUIPlugin
2025-09-15 08:08:12,184 [INFO] OpenFileManager:333 - Restore cursor
2025-09-15 08:08:20,118 [INFO] Gpio:254 - dependency for GPIO []
2025-09-15 08:24:54,015 [INFO] MainUpdater:2671 - connection check result : 22
2025-09-15 08:24:54,016 [INFO] MainUpdater:2671 - connection check result : 22
2025-09-15 08:24:56,189 [INFO] MicroXplorer:448 - Change Database Path : 
2025-09-15 08:24:56,189 [INFO] MicroXplorer:478 - Change Database Version : DB.6.0.30
2025-09-15 08:24:56,190 [WARN] ThirdParty:813 - waiting for thirdparty lock release [close project]
2025-09-15 08:24:56,190 [INFO] ThirdParty:815 - entering critical section [close project]
2025-09-15 08:24:56,190 [INFO] ThirdParty:825 - exiting critical section [close project]
2025-09-15 08:24:56,191 [INFO] PinOutPanel:1463 - setPackage(No Configuration,No Configuration)
2025-09-15 08:24:56,193 [INFO] UtilMem:74 - Begin LoadConfig() Used Memory: 403755408 Bytes (976224256)
2025-09-15 08:24:56,194 [INFO] MicroXplorer:448 - Change Database Path : 
2025-09-15 08:24:56,194 [INFO] MicroXplorer:478 - Change Database Version : DB.6.0.30
2025-09-15 08:24:56,194 [INFO] OpenFileManager:313 - Change cursor
2025-09-15 08:24:56,700 [INFO] Context:592 - Trying to add GPIOservice into a context  which must be forbidden
2025-09-15 08:24:56,917 [INFO] RtosManager:484 - Registered RTOS mode: class=CMSIS, group=RTOS, mode=CMSIS_V1, owner=FREERTOS
2025-09-15 08:24:56,917 [INFO] RtosManager:484 - Registered RTOS mode: class=CMSIS, group=RTOS2, mode=CMSIS_V2, owner=FREERTOS
2025-09-15 08:24:56,917 [INFO] RtosManager:484 - Registered RTOS mode: class=RTOS, group=Core, mode=CMSIS_V1, owner=FREERTOS
2025-09-15 08:24:56,917 [INFO] RtosManager:484 - Registered RTOS mode: class=RTOS, group=Core, mode=CMSIS_V2, owner=FREERTOS
2025-09-15 08:24:56,918 [WARN] ModelIntegratedComponent:181 - Missing modes for component STMicroelectronics:FreeRTOS:0.0.1:STMicroelectronics:RTOS:FreeRTOS:Core:::10.2.0:
2025-09-15 08:24:56,918 [WARN] ModelIntegratedComponent:60 - No mode defined for component null
2025-09-15 08:24:56,918 [WARN] ModelIntegratedComponent:60 - No mode defined for component null
2025-09-15 08:24:56,918 [WARN] ModelIntegratedComponent:60 - No mode defined for component null
2025-09-15 08:24:56,918 [WARN] ModelIntegratedComponent:60 - No mode defined for component null
2025-09-15 08:24:56,918 [WARN] ModelIntegratedComponent:60 - No mode defined for component null
2025-09-15 08:24:56,918 [WARN] ModelIntegratedComponent:60 - No mode defined for component null
2025-09-15 08:24:56,918 [WARN] ModelIntegratedComponent:60 - No mode defined for component null
2025-09-15 08:24:56,918 [WARN] ModelIntegratedComponent:60 - No mode defined for component null
2025-09-15 08:24:56,919 [WARN] ModelIntegratedComponent:60 - No mode defined for component null
2025-09-15 08:24:56,919 [WARN] ModelIntegratedComponent:60 - No mode defined for component null
2025-09-15 08:24:56,919 [WARN] ModelIntegratedComponent:60 - No mode defined for component null
2025-09-15 08:24:56,919 [WARN] ModelIntegratedComponent:60 - No mode defined for component null
2025-09-15 08:24:56,919 [WARN] ModelIntegratedComponent:60 - No mode defined for component null
2025-09-15 08:24:56,919 [WARN] ModelIntegratedComponent:60 - No mode defined for component null
2025-09-15 08:24:56,919 [WARN] ModelIntegratedComponent:60 - No mode defined for component null
2025-09-15 08:24:56,919 [WARN] ModelIntegratedComponent:60 - No mode defined for component null
2025-09-15 08:24:56,919 [WARN] ModelIntegratedComponent:60 - No mode defined for component null
2025-09-15 08:24:56,919 [WARN] ModelIntegratedComponent:60 - No mode defined for component null
2025-09-15 08:24:56,919 [WARN] ModelIntegratedComponent:60 - No mode defined for component null
2025-09-15 08:24:56,920 [WARN] ModelIntegratedComponent:60 - No mode defined for component null
2025-09-15 08:24:56,920 [WARN] ModelIntegratedComponent:60 - No mode defined for component null
2025-09-15 08:24:56,920 [WARN] ModelIntegratedComponent:60 - No mode defined for component null
2025-09-15 08:24:56,920 [WARN] ModelIntegratedComponent:60 - No mode defined for component null
2025-09-15 08:24:56,920 [WARN] ModelIntegratedComponent:60 - No mode defined for component null
2025-09-15 08:24:56,920 [WARN] ModelIntegratedComponent:60 - No mode defined for component null
2025-09-15 08:24:56,920 [WARN] ModelIntegratedComponent:60 - No mode defined for component null
2025-09-15 08:24:56,920 [WARN] ModelIntegratedComponent:60 - No mode defined for component null
2025-09-15 08:24:56,920 [WARN] ModelIntegratedComponent:60 - No mode defined for component null
2025-09-15 08:24:56,920 [WARN] ModelIntegratedComponent:60 - No mode defined for component null
2025-09-15 08:24:56,920 [WARN] ModelIntegratedComponent:60 - No mode defined for component null
2025-09-15 08:24:56,921 [WARN] ModelIntegratedComponent:60 - No mode defined for component null
2025-09-15 08:24:57,039 [INFO] UtilMem:74 - End LoadConfig() Used Memory: 567311704 Bytes (976224256)
2025-09-15 08:24:57,040 [WARN] ThirdParty:779 - waiting for thirdparty lock release [change project]
2025-09-15 08:24:57,040 [INFO] ThirdParty:781 - entering critical section [change project]
2025-09-15 08:24:57,040 [INFO] ThirdParty:967 - CMSIS Pack Vendor :STMicroelectronics USB_HOST 2.0.0
2025-09-15 08:24:57,040 [INFO] ThirdParty:967 - CMSIS Pack Vendor :STMicroelectronics FreeRTOS 0.0.1
2025-09-15 08:24:57,040 [INFO] ThirdParty:967 - CMSIS Pack Vendor :STMicroelectronics USB_DEVICE 1.0.0
2025-09-15 08:24:57,040 [INFO] ThirdParty:967 - CMSIS Pack Vendor :STMicroelectronics USB_DEVICE 3.0.0
2025-09-15 08:24:57,040 [INFO] ThirdParty:967 - CMSIS Pack Vendor :STMicroelectronics HAL Drivers 0.0.0
2025-09-15 08:24:57,040 [INFO] ThirdParty:967 - CMSIS Pack Vendor :STMicroelectronics MBEDTLS 2.16.2
2025-09-15 08:24:57,041 [INFO] ThirdParty:967 - CMSIS Pack Vendor :STMicroelectronics ThreadX 0.0.2
2025-09-15 08:24:57,041 [INFO] ThirdParty:967 - CMSIS Pack Vendor :STMicroelectronics lwIP 2.0.3
2025-09-15 08:24:57,041 [INFO] ThirdParty:967 - CMSIS Pack Vendor :STMicroelectronics lwIP 2.1.2
2025-09-15 08:24:57,041 [INFO] ThirdParty:967 - CMSIS Pack Vendor :STMicroelectronics MBEDTLS 2.14.1
2025-09-15 08:24:57,041 [INFO] ThirdParty:967 - CMSIS Pack Vendor :STMicroelectronics USB_HOST 1.0.0
2025-09-15 08:24:57,041 [INFO] ThirdParty:967 - CMSIS Pack Vendor :STMicroelectronics PDM2PCM 3.1.0
2025-09-15 08:24:57,041 [INFO] ThirdParty:967 - CMSIS Pack Vendor :STMicroelectronics PDM2PCM 3.2.0
2025-09-15 08:24:57,041 [INFO] ThirdParty:967 - CMSIS Pack Vendor :STMicroelectronics USB_DEVICE 2.0.0
2025-09-15 08:24:57,041 [INFO] ThirdParty:967 - CMSIS Pack Vendor :STMicroelectronics PDM2PCM 3.3.0
2025-09-15 08:24:57,041 [INFO] ThirdParty:787 - exiting critical section [change project]
2025-09-15 08:24:57,175 [INFO] PinOutPanel:1463 - setPackage(No Configuration,No Configuration)
2025-09-15 08:24:57,176 [INFO] PinOutPanel:1463 - setPackage(STM32F103C6Ux,UFQFPN48)
2025-09-15 08:24:57,415 [INFO] UtilMem:74 - Before build in PCC Used Memory: 650675544 Bytes (976224256)
2025-09-15 08:24:57,678 [INFO] UtilMem:74 - After build in PCC Used Memory: 719355224 Bytes (976224256)
2025-09-15 08:24:57,696 [INFO] IPUIPlugin:74 - create IPUIPlugin
2025-09-15 08:24:57,696 [INFO] IPUIPlugin:74 - create IPUIPlugin
2025-09-15 08:24:57,696 [INFO] IPUIPlugin:74 - create IPUIPlugin
2025-09-15 08:24:57,696 [INFO] IPUIPlugin:74 - create IPUIPlugin
2025-09-15 08:24:57,697 [INFO] IPUIPlugin:74 - create IPUIPlugin
2025-09-15 08:24:57,697 [INFO] IPUIPlugin:74 - create IPUIPlugin
2025-09-15 08:24:57,697 [INFO] IPUIPlugin:74 - create IPUIPlugin
2025-09-15 08:24:57,697 [INFO] IPUIPlugin:74 - create IPUIPlugin
2025-09-15 08:24:57,697 [INFO] IPUIPlugin:74 - create IPUIPlugin
2025-09-15 08:24:57,697 [INFO] IPUIPlugin:74 - create IPUIPlugin
2025-09-15 08:24:57,698 [INFO] IPUIPlugin:74 - create IPUIPlugin
2025-09-15 08:24:57,698 [INFO] IPUIPlugin:74 - create IPUIPlugin
2025-09-15 08:24:57,698 [INFO] IPUIPlugin:74 - create IPUIPlugin
2025-09-15 08:24:57,699 [INFO] IPUIPlugin:74 - create IPUIPlugin
2025-09-15 08:24:57,699 [INFO] IPUIPlugin:74 - create IPUIPlugin
2025-09-15 08:24:57,699 [INFO] IPUIPlugin:74 - create IPUIPlugin
2025-09-15 08:24:57,700 [INFO] IPUIPlugin:74 - create IPUIPlugin
2025-09-15 08:24:57,700 [INFO] IPUIPlugin:74 - create IPUIPlugin
2025-09-15 08:24:57,700 [INFO] IPUIPlugin:74 - create IPUIPlugin
2025-09-15 08:24:57,701 [INFO] IPUIPlugin:74 - create IPUIPlugin
2025-09-15 08:24:57,701 [INFO] IPUIPlugin:74 - create IPUIPlugin
2025-09-15 08:24:57,702 [INFO] IPUIPlugin:74 - create IPUIPlugin
2025-09-15 08:24:57,702 [INFO] IPUIPlugin:74 - create IPUIPlugin
2025-09-15 08:24:57,714 [INFO] OpenFileManager:333 - Restore cursor
2025-09-15 08:25:05,101 [INFO] Gpio:254 - dependency for GPIO []
2025-09-15 09:21:26,848 [ERROR] LogOutputStream:74 - [STDERR_REDIRECT] Exception in thread "AWT-EventQueue-0" org.eclipse.swt.SWTException: Device is disposed
2025-09-15 09:21:26,850 [ERROR] LogOutputStream:74 - [STDERR_REDIRECT] 	at org.eclipse.swt.SWT.error(SWT.java:4889)
2025-09-15 09:21:26,852 [ERROR] LogOutputStream:74 - [STDERR_REDIRECT] 	at org.eclipse.swt.SWT.error(SWT.java:4804)
2025-09-15 09:21:26,853 [ERROR] LogOutputStream:74 - [STDERR_REDIRECT] 	at org.eclipse.swt.SWT.error(SWT.java:4775)
2025-09-15 09:21:26,856 [ERROR] LogOutputStream:74 - [STDERR_REDIRECT] 	at org.eclipse.swt.widgets.Display.error(Display.java:1262)
2025-09-15 09:21:26,857 [ERROR] LogOutputStream:74 - [STDERR_REDIRECT] 	at org.eclipse.swt.widgets.Display.asyncExec(Display.java:779)
2025-09-15 09:21:26,861 [ERROR] LogOutputStream:74 - [STDERR_REDIRECT] 	at com.st.stm32cube.common.mx.oss.core.awtswtbridge.AwtEnvironment$2.run(AwtEnvironment.java:168)
2025-09-15 09:21:26,863 [ERROR] LogOutputStream:74 - [STDERR_REDIRECT] 	at java.desktop/java.awt.event.InvocationEvent.dispatch(InvocationEvent.java:313)
2025-09-15 09:21:26,866 [ERROR] LogOutputStream:74 - [STDERR_REDIRECT] 	at java.desktop/java.awt.EventQueue.dispatchEventImpl(EventQueue.java:770)
2025-09-15 09:21:26,869 [ERROR] LogOutputStream:74 - [STDERR_REDIRECT] 	at java.desktop/java.awt.EventQueue$4.run(EventQueue.java:721)
2025-09-15 09:21:26,870 [ERROR] LogOutputStream:74 - [STDERR_REDIRECT] 	at java.desktop/java.awt.EventQueue$4.run(EventQueue.java:715)
2025-09-15 09:21:26,872 [ERROR] LogOutputStream:74 - [STDERR_REDIRECT] 	at java.base/java.security.AccessController.doPrivileged(Native Method)
2025-09-15 09:21:26,875 [ERROR] LogOutputStream:74 - [STDERR_REDIRECT] 	at java.base/java.security.ProtectionDomain$JavaSecurityAccessImpl.doIntersectionPrivilege(ProtectionDomain.java:85)
2025-09-15 09:21:26,877 [ERROR] LogOutputStream:74 - [STDERR_REDIRECT] 	at java.desktop/java.awt.EventQueue.dispatchEvent(EventQueue.java:740)
2025-09-15 09:21:26,880 [ERROR] LogOutputStream:74 - [STDERR_REDIRECT] 	at java.desktop/java.awt.EventDispatchThread.pumpOneEventForFilters(EventDispatchThread.java:203)
2025-09-15 09:21:26,882 [ERROR] LogOutputStream:74 - [STDERR_REDIRECT] 	at java.desktop/java.awt.EventDispatchThread.pumpEventsForFilter(EventDispatchThread.java:124)
2025-09-15 09:21:26,885 [ERROR] LogOutputStream:74 - [STDERR_REDIRECT] 	at java.desktop/java.awt.EventDispatchThread.pumpEventsForHierarchy(EventDispatchThread.java:113)
2025-09-15 09:21:26,887 [ERROR] LogOutputStream:74 - [STDERR_REDIRECT] 	at java.desktop/java.awt.EventDispatchThread.pumpEvents(EventDispatchThread.java:109)
2025-09-15 09:21:26,891 [ERROR] LogOutputStream:74 - [STDERR_REDIRECT] 	at java.desktop/java.awt.EventDispatchThread.pumpEvents(EventDispatchThread.java:101)
2025-09-15 09:21:26,893 [ERROR] LogOutputStream:74 - [STDERR_REDIRECT] 	at java.desktop/java.awt.EventDispatchThread.run(EventDispatchThread.java:90)
2025-09-15 09:21:26,913 [ERROR] LogOutputStream:74 - [STDERR_REDIRECT] Exception in thread "AWT-EventQueue-0" org.eclipse.swt.SWTException: Device is disposed
2025-09-15 09:21:26,914 [ERROR] LogOutputStream:74 - [STDERR_REDIRECT] 	at org.eclipse.swt.SWT.error(SWT.java:4889)
2025-09-15 09:21:26,916 [ERROR] LogOutputStream:74 - [STDERR_REDIRECT] 	at org.eclipse.swt.SWT.error(SWT.java:4804)
2025-09-15 09:21:26,917 [ERROR] LogOutputStream:74 - [STDERR_REDIRECT] 	at org.eclipse.swt.SWT.error(SWT.java:4775)
2025-09-15 09:21:26,919 [ERROR] LogOutputStream:74 - [STDERR_REDIRECT] 	at org.eclipse.swt.widgets.Display.error(Display.java:1262)
2025-09-15 09:21:26,920 [ERROR] LogOutputStream:74 - [STDERR_REDIRECT] 	at org.eclipse.swt.widgets.Display.asyncExec(Display.java:779)
2025-09-15 09:21:26,923 [ERROR] LogOutputStream:74 - [STDERR_REDIRECT] 	at com.st.stm32cube.common.mx.oss.core.awtswtbridge.AwtEnvironment$2.run(AwtEnvironment.java:168)
2025-09-15 09:21:26,925 [ERROR] LogOutputStream:74 - [STDERR_REDIRECT] 	at java.desktop/java.awt.event.InvocationEvent.dispatch(InvocationEvent.java:313)
2025-09-15 09:21:26,927 [ERROR] LogOutputStream:74 - [STDERR_REDIRECT] 	at java.desktop/java.awt.EventQueue.dispatchEventImpl(EventQueue.java:770)
2025-09-15 09:21:26,929 [ERROR] LogOutputStream:74 - [STDERR_REDIRECT] 	at java.desktop/java.awt.EventQueue$4.run(EventQueue.java:721)
2025-09-15 09:21:26,930 [ERROR] LogOutputStream:74 - [STDERR_REDIRECT] 	at java.desktop/java.awt.EventQueue$4.run(EventQueue.java:715)
2025-09-15 09:21:26,932 [ERROR] LogOutputStream:74 - [STDERR_REDIRECT] 	at java.base/java.security.AccessController.doPrivileged(Native Method)
2025-09-15 09:21:26,935 [ERROR] LogOutputStream:74 - [STDERR_REDIRECT] 	at java.base/java.security.ProtectionDomain$JavaSecurityAccessImpl.doIntersectionPrivilege(ProtectionDomain.java:85)
2025-09-15 09:21:26,937 [ERROR] LogOutputStream:74 - [STDERR_REDIRECT] 	at java.desktop/java.awt.EventQueue.dispatchEvent(EventQueue.java:740)
2025-09-15 09:21:26,940 [ERROR] LogOutputStream:74 - [STDERR_REDIRECT] 	at java.desktop/java.awt.EventDispatchThread.pumpOneEventForFilters(EventDispatchThread.java:203)
2025-09-15 09:21:26,942 [ERROR] LogOutputStream:74 - [STDERR_REDIRECT] 	at java.desktop/java.awt.EventDispatchThread.pumpEventsForFilter(EventDispatchThread.java:124)
2025-09-15 09:21:26,945 [ERROR] LogOutputStream:74 - [STDERR_REDIRECT] 	at java.desktop/java.awt.EventDispatchThread.pumpEventsForHierarchy(EventDispatchThread.java:113)
2025-09-15 09:21:26,947 [ERROR] LogOutputStream:74 - [STDERR_REDIRECT] 	at java.desktop/java.awt.EventDispatchThread.pumpEvents(EventDispatchThread.java:109)
2025-09-15 09:21:26,952 [ERROR] LogOutputStream:74 - [STDERR_REDIRECT] 	at java.desktop/java.awt.EventDispatchThread.pumpEvents(EventDispatchThread.java:101)
2025-09-15 09:21:26,955 [ERROR] LogOutputStream:74 - [STDERR_REDIRECT] 	at java.desktop/java.awt.EventDispatchThread.run(EventDispatchThread.java:90)
2025-09-15 10:05:29,192 [INFO] Activator:177 - 


2025-09-15 10:05:29,194 [INFO] Activator:178 - !SESSION log4j initialized
2025-09-15 10:20:15,628 [INFO] McuFinderGlobals:39 - Set McuFinder mode to 2 (CubeIDE integrated)
2025-09-15 10:20:16,352 [INFO] ApplicationProperties:181 - Using Application install path: D:\STM32CubeIDE_1.7.0\STM32CubeIDE\plugins\com.st.stm32cube.common.mx_6.3.0.202107141111
2025-09-15 10:20:16,367 [INFO] DbMcusXml:74 - Set database path to: D:\STM32CubeIDE_1.7.0\STM32CubeIDE\plugins\com.st.stm32cube.common.mx_6.3.0.202107141111\\db\/mcu/
2025-09-15 10:20:16,371 [INFO] DbBoardsPdsc:56 - Set plugin database path to: D:\STM32CubeIDE_1.7.0\STM32CubeIDE\plugins\com.st.stm32cube.common.mx_6.3.0.202107141111\\db\/plugins/boardmanager/
2025-09-15 10:20:16,371 [INFO] DbMcus:258 - Set plugin images path to: D:\STM32CubeIDE_1.7.0\STM32CubeIDE\plugins\com.st.stm32cube.common.mx_6.3.0.202107141111\\db\/plugins/mcufinder/images/
2025-09-15 10:20:16,371 [INFO] DbBoards:264 - Set plugin images path to: D:\STM32CubeIDE_1.7.0\STM32CubeIDE\plugins\com.st.stm32cube.common.mx_6.3.0.202107141111\\db\/plugins/mcufinder/images/
2025-09-15 10:20:16,374 [INFO] DbExamples:333 - Set plugin images path to: D:\STM32CubeIDE_1.7.0\STM32CubeIDE\plugins\com.st.stm32cube.common.mx_6.3.0.202107141111\\db\/plugins/mcufinder/images/
2025-09-15 10:20:16,378 [INFO] DbMcusAds:119 - Set database path to: C:\Users\ACER\.stmcufinder\plugins\mcufinder//mcu/
2025-09-15 10:20:16,379 [INFO] DbMcusDocs:110 - Set database path to: C:\Users\ACER\.stmcufinder\plugins\mcufinder//mcu/
2025-09-15 10:20:16,381 [INFO] DbMcusJson:64 - Set database path to: C:\Users\ACER\.stmcufinder\plugins\mcufinder//mcu/
2025-09-15 10:20:16,382 [INFO] DbBoardsDocs:110 - Set database path to: C:\Users\ACER\.stmcufinder\plugins\mcufinder//mcu/
2025-09-15 10:20:16,383 [INFO] DbBoardsJson:57 - Set database path to: C:\Users\ACER\.stmcufinder\plugins\mcufinder//mcu/
2025-09-15 10:20:16,433 [INFO] CrossReferenceDbSqlite:196 - Set database path to: C:\Users\ACER\.stmcufinder\plugins\mcufinder//mcu/cs/
2025-09-15 10:20:16,438 [INFO] DbExamplesSqlite:767 - Set database path to: C:\Users\ACER\.stmcufinder\plugins\mcufinder//mcu/
2025-09-15 10:20:16,545 [INFO] RulesReader:57 - Compatibility file has been processed (242 Rules)
2025-09-15 10:20:16,647 [INFO] DbMcusXml:74 - Set database path to: D:\STM32CubeIDE_1.7.0\STM32CubeIDE\plugins\com.st.stm32cube.common.mx_6.3.0.202107141111\\db\/mcu/
2025-09-15 10:20:16,649 [INFO] DbBoardsPdsc:56 - Set plugin database path to: D:\STM32CubeIDE_1.7.0\STM32CubeIDE\plugins\com.st.stm32cube.common.mx_6.3.0.202107141111\\db\/plugins/boardmanager/
2025-09-15 10:20:16,649 [INFO] DbMcus:258 - Set plugin images path to: D:\STM32CubeIDE_1.7.0\STM32CubeIDE\plugins\com.st.stm32cube.common.mx_6.3.0.202107141111\\db\/plugins/mcufinder/images/
2025-09-15 10:20:16,649 [INFO] DbBoards:264 - Set plugin images path to: D:\STM32CubeIDE_1.7.0\STM32CubeIDE\plugins\com.st.stm32cube.common.mx_6.3.0.202107141111\\db\/plugins/mcufinder/images/
2025-09-15 10:20:16,649 [INFO] DbExamples:333 - Set plugin images path to: D:\STM32CubeIDE_1.7.0\STM32CubeIDE\plugins\com.st.stm32cube.common.mx_6.3.0.202107141111\\db\/plugins/mcufinder/images/
2025-09-15 10:20:16,649 [WARN] DbFile:35 - Overriding database path with different value: C:\Users\ACER\.stmcufinder\plugins\mcufinder/ => C:\Users\ACER\.stmcufinder\plugins\mcufinder
2025-09-15 10:20:16,649 [INFO] DbMcusAds:119 - Set database path to: C:\Users\ACER\.stmcufinder\plugins\mcufinder//mcu/
2025-09-15 10:20:16,649 [WARN] DbFile:35 - Overriding database path with different value: C:\Users\ACER\.stmcufinder\plugins\mcufinder/ => C:\Users\ACER\.stmcufinder\plugins\mcufinder
2025-09-15 10:20:16,650 [INFO] DbMcusDocs:110 - Set database path to: C:\Users\ACER\.stmcufinder\plugins\mcufinder//mcu/
2025-09-15 10:20:16,650 [WARN] DbFile:35 - Overriding database path with different value: C:\Users\ACER\.stmcufinder\plugins\mcufinder/ => C:\Users\ACER\.stmcufinder\plugins\mcufinder
2025-09-15 10:20:16,650 [INFO] DbMcusJson:64 - Set database path to: C:\Users\ACER\.stmcufinder\plugins\mcufinder//mcu/
2025-09-15 10:20:16,650 [WARN] DbFile:35 - Overriding database path with different value: C:\Users\ACER\.stmcufinder\plugins\mcufinder/ => C:\Users\ACER\.stmcufinder\plugins\mcufinder
2025-09-15 10:20:16,650 [INFO] DbBoardsDocs:110 - Set database path to: C:\Users\ACER\.stmcufinder\plugins\mcufinder//mcu/
2025-09-15 10:20:16,650 [WARN] DbFile:35 - Overriding database path with different value: C:\Users\ACER\.stmcufinder\plugins\mcufinder/ => C:\Users\ACER\.stmcufinder\plugins\mcufinder
2025-09-15 10:20:16,650 [INFO] DbBoardsJson:57 - Set database path to: C:\Users\ACER\.stmcufinder\plugins\mcufinder//mcu/
2025-09-15 10:20:16,650 [WARN] DbFile:35 - Overriding database path with different value: C:\Users\ACER\.stmcufinder\plugins\mcufinder/ => C:\Users\ACER\.stmcufinder\plugins\mcufinder
2025-09-15 10:20:16,650 [WARN] DbFile:35 - Overriding database path with different value: C:\Users\ACER\.stmcufinder\plugins\mcufinder/ => C:\Users\ACER\.stmcufinder\plugins\mcufinder
2025-09-15 10:20:16,651 [INFO] CrossReferenceDbSqlite:196 - Set database path to: C:\Users\ACER\.stmcufinder\plugins\mcufinder//mcu/cs/
2025-09-15 10:20:16,651 [WARN] DbFile:35 - Overriding database path with different value: C:\Users\ACER\.stmcufinder\plugins\mcufinder/ => C:\Users\ACER\.stmcufinder\plugins\mcufinder
2025-09-15 10:20:16,651 [INFO] DbExamplesSqlite:767 - Set database path to: C:\Users\ACER\.stmcufinder\plugins\mcufinder//mcu/
2025-09-15 10:20:16,732 [INFO] MainPanel:214 - HeapMemory: 957349888
2025-09-15 10:20:16,832 [INFO] DbMcusXml:74 - Set database path to: D:\STM32CubeIDE_1.7.0\STM32CubeIDE\plugins\com.st.stm32cube.common.mx_6.3.0.202107141111\\db\/mcu/
2025-09-15 10:20:16,832 [INFO] DbBoardsPdsc:56 - Set plugin database path to: D:\STM32CubeIDE_1.7.0\STM32CubeIDE\plugins\com.st.stm32cube.common.mx_6.3.0.202107141111\\db\/plugins/boardmanager/
2025-09-15 10:20:16,832 [INFO] DbMcus:258 - Set plugin images path to: D:\STM32CubeIDE_1.7.0\STM32CubeIDE\plugins\com.st.stm32cube.common.mx_6.3.0.202107141111\\db\/plugins/mcufinder/images/
2025-09-15 10:20:16,832 [INFO] DbBoards:264 - Set plugin images path to: D:\STM32CubeIDE_1.7.0\STM32CubeIDE\plugins\com.st.stm32cube.common.mx_6.3.0.202107141111\\db\/plugins/mcufinder/images/
2025-09-15 10:20:16,832 [INFO] DbExamples:333 - Set plugin images path to: D:\STM32CubeIDE_1.7.0\STM32CubeIDE\plugins\com.st.stm32cube.common.mx_6.3.0.202107141111\\db\/plugins/mcufinder/images/
2025-09-15 10:20:16,833 [WARN] DbFile:35 - Overriding database path with different value: C:\Users\ACER\.stmcufinder\plugins\mcufinder/ => C:\Users\ACER\.stmcufinder\plugins\mcufinder
2025-09-15 10:20:16,833 [INFO] DbMcusAds:119 - Set database path to: C:\Users\ACER\.stmcufinder\plugins\mcufinder//mcu/
2025-09-15 10:20:16,833 [WARN] DbFile:35 - Overriding database path with different value: C:\Users\ACER\.stmcufinder\plugins\mcufinder/ => C:\Users\ACER\.stmcufinder\plugins\mcufinder
2025-09-15 10:20:16,833 [INFO] DbMcusDocs:110 - Set database path to: C:\Users\ACER\.stmcufinder\plugins\mcufinder//mcu/
2025-09-15 10:20:16,833 [WARN] DbFile:35 - Overriding database path with different value: C:\Users\ACER\.stmcufinder\plugins\mcufinder/ => C:\Users\ACER\.stmcufinder\plugins\mcufinder
2025-09-15 10:20:16,833 [INFO] DbMcusJson:64 - Set database path to: C:\Users\ACER\.stmcufinder\plugins\mcufinder//mcu/
2025-09-15 10:20:16,834 [WARN] DbFile:35 - Overriding database path with different value: C:\Users\ACER\.stmcufinder\plugins\mcufinder/ => C:\Users\ACER\.stmcufinder\plugins\mcufinder
2025-09-15 10:20:16,834 [INFO] DbBoardsDocs:110 - Set database path to: C:\Users\ACER\.stmcufinder\plugins\mcufinder//mcu/
2025-09-15 10:20:16,834 [WARN] DbFile:35 - Overriding database path with different value: C:\Users\ACER\.stmcufinder\plugins\mcufinder/ => C:\Users\ACER\.stmcufinder\plugins\mcufinder
2025-09-15 10:20:16,834 [INFO] DbBoardsJson:57 - Set database path to: C:\Users\ACER\.stmcufinder\plugins\mcufinder//mcu/
2025-09-15 10:20:16,834 [WARN] DbFile:35 - Overriding database path with different value: C:\Users\ACER\.stmcufinder\plugins\mcufinder/ => C:\Users\ACER\.stmcufinder\plugins\mcufinder
2025-09-15 10:20:16,834 [WARN] DbFile:35 - Overriding database path with different value: C:\Users\ACER\.stmcufinder\plugins\mcufinder/ => C:\Users\ACER\.stmcufinder\plugins\mcufinder
2025-09-15 10:20:16,834 [INFO] CrossReferenceDbSqlite:196 - Set database path to: C:\Users\ACER\.stmcufinder\plugins\mcufinder//mcu/cs/
2025-09-15 10:20:16,834 [WARN] DbFile:35 - Overriding database path with different value: C:\Users\ACER\.stmcufinder\plugins\mcufinder/ => C:\Users\ACER\.stmcufinder\plugins\mcufinder
2025-09-15 10:20:16,834 [INFO] DbExamplesSqlite:767 - Set database path to: C:\Users\ACER\.stmcufinder\plugins\mcufinder//mcu/
2025-09-15 10:20:16,857 [INFO] ApplicationProperties:181 - Using Application install path: D:\STM32CubeIDE_1.7.0\STM32CubeIDE\plugins\com.st.stm32cube.common.mx_6.3.0.202107141111
2025-09-15 10:20:16,858 [INFO] PluginManage:188 - Search for loadable plugins [exclusion list=, ]
2025-09-15 10:20:16,859 [INFO] PluginManage:302 - Check plugin analytics
2025-09-15 10:20:17,048 [INFO] AnalyticsPlugin:257 - Accepted Software Licenses: 
2025-09-15 10:20:17,049 [INFO] AnalyticsPlugin:259 - Accepted CMSIS Pack Licenses: 
2025-09-15 10:20:17,049 [INFO] AnalyticsPlugin:261 - Accepted Firmware Licenses: 
2025-09-15 10:20:17,050 [INFO] PluginManage:352 - Loaded plugin analytics (category:tool,tabindex:-1)
2025-09-15 10:20:17,050 [INFO] PluginManage:302 - Check plugin clock
2025-09-15 10:20:17,082 [INFO] PluginManage:352 - Loaded plugin clock (category:base,tabindex:2)
2025-09-15 10:20:17,083 [INFO] PluginManage:302 - Check plugin ddr
2025-09-15 10:20:17,085 [INFO] PluginManage:352 - Loaded plugin ddr (category:tool,tabindex:6)
2025-09-15 10:20:17,085 [INFO] PluginManage:302 - Check plugin filemanager
2025-09-15 10:20:17,223 [INFO] PluginManage:352 - Loaded plugin filemanager (category:base,tabindex:10)
2025-09-15 10:20:17,223 [INFO] PluginManage:302 - Check plugin ipmanager
2025-09-15 10:20:17,233 [INFO] PluginManage:352 - Loaded plugin ipmanager (category:base,tabindex:5)
2025-09-15 10:20:17,233 [INFO] PluginManage:302 - Check plugin pinoutandconfiguration
2025-09-15 10:20:17,262 [INFO] PluginManage:352 - Loaded plugin pinoutandconfiguration (category:base,tabindex:1)
2025-09-15 10:20:17,262 [INFO] PluginManage:302 - Check plugin pinoutconfig
2025-09-15 10:20:17,313 [INFO] PluginManage:352 - Loaded plugin pinoutconfig (category:base,tabindex:0)
2025-09-15 10:20:17,313 [INFO] PluginManage:302 - Check plugin power
2025-09-15 10:20:17,342 [INFO] PluginManage:352 - Loaded plugin power (category:power,tabindex:4)
2025-09-15 10:20:17,342 [INFO] PluginManage:302 - Check plugin projectmanager
2025-09-15 10:20:17,361 [INFO] PluginManage:352 - Loaded plugin projectmanager (category:projectmanager,tabindex:3)
2025-09-15 10:20:17,361 [INFO] PluginManage:302 - Check plugin thirdparty
2025-09-15 10:20:17,701 [WARN] IntegrityCheckThread:78 - waiting for thirdparty lock release [integrity check]
2025-09-15 10:20:17,701 [INFO] PluginManage:352 - Loaded plugin thirdparty (category:base,tabindex:-1)
2025-09-15 10:20:17,702 [INFO] IntegrityCheckThread:80 - entering critical section [integrity check]
2025-09-15 10:20:17,702 [INFO] PluginManage:302 - Check plugin tools
2025-09-15 10:20:17,702 [INFO] ThirdPartyUpdaterWithRetryManager:66 - Updater plugin not ready yet. [1/15]
2025-09-15 10:20:17,811 [INFO] PluginManage:352 - Loaded plugin tools (category:base,tabindex:7)
2025-09-15 10:20:17,811 [INFO] PluginManage:302 - Check plugin tutovideos
2025-09-15 10:20:18,089 [INFO] PluginManage:352 - Loaded plugin tutovideos (category:base,tabindex:-1)
2025-09-15 10:20:18,089 [INFO] PluginManage:302 - Check plugin updater
2025-09-15 10:20:18,101 [INFO] PluginManage:352 - Loaded plugin updater (category:base,tabindex:12)
2025-09-15 10:20:18,102 [INFO] PluginManage:275 - PluginManage : Loaded plugins [13]
2025-09-15 10:20:18,298 [INFO] PinOutPanel:1463 - setPackage(No Configuration,No Configuration)
2025-09-15 10:20:18,415 [INFO] IPUIPlugin:74 - create IPUIPlugin
2025-09-15 10:20:18,415 [INFO] PluginManager:213 - loadIPPluginJar : add adc
2025-09-15 10:20:18,498 [INFO] IPUIPlugin:74 - create IPUIPlugin
2025-09-15 10:20:18,498 [INFO] PluginManager:213 - loadIPPluginJar : add aes
2025-09-15 10:20:18,584 [INFO] IPUIPlugin:74 - create IPUIPlugin
2025-09-15 10:20:18,584 [INFO] PluginManager:213 - loadIPPluginJar : add can
2025-09-15 10:20:18,644 [INFO] IPUIPlugin:74 - create IPUIPlugin
2025-09-15 10:20:18,644 [INFO] PluginManager:213 - loadIPPluginJar : add comp
2025-09-15 10:20:18,710 [INFO] IPUIPlugin:74 - create IPUIPlugin
2025-09-15 10:20:18,710 [INFO] PluginManager:213 - loadIPPluginJar : add cryp
2025-09-15 10:20:18,782 [INFO] IPUIPlugin:74 - create IPUIPlugin
2025-09-15 10:20:18,782 [INFO] PluginManager:213 - loadIPPluginJar : add dfsdm
2025-09-15 10:20:18,804 [INFO] IPUIPlugin:74 - create IPUIPlugin
2025-09-15 10:20:18,804 [INFO] PluginManager:213 - loadIPPluginJar : add dma
2025-09-15 10:20:18,891 [INFO] IPUIPlugin:74 - create IPUIPlugin
2025-09-15 10:20:18,891 [INFO] PluginManager:213 - loadIPPluginJar : add dma3
2025-09-15 10:20:18,943 [INFO] IPUIPlugin:74 - create IPUIPlugin
2025-09-15 10:20:18,944 [INFO] PluginManager:213 - loadIPPluginJar : add fatfs
2025-09-15 10:20:19,042 [INFO] IPUIPlugin:74 - create IPUIPlugin
2025-09-15 10:20:19,043 [INFO] PluginManager:213 - loadIPPluginJar : add fmc
2025-09-15 10:20:19,066 [INFO] IPUIPlugin:74 - create IPUIPlugin
2025-09-15 10:20:19,066 [INFO] PluginManager:213 - loadIPPluginJar : add freertos
2025-09-15 10:20:19,123 [INFO] IPUIPlugin:74 - create IPUIPlugin
2025-09-15 10:20:19,124 [INFO] PluginManager:213 - loadIPPluginJar : add genericplugin
2025-09-15 10:20:19,351 [INFO] IPUIPlugin:74 - create IPUIPlugin
2025-09-15 10:20:19,351 [INFO] PluginManager:213 - loadIPPluginJar : add gfxmmu
2025-09-15 10:20:19,632 [INFO] IPUIPlugin:74 - create IPUIPlugin
2025-09-15 10:20:19,633 [INFO] PluginManager:213 - loadIPPluginJar : add gic
2025-09-15 10:20:19,659 [INFO] IPUIPlugin:74 - create IPUIPlugin
2025-09-15 10:20:19,660 [INFO] PluginManager:213 - loadIPPluginJar : add gpio
2025-09-15 10:20:19,830 [INFO] IPUIPlugin:74 - create IPUIPlugin
2025-09-15 10:20:19,830 [INFO] PluginManager:213 - loadIPPluginJar : add gtzc
2025-09-15 10:20:19,911 [INFO] IPUIPlugin:74 - create IPUIPlugin
2025-09-15 10:20:19,911 [INFO] PluginManager:213 - loadIPPluginJar : add hash
2025-09-15 10:20:20,011 [INFO] IPUIPlugin:74 - create IPUIPlugin
2025-09-15 10:20:20,011 [INFO] PluginManager:213 - loadIPPluginJar : add i2c
2025-09-15 10:20:20,090 [INFO] IPUIPlugin:74 - create IPUIPlugin
2025-09-15 10:20:20,091 [INFO] PluginManager:213 - loadIPPluginJar : add i2s
2025-09-15 10:20:20,110 [INFO] IPUIPlugin:74 - create IPUIPlugin
2025-09-15 10:20:20,111 [INFO] PluginManager:213 - loadIPPluginJar : add ipddr
2025-09-15 10:20:20,270 [INFO] IPUIPlugin:74 - create IPUIPlugin
2025-09-15 10:20:20,270 [INFO] PluginManager:213 - loadIPPluginJar : add linkedlist
2025-09-15 10:20:20,348 [INFO] IPUIPlugin:74 - create IPUIPlugin
2025-09-15 10:20:20,348 [INFO] PluginManager:213 - loadIPPluginJar : add lorawan
2025-09-15 10:20:20,426 [INFO] IPUIPlugin:74 - create IPUIPlugin
2025-09-15 10:20:20,426 [INFO] PluginManager:213 - loadIPPluginJar : add ltdc
2025-09-15 10:20:20,446 [INFO] IPUIPlugin:74 - create IPUIPlugin
2025-09-15 10:20:20,446 [INFO] PluginManager:213 - loadIPPluginJar : add mdma
2025-09-15 10:20:20,464 [INFO] IPUIPlugin:74 - create IPUIPlugin
2025-09-15 10:20:20,464 [INFO] PluginManager:213 - loadIPPluginJar : add nvic
2025-09-15 10:20:20,542 [INFO] IPUIPlugin:74 - create IPUIPlugin
2025-09-15 10:20:20,542 [INFO] PluginManager:213 - loadIPPluginJar : add opamp
2025-09-15 10:20:20,656 [INFO] IPUIPlugin:74 - create IPUIPlugin
2025-09-15 10:20:20,656 [INFO] PluginManager:213 - loadIPPluginJar : add openamp
2025-09-15 10:20:20,716 [INFO] ThirdPartyUpdaterWithRetryManager:66 - Updater plugin not ready yet. [2/15]
2025-09-15 10:20:20,742 [INFO] IPUIPlugin:74 - create IPUIPlugin
2025-09-15 10:20:20,742 [INFO] PluginManager:213 - loadIPPluginJar : add pdm2pcm
2025-09-15 10:20:20,765 [INFO] IPUIPlugin:74 - create IPUIPlugin
2025-09-15 10:20:20,769 [INFO] PluginManager:213 - loadIPPluginJar : add plateformsettings
2025-09-15 10:20:20,825 [INFO] IPUIPlugin:74 - create IPUIPlugin
2025-09-15 10:20:20,826 [INFO] PluginManager:213 - loadIPPluginJar : add quadspi
2025-09-15 10:20:20,846 [INFO] IPUIPlugin:74 - create IPUIPlugin
2025-09-15 10:20:20,846 [INFO] PluginManager:213 - loadIPPluginJar : add resmgrutility
2025-09-15 10:20:20,944 [INFO] IPUIPlugin:74 - create IPUIPlugin
2025-09-15 10:20:20,944 [INFO] PluginManager:213 - loadIPPluginJar : add sai
2025-09-15 10:20:21,023 [INFO] IPUIPlugin:74 - create IPUIPlugin
2025-09-15 10:20:21,023 [INFO] PluginManager:213 - loadIPPluginJar : add spi
2025-09-15 10:20:21,122 [INFO] IPUIPlugin:74 - create IPUIPlugin
2025-09-15 10:20:21,122 [INFO] PluginManager:213 - loadIPPluginJar : add stm32_wpan
2025-09-15 10:20:21,182 [INFO] IPUIPlugin:74 - create IPUIPlugin
2025-09-15 10:20:21,182 [INFO] PluginManager:213 - loadIPPluginJar : add tim
2025-09-15 10:20:21,295 [INFO] IPUIPlugin:74 - create IPUIPlugin
2025-09-15 10:20:21,295 [INFO] PluginManager:213 - loadIPPluginJar : add touchsensing
2025-09-15 10:20:21,352 [INFO] IPUIPlugin:74 - create IPUIPlugin
2025-09-15 10:20:21,353 [INFO] PluginManager:213 - loadIPPluginJar : add tracer_emb
2025-09-15 10:20:21,413 [INFO] IPUIPlugin:74 - create IPUIPlugin
2025-09-15 10:20:21,414 [INFO] PluginManager:213 - loadIPPluginJar : add ts
2025-09-15 10:20:21,473 [INFO] IPUIPlugin:74 - create IPUIPlugin
2025-09-15 10:20:21,473 [INFO] PluginManager:213 - loadIPPluginJar : add tsc
2025-09-15 10:20:21,527 [INFO] IPUIPlugin:74 - create IPUIPlugin
2025-09-15 10:20:21,527 [INFO] PluginManager:213 - loadIPPluginJar : add ucpd
2025-09-15 10:20:21,615 [INFO] IPUIPlugin:74 - create IPUIPlugin
2025-09-15 10:20:21,615 [INFO] PluginManager:213 - loadIPPluginJar : add usart
2025-09-15 10:20:21,692 [INFO] IPUIPlugin:74 - create IPUIPlugin
2025-09-15 10:20:21,692 [INFO] PluginManager:213 - loadIPPluginJar : add usbx
2025-09-15 10:20:22,042 [FATAL] Updater:294 - Updater called before beeing initialized
2025-09-15 10:20:22,166 [FATAL] Updater:294 - Updater called before beeing initialized
2025-09-15 10:20:22,185 [INFO] DbMcusAds:47 - JSON generation date=Tue Jul 08 15:14:23 ICT 2025 (1751962463582)
2025-09-15 10:20:22,186 [FATAL] Updater:294 - Updater called before beeing initialized
2025-09-15 10:20:22,291 [WARN] DetailPanel:314 - Failed to get advertising image, set to default
2025-09-15 10:20:22,414 [FATAL] Updater:294 - Updater called before beeing initialized
2025-09-15 10:20:22,416 [FATAL] Updater:294 - Updater called before beeing initialized
2025-09-15 10:20:22,417 [FATAL] Updater:294 - Updater called before beeing initialized
2025-09-15 10:20:22,417 [WARN] DetailPanel:314 - Failed to get advertising image, set to default
2025-09-15 10:20:22,418 [FATAL] Updater:294 - Updater called before beeing initialized
2025-09-15 10:20:22,494 [ERROR] Updater:1075 - MainUpdater not yet initialized. External WinMGr cannot be set.
2025-09-15 10:20:22,509 [INFO] Updater:1012 - Updater Version found : 6.3.0
2025-09-15 10:20:22,553 [INFO] ApplicationProperties:181 - Using Application install path: D:\STM32CubeIDE_1.7.0\STM32CubeIDE\plugins\com.st.stm32cube.common.mx_6.3.0.202107141111
2025-09-15 10:20:22,945 [INFO] MainUpdater:2671 - connection check result : 10
2025-09-15 10:20:22,945 [INFO] MainUpdater:265 - Updater Check For Update Now.
2025-09-15 10:20:22,946 [INFO] MicroXplorer:478 - Change Database Version : DB.6.0.30
2025-09-15 10:20:23,144 [INFO] CheckServerUpdateThread:112 - End of CheckServer Thread
2025-09-15 10:20:23,219 [INFO] MainUpdater:2671 - connection check result : 10
2025-09-15 10:20:23,796 [INFO] ThirdParty:915 - Integrity check success = true
2025-09-15 10:20:23,796 [INFO] IntegrityCheckThread:94 - exiting critical section [integrity check]
2025-09-15 10:20:23,796 [INFO] IntegrityCheckThread:97 - End integrity checks thread
2025-09-15 10:20:23,869 [INFO] McuFinderGlobals:52 - Set McuFinderConnectedMode to false
2025-09-15 10:20:23,973 [INFO] CrossSelectorPresenter:1330 - Cross Selector saved comparison directory: C:\Users\ACER\.stmcufinder\plugins\mcufinder\mcu\cs_comparisons_mx
2025-09-15 10:20:23,979 [INFO] MultiScanPanel:197 - Auto-refresh data requested => check proxy status ongoing
2025-09-15 10:20:23,979 [INFO] MultiScanPanel:201 - Proxy status is invalid
2025-09-15 10:20:23,983 [INFO] FinderPluginLoader:87 - Searching for filters in installed packs
2025-09-15 10:20:23,984 [INFO] DbMcusXml:100 - Load MCU database from D:\STM32CubeIDE_1.7.0\STM32CubeIDE\plugins\com.st.stm32cube.common.mx_6.3.0.202107141111\\db\/mcu/families.xml
2025-09-15 10:20:25,153 [INFO] DbMcusJson:93 - JSON generation date=Tue Nov 16 23:17:54 ICT 2021 (1637079474)
2025-09-15 10:20:25,937 [INFO] DbMcus:175 - Found 1951 MCUs (1903 are supported by CubeMX, 1914 are visible in CubeMX)
2025-09-15 10:20:25,937 [INFO] ApiDb:251 - Load user favorites file C:\Users\ACER/.stm32cubeide/favorites.mcus.txt: 0 item(s)
2025-09-15 10:20:25,938 [INFO] ApiDb:255 - User favorites MCUs=[]
2025-09-15 10:20:25,938 [INFO] DbMcus:187 - Set 0 / 0 favorites MCUs
2025-09-15 10:20:26,595 [INFO] DetailPanel:309 - Set advertising image to C:/Users/ACER/STM32Cube/Repository/\en.2400x1350px.jpeg
2025-09-15 10:20:27,327 [INFO] DbBoardsPdsc:90 - Found 25 items
2025-09-15 10:20:27,347 [INFO] DbBoardsPdsc:90 - Found 9 items
2025-09-15 10:20:27,369 [INFO] DbBoardsPdsc:90 - Found 33 items
2025-09-15 10:20:27,387 [INFO] DbBoardsPdsc:90 - Found 1 items
2025-09-15 10:20:27,409 [INFO] DbBoardsPdsc:90 - Found 48 items
2025-09-15 10:20:27,434 [INFO] DbBoardsPdsc:90 - Found 43 items
2025-09-15 10:20:27,452 [INFO] DbBoardsPdsc:90 - Found 2 items
2025-09-15 10:20:27,470 [INFO] DbBoardsPdsc:90 - Found 5 items
2025-09-15 10:20:27,475 [WARN] DbBoardsPdsc:254 - Board STM32H7B3I-DK: unknown feature type=Audio, name=, username=Audio stereo codec with Headphone Amp (CS42L51-CNZ), n=1
2025-09-15 10:20:27,475 [WARN] DbBoardsPdsc:254 - Board STM32H735G-DK: unknown feature type=Audio, name=, username=Audio stereo codec with Headphone Amp (WM8994ECS/R), n=1
2025-09-15 10:20:27,477 [WARN] DbBoardsPdsc:254 - Board STM32H7B3I-EVAL: unknown feature type=Audio, name=, username=Multi-Channel Audio Codec (CS42L51-CNZ), n=1
2025-09-15 10:20:27,477 [WARN] DbBoardsPdsc:254 - Board STM32H7B3I-EVAL: unknown feature type=Meter, name=, username=Power-metering and Temperature-monitoring with sigma-delta modulators, n=1
2025-09-15 10:20:27,477 [WARN] DbBoardsPdsc:254 - Board STM32H7B3I-EVAL: unknown feature type=Motor, name=, username=Motor Control, n=1
2025-09-15 10:20:27,478 [WARN] DbBoardsPdsc:254 - Board STM32U575I-EV: unknown feature type=joystick, name=, username=4-direction joystick with selection button, n=1
2025-09-15 10:20:27,565 [INFO] DbBoardsJson:86 - JSON generation date=Tue Nov 16 23:17:54 ICT 2021 (1637079474)
2025-09-15 10:20:27,577 [INFO] DbBoards:117 - Found 167 boards (163 are supported by CubeMX)
2025-09-15 10:20:27,605 [INFO] DbBoardsDocs:143 - JSON generation date=Tue Nov 16 23:17:54 ICT 2021 (1637079474)
2025-09-15 10:20:27,612 [INFO] DbBoardsDocs:79 - Found 209 boards documents
2025-09-15 10:20:27,612 [WARN] DbBoards:127 - board B-L475E-IOT01A2 has no document id list !
2025-09-15 10:20:27,614 [WARN] DbBoards:127 - board NUCLEO-H743ZI has no document id list !
2025-09-15 10:20:27,616 [WARN] DbBoards:127 - board NUCLEO-WL55JC2 has no document id list !
2025-09-15 10:20:27,616 [WARN] DbBoards:127 - board P-NUCLEO-WB55-Nucleo has no document id list !
2025-09-15 10:20:27,616 [WARN] DbBoards:127 - board P-NUCLEO-WB55-USBDongle has no document id list !
2025-09-15 10:20:27,616 [WARN] DbBoards:127 - board STEVAL-BFA001V1B has no document id list !
2025-09-15 10:20:27,616 [WARN] DbBoards:127 - board STEVAL-BFA001V2B has no document id list !
2025-09-15 10:20:27,616 [WARN] DbBoards:127 - board STEVAL-IDP005V1 has no document id list !
2025-09-15 10:20:27,617 [WARN] DbBoards:127 - board STEVAL-IDP005V2 has no document id list !
2025-09-15 10:20:27,617 [WARN] DbBoards:127 - board STEVAL-MKSBOX1V1 has no document id list !
2025-09-15 10:20:27,617 [WARN] DbBoards:127 - board STEVAL-STWINKT1 has no document id list !
2025-09-15 10:20:27,617 [WARN] DbBoards:127 - board STEVAL-STWINKT1B has no document id list !
2025-09-15 10:20:27,617 [WARN] DbBoards:127 - board STM32439I-EVAL2 has no document id list !
2025-09-15 10:20:27,618 [WARN] DbBoards:127 - board STM32F401C-DISCO has no document id list !
2025-09-15 10:20:27,618 [WARN] DbBoards:127 - board STM32F769I-DISC1 has no document id list !
2025-09-15 10:20:27,619 [WARN] DbBoards:127 - board STM32G474E-EVAL1 has no document id list !
2025-09-15 10:20:27,619 [WARN] DbBoards:127 - board STM32H743I-EVAL2 has no document id list !
2025-09-15 10:20:27,620 [WARN] DbBoards:127 - board STM32H747I-DISC1 has no document id list !
2025-09-15 10:20:27,620 [WARN] DbBoards:127 - board STM32H753I-EVAL2 has no document id list !
2025-09-15 10:20:27,620 [WARN] DbBoards:127 - board STM32L-DISCOVERY has no document id list !
2025-09-15 10:20:27,884 [ERROR] DbBoards:189 - Image file not found for board B-U585I-IOT02A: D:\STM32CubeIDE_1.7.0\STM32CubeIDE\plugins\com.st.stm32cube.common.mx_6.3.0.202107141111\\db\/plugins/mcufinder/images/boards/B-U585I-IOT02A_small.jpg
2025-09-15 10:20:28,075 [ERROR] DbBoards:189 - Image file not found for board NUCLEO-F413ZH: D:\STM32CubeIDE_1.7.0\STM32CubeIDE\plugins\com.st.stm32cube.common.mx_6.3.0.202107141111\\db\/plugins/mcufinder/images/boards/nucleo-f413zh_small.jpg
2025-09-15 10:20:28,335 [ERROR] DbBoards:189 - Image file not found for board NUCLEO-L552ZE-Q: D:\STM32CubeIDE_1.7.0\STM32CubeIDE\plugins\com.st.stm32cube.common.mx_6.3.0.202107141111\\db\/plugins/mcufinder/images/boards/nucleo_l552ze_q_small.jpg
2025-09-15 10:20:28,336 [ERROR] DbBoards:189 - Image file not found for board NUCLEO-U575ZI-Q: D:\STM32CubeIDE_1.7.0\STM32CubeIDE\plugins\com.st.stm32cube.common.mx_6.3.0.202107141111\\db\/plugins/mcufinder/images/boards/nucleo-u575zi-q_small.jpg
2025-09-15 10:20:28,336 [ERROR] DbBoards:189 - Image file not found for board NUCLEO-WB15CC: D:\STM32CubeIDE_1.7.0\STM32CubeIDE\plugins\com.st.stm32cube.common.mx_6.3.0.202107141111\\db\/plugins/mcufinder/images/boards/nucleo-wb15cc_small.jpg
2025-09-15 10:20:28,336 [ERROR] DbBoards:189 - Image file not found for board NUCLEO-WB55RG: D:\STM32CubeIDE_1.7.0\STM32CubeIDE\plugins\com.st.stm32cube.common.mx_6.3.0.202107141111\\db\/plugins/mcufinder/images/boards/nucleo-wb55rg_small.jpg
2025-09-15 10:20:30,874 [INFO] ApiDb:251 - Load user favorites file C:\Users\ACER/.stm32cubeide/favorites.boards.txt: 0 item(s)
2025-09-15 10:20:30,874 [INFO] ApiDb:255 - User favorites Boards=[]
2025-09-15 10:20:30,874 [INFO] DbBoards:206 - Set 0 / 0 favorites Boards
2025-09-15 10:21:10,044 [INFO] DbMcusDocs:143 - JSON generation date=Tue Nov 16 23:17:54 ICT 2021 (1637079474)
2025-09-15 10:21:10,476 [INFO] DbMcusDocs:79 - Found 682 MCUs documents
2025-09-15 10:21:46,302 [INFO] MainUpdater:2671 - connection check result : 10
2025-09-15 10:21:46,302 [INFO] MainUpdater:2671 - connection check result : 10
2025-09-15 10:21:46,381 [INFO] MicroXplorer:448 - Change Database Path : 
2025-09-15 10:21:46,381 [INFO] MicroXplorer:478 - Change Database Version : DB.6.0.30
2025-09-15 10:21:46,382 [WARN] ThirdParty:813 - waiting for thirdparty lock release [close project]
2025-09-15 10:21:46,382 [INFO] ThirdParty:815 - entering critical section [close project]
2025-09-15 10:21:46,383 [INFO] ThirdParty:825 - exiting critical section [close project]
2025-09-15 10:21:46,385 [INFO] PinOutPanel:1463 - setPackage(No Configuration,No Configuration)
2025-09-15 10:21:46,386 [INFO] UtilMem:74 - Begin LoadConfig() Used Memory: 928932664 Bytes (1073741824)
2025-09-15 10:21:46,387 [INFO] MicroXplorer:448 - Change Database Path : 
2025-09-15 10:21:46,387 [INFO] MicroXplorer:478 - Change Database Version : DB.6.0.30
2025-09-15 10:21:46,387 [INFO] OpenFileManager:313 - Change cursor
2025-09-15 10:21:47,240 [INFO] Context:592 - Trying to add GPIOservice into a context  which must be forbidden
2025-09-15 10:21:47,467 [INFO] ImportTextPane:167 - (OptionalMessage_ERROR) Unable to find key (Mcu.ThirdPartyNb) in loaded IOC file
2025-09-15 10:21:47,468 [INFO] ImportTextPane:167 - (OptionalMessage_ERROR) Unable to find key (Mcu.PinsNb) in loaded IOC file
2025-09-15 10:21:47,468 [INFO] ImportTextPane:167 - (OptionalMessage_ERROR) Unable to find key (Mcu.IPNb) in loaded IOC file
2025-09-15 10:21:47,517 [INFO] RtosManager:484 - Registered RTOS mode: class=CMSIS, group=RTOS, mode=CMSIS_V1, owner=FREERTOS
2025-09-15 10:21:47,518 [INFO] RtosManager:484 - Registered RTOS mode: class=CMSIS, group=RTOS2, mode=CMSIS_V2, owner=FREERTOS
2025-09-15 10:21:47,518 [INFO] RtosManager:484 - Registered RTOS mode: class=RTOS, group=Core, mode=CMSIS_V1, owner=FREERTOS
2025-09-15 10:21:47,518 [INFO] RtosManager:484 - Registered RTOS mode: class=RTOS, group=Core, mode=CMSIS_V2, owner=FREERTOS
2025-09-15 10:21:47,518 [WARN] ModelIntegratedComponent:181 - Missing modes for component STMicroelectronics:FreeRTOS:0.0.1:STMicroelectronics:RTOS:FreeRTOS:Core:::10.2.0:
2025-09-15 10:21:47,521 [WARN] ModelIntegratedComponent:60 - No mode defined for component null
2025-09-15 10:21:47,522 [WARN] ModelIntegratedComponent:60 - No mode defined for component null
2025-09-15 10:21:47,522 [WARN] ModelIntegratedComponent:60 - No mode defined for component null
2025-09-15 10:21:47,522 [WARN] ModelIntegratedComponent:60 - No mode defined for component null
2025-09-15 10:21:47,522 [WARN] ModelIntegratedComponent:60 - No mode defined for component null
2025-09-15 10:21:47,522 [WARN] ModelIntegratedComponent:60 - No mode defined for component null
2025-09-15 10:21:47,522 [WARN] ModelIntegratedComponent:60 - No mode defined for component null
2025-09-15 10:21:47,522 [WARN] ModelIntegratedComponent:60 - No mode defined for component null
2025-09-15 10:21:47,522 [WARN] ModelIntegratedComponent:60 - No mode defined for component null
2025-09-15 10:21:47,522 [WARN] ModelIntegratedComponent:60 - No mode defined for component null
2025-09-15 10:21:47,523 [WARN] ModelIntegratedComponent:60 - No mode defined for component null
2025-09-15 10:21:47,523 [WARN] ModelIntegratedComponent:60 - No mode defined for component null
2025-09-15 10:21:47,523 [WARN] ModelIntegratedComponent:60 - No mode defined for component null
2025-09-15 10:21:47,523 [WARN] ModelIntegratedComponent:60 - No mode defined for component null
2025-09-15 10:21:47,523 [WARN] ModelIntegratedComponent:60 - No mode defined for component null
2025-09-15 10:21:47,523 [WARN] ModelIntegratedComponent:60 - No mode defined for component null
2025-09-15 10:21:47,523 [WARN] ModelIntegratedComponent:60 - No mode defined for component null
2025-09-15 10:21:47,523 [WARN] ModelIntegratedComponent:60 - No mode defined for component null
2025-09-15 10:21:47,523 [WARN] ModelIntegratedComponent:60 - No mode defined for component null
2025-09-15 10:21:47,523 [WARN] ModelIntegratedComponent:60 - No mode defined for component null
2025-09-15 10:21:47,523 [WARN] ModelIntegratedComponent:60 - No mode defined for component null
2025-09-15 10:21:47,524 [WARN] ModelIntegratedComponent:60 - No mode defined for component null
2025-09-15 10:21:47,524 [WARN] ModelIntegratedComponent:60 - No mode defined for component null
2025-09-15 10:21:47,524 [WARN] ModelIntegratedComponent:60 - No mode defined for component null
2025-09-15 10:21:47,524 [WARN] ModelIntegratedComponent:60 - No mode defined for component null
2025-09-15 10:21:47,524 [WARN] ModelIntegratedComponent:60 - No mode defined for component null
2025-09-15 10:21:47,524 [WARN] ModelIntegratedComponent:60 - No mode defined for component null
2025-09-15 10:21:47,524 [WARN] ModelIntegratedComponent:60 - No mode defined for component null
2025-09-15 10:21:47,524 [WARN] ModelIntegratedComponent:60 - No mode defined for component null
2025-09-15 10:21:47,524 [WARN] ModelIntegratedComponent:60 - No mode defined for component null
2025-09-15 10:21:47,524 [WARN] ModelIntegratedComponent:60 - No mode defined for component null
2025-09-15 10:21:47,665 [INFO] UtilMem:74 - End LoadConfig() Used Memory: 944025288 Bytes (1073741824)
2025-09-15 10:21:47,667 [WARN] ThirdParty:779 - waiting for thirdparty lock release [change project]
2025-09-15 10:21:47,667 [INFO] ThirdParty:781 - entering critical section [change project]
2025-09-15 10:21:47,667 [INFO] ThirdParty:967 - CMSIS Pack Vendor :STMicroelectronics USB_HOST 2.0.0
2025-09-15 10:21:47,668 [INFO] ThirdParty:967 - CMSIS Pack Vendor :STMicroelectronics FreeRTOS 0.0.1
2025-09-15 10:21:47,668 [INFO] ThirdParty:967 - CMSIS Pack Vendor :STMicroelectronics USB_DEVICE 1.0.0
2025-09-15 10:21:47,668 [INFO] ThirdParty:967 - CMSIS Pack Vendor :STMicroelectronics USB_DEVICE 3.0.0
2025-09-15 10:21:47,668 [INFO] ThirdParty:967 - CMSIS Pack Vendor :STMicroelectronics HAL Drivers 0.0.0
2025-09-15 10:21:47,668 [INFO] ThirdParty:967 - CMSIS Pack Vendor :STMicroelectronics MBEDTLS 2.16.2
2025-09-15 10:21:47,668 [INFO] ThirdParty:967 - CMSIS Pack Vendor :STMicroelectronics ThreadX 0.0.2
2025-09-15 10:21:47,668 [INFO] ThirdParty:967 - CMSIS Pack Vendor :STMicroelectronics lwIP 2.0.3
2025-09-15 10:21:47,668 [INFO] ThirdParty:967 - CMSIS Pack Vendor :STMicroelectronics lwIP 2.1.2
2025-09-15 10:21:47,668 [INFO] ThirdParty:967 - CMSIS Pack Vendor :STMicroelectronics MBEDTLS 2.14.1
2025-09-15 10:21:47,668 [INFO] ThirdParty:967 - CMSIS Pack Vendor :STMicroelectronics USB_HOST 1.0.0
2025-09-15 10:21:47,668 [INFO] ThirdParty:967 - CMSIS Pack Vendor :STMicroelectronics PDM2PCM 3.1.0
2025-09-15 10:21:47,668 [INFO] ThirdParty:967 - CMSIS Pack Vendor :STMicroelectronics PDM2PCM 3.2.0
2025-09-15 10:21:47,668 [INFO] ThirdParty:967 - CMSIS Pack Vendor :STMicroelectronics USB_DEVICE 2.0.0
2025-09-15 10:21:47,668 [INFO] ThirdParty:967 - CMSIS Pack Vendor :STMicroelectronics PDM2PCM 3.3.0
2025-09-15 10:21:47,669 [INFO] ThirdParty:787 - exiting critical section [change project]
2025-09-15 10:21:47,924 [INFO] PinOutPanel:1463 - setPackage(No Configuration,No Configuration)
2025-09-15 10:21:47,925 [INFO] PinOutPanel:1463 - setPackage(STM32F103C6Ux,UFQFPN48)
2025-09-15 10:21:48,359 [INFO] UtilMem:74 - Before build in PCC Used Memory: 942114128 Bytes (1073741824)
2025-09-15 10:21:49,005 [INFO] UtilMem:74 - After build in PCC Used Memory: 930821504 Bytes (1073741824)
2025-09-15 10:21:49,028 [INFO] IPUIPlugin:74 - create IPUIPlugin
2025-09-15 10:21:49,028 [INFO] IPUIPlugin:74 - create IPUIPlugin
2025-09-15 10:21:49,028 [INFO] IPUIPlugin:74 - create IPUIPlugin
2025-09-15 10:21:49,028 [INFO] IPUIPlugin:74 - create IPUIPlugin
2025-09-15 10:21:49,028 [INFO] IPUIPlugin:74 - create IPUIPlugin
2025-09-15 10:21:49,029 [INFO] IPUIPlugin:74 - create IPUIPlugin
2025-09-15 10:21:49,029 [INFO] IPUIPlugin:74 - create IPUIPlugin
2025-09-15 10:21:49,029 [INFO] IPUIPlugin:74 - create IPUIPlugin
2025-09-15 10:21:49,029 [INFO] IPUIPlugin:74 - create IPUIPlugin
2025-09-15 10:21:49,030 [INFO] IPUIPlugin:74 - create IPUIPlugin
2025-09-15 10:21:49,030 [INFO] IPUIPlugin:74 - create IPUIPlugin
2025-09-15 10:21:49,030 [INFO] IPUIPlugin:74 - create IPUIPlugin
2025-09-15 10:21:49,030 [INFO] IPUIPlugin:74 - create IPUIPlugin
2025-09-15 10:21:49,031 [INFO] IPUIPlugin:74 - create IPUIPlugin
2025-09-15 10:21:49,031 [INFO] IPUIPlugin:74 - create IPUIPlugin
2025-09-15 10:21:49,031 [INFO] IPUIPlugin:74 - create IPUIPlugin
2025-09-15 10:21:49,032 [INFO] IPUIPlugin:74 - create IPUIPlugin
2025-09-15 10:21:49,032 [INFO] IPUIPlugin:74 - create IPUIPlugin
2025-09-15 10:21:49,032 [INFO] IPUIPlugin:74 - create IPUIPlugin
2025-09-15 10:21:49,033 [INFO] IPUIPlugin:74 - create IPUIPlugin
2025-09-15 10:21:49,033 [INFO] IPUIPlugin:74 - create IPUIPlugin
2025-09-15 10:21:49,034 [INFO] IPUIPlugin:74 - create IPUIPlugin
2025-09-15 10:21:49,034 [INFO] IPUIPlugin:74 - create IPUIPlugin
2025-09-15 10:21:49,164 [INFO] OpenFileManager:333 - Restore cursor
2025-09-15 10:21:49,579 [INFO] UtilMem:74 - End SaveConfig() Used Memory: 949367184 Bytes (1073741824)
2025-09-15 10:21:49,644 [INFO] UtilMem:74 - End SaveConfig() Used Memory: 914460744 Bytes (1073741824)
2025-09-15 10:21:49,990 [INFO] BlockDiagram:2740 - set Specific Code input for plugin: NVIC
2025-09-15 10:21:49,990 [INFO] BlockDiagram:2740 - set Specific Code input for plugin: SYS
2025-09-15 10:21:49,990 [INFO] BlockDiagram:2740 - set Specific Code input for plugin: RCC
2025-09-15 10:21:49,992 [INFO] CodeGenerator:663 - code generatio: config db path: D:\STM32CubeIDE_1.7.0\STM32CubeIDE\plugins\com.st.stm32cube.common.mx_6.3.0.202107141111\\db\
2025-09-15 10:21:50,346 [INFO] CodeEngine:239 - oldGeneratedFile, D:\New folder (2)\LAB 1\Code\LAB 1.3\MXTmpFiles\license.tmp_save
2025-09-15 10:21:50,763 [INFO] CodeEngine:257 - Generated code: D:\New folder (2)\LAB 1\Code\LAB 1.3\MXTmpFiles\license.tmp
2025-09-15 10:21:50,948 [INFO] CodeEngine:239 - oldGeneratedFile, D:\New folder (2)\LAB 1\Code\LAB 1.3\Core\Src\stm32f1xx_it.c_save
2025-09-15 10:21:51,113 [INFO] CodeEngine:257 - Generated code: D:\New folder (2)\LAB 1\Code\LAB 1.3\Core\Src\stm32f1xx_it.c
2025-09-15 10:21:51,125 [INFO] CodeEngine:239 - oldGeneratedFile, D:\New folder (2)\LAB 1\Code\LAB 1.3\Core\Inc\stm32f1xx_it.h_save
2025-09-15 10:21:51,233 [INFO] CodeEngine:257 - Generated code: D:\New folder (2)\LAB 1\Code\LAB 1.3\Core\Inc\stm32f1xx_it.h
2025-09-15 10:21:51,258 [INFO] CodeEngine:239 - oldGeneratedFile, D:\New folder (2)\LAB 1\Code\LAB 1.3\Core\Src\stm32f1xx_hal_msp.c_save
2025-09-15 10:21:51,435 [INFO] CodeEngine:257 - Generated code: D:\New folder (2)\LAB 1\Code\LAB 1.3\Core\Src\stm32f1xx_hal_msp.c
2025-09-15 10:21:51,448 [INFO] CodeEngine:239 - oldGeneratedFile, D:\New folder (2)\LAB 1\Code\LAB 1.3\MXTmpFiles\system.tmp_save
2025-09-15 10:21:51,539 [INFO] CodeEngine:257 - Generated code: D:\New folder (2)\LAB 1\Code\LAB 1.3\MXTmpFiles\system.tmp
2025-09-15 10:21:51,561 [INFO] CodeEngine:239 - oldGeneratedFile, D:\New folder (2)\LAB 1\Code\LAB 1.3\Core\Inc\stm32f1xx_hal_conf.h_save
2025-09-15 10:21:51,680 [INFO] CodeEngine:257 - Generated code: D:\New folder (2)\LAB 1\Code\LAB 1.3\Core\Inc\stm32f1xx_hal_conf.h
2025-09-15 10:21:51,749 [INFO] CodeEngine:239 - oldGeneratedFile, D:\New folder (2)\LAB 1\Code\LAB 1.3\Core\Inc\main.h_save
2025-09-15 10:21:51,882 [INFO] CodeEngine:257 - Generated code: D:\New folder (2)\LAB 1\Code\LAB 1.3\Core\Inc\main.h
2025-09-15 10:21:51,898 [INFO] CodeEngine:239 - oldGeneratedFile, D:\New folder (2)\LAB 1\Code\LAB 1.3\Core\Src\main.c_save
2025-09-15 10:21:52,043 [INFO] CodeEngine:257 - Generated code: D:\New folder (2)\LAB 1\Code\LAB 1.3\Core\Src\main.c
2025-09-15 10:21:53,288 [INFO] ProjectBuilder:2578 - Time for Copy HAL[1] : 82mS.
2025-09-15 10:21:53,294 [INFO] ProjectBuilder:3622 - Project Generator version: 3.14.1
2025-09-15 10:21:53,814 [INFO] ConfigFileManager:1271 - The Die is : DIE412
2025-09-15 10:21:53,846 [INFO] ApiDbMcu:468 - Load IP Config File for FATFS
2025-09-15 10:21:53,893 [INFO] ApiDbMcu:468 - Load IP Config File for FREERTOS
2025-09-15 10:21:53,937 [INFO] ApiDbMcu:468 - Load IP Config File for USB_DEVICE
2025-09-15 10:21:59,949 [INFO] ProjectBuilder:3789 - Time for Generating toolchain IDE Files: 6655mS.
2025-09-15 10:21:59,950 [INFO] ProjectBuilder:2457 - Time for Copy CMSIS : 1mS.
2025-09-15 10:21:59,951 [INFO] ProjectBuilder:2457 - Time for Copy CMSIS : 0mS.
2025-09-15 10:22:01,411 [INFO] McuFinderGlobals:52 - Set McuFinderConnectedMode to true
2025-09-15 10:22:01,414 [INFO] ApiDb:276 - Save user favorites file C:\Users\ACER/.stm32cubeide/favorites.mcus.txt: 0 item(s)
2025-09-15 10:22:01,414 [INFO] ApiDb:280 - User favorites MCUs=[]
2025-09-15 10:30:26,658 [INFO] UtilMem:74 - End SaveConfig() Used Memory: 881408528 Bytes (1073741824)
2025-09-15 10:30:28,445 [INFO] UtilMem:74 - End SaveConfig() Used Memory: 900987392 Bytes (1073741824)
2025-09-15 10:30:30,628 [INFO] UtilMem:74 - End SaveConfig() Used Memory: 900298704 Bytes (1073741824)
2025-09-15 10:30:31,016 [INFO] BlockDiagram:2740 - set Specific Code input for plugin: NVIC
2025-09-15 10:30:31,017 [INFO] BlockDiagram:2740 - set Specific Code input for plugin: SYS
2025-09-15 10:30:31,017 [INFO] BlockDiagram:2740 - set Specific Code input for plugin: GPIO
2025-09-15 10:30:31,017 [INFO] BlockDiagram:2740 - set Specific Code input for plugin: RCC
2025-09-15 10:30:31,019 [INFO] CodeGenerator:663 - code generatio: config db path: D:\STM32CubeIDE_1.7.0\STM32CubeIDE\plugins\com.st.stm32cube.common.mx_6.3.0.202107141111\\db\
2025-09-15 10:30:31,379 [INFO] CodeEngine:239 - oldGeneratedFile, D:\New folder (2)\LAB 1\Code\LAB 1.3\MXTmpFiles\license.tmp_save
2025-09-15 10:30:31,462 [INFO] CodeEngine:257 - Generated code: D:\New folder (2)\LAB 1\Code\LAB 1.3\MXTmpFiles\license.tmp
2025-09-15 10:30:31,568 [INFO] CodeEngine:239 - oldGeneratedFile, D:\New folder (2)\LAB 1\Code\LAB 1.3\MXTmpFiles\gpio.tmp_save
2025-09-15 10:30:31,679 [INFO] CodeEngine:257 - Generated code: D:\New folder (2)\LAB 1\Code\LAB 1.3\MXTmpFiles\gpio.tmp
2025-09-15 10:30:31,725 [INFO] CodeEngine:239 - oldGeneratedFile, D:\New folder (2)\LAB 1\Code\LAB 1.3\Core\Src\stm32f1xx_it.c_save
2025-09-15 10:30:31,834 [INFO] CodeEngine:257 - Generated code: D:\New folder (2)\LAB 1\Code\LAB 1.3\Core\Src\stm32f1xx_it.c
2025-09-15 10:30:31,839 [INFO] CodeEngine:239 - oldGeneratedFile, D:\New folder (2)\LAB 1\Code\LAB 1.3\Core\Inc\stm32f1xx_it.h_save
2025-09-15 10:30:31,913 [INFO] CodeEngine:257 - Generated code: D:\New folder (2)\LAB 1\Code\LAB 1.3\Core\Inc\stm32f1xx_it.h
2025-09-15 10:30:31,931 [INFO] CodeEngine:239 - oldGeneratedFile, D:\New folder (2)\LAB 1\Code\LAB 1.3\Core\Src\stm32f1xx_hal_msp.c_save
2025-09-15 10:30:32,039 [INFO] CodeEngine:257 - Generated code: D:\New folder (2)\LAB 1\Code\LAB 1.3\Core\Src\stm32f1xx_hal_msp.c
2025-09-15 10:30:32,042 [INFO] CodeEngine:239 - oldGeneratedFile, D:\New folder (2)\LAB 1\Code\LAB 1.3\MXTmpFiles\system.tmp_save
2025-09-15 10:30:32,122 [INFO] CodeEngine:257 - Generated code: D:\New folder (2)\LAB 1\Code\LAB 1.3\MXTmpFiles\system.tmp
2025-09-15 10:30:32,141 [INFO] CodeEngine:239 - oldGeneratedFile, D:\New folder (2)\LAB 1\Code\LAB 1.3\Core\Inc\stm32f1xx_hal_conf.h_save
2025-09-15 10:30:32,304 [INFO] CodeEngine:257 - Generated code: D:\New folder (2)\LAB 1\Code\LAB 1.3\Core\Inc\stm32f1xx_hal_conf.h
2025-09-15 10:30:32,352 [INFO] CodeEngine:239 - oldGeneratedFile, D:\New folder (2)\LAB 1\Code\LAB 1.3\Core\Inc\main.h_save
2025-09-15 10:30:32,442 [INFO] CodeEngine:257 - Generated code: D:\New folder (2)\LAB 1\Code\LAB 1.3\Core\Inc\main.h
2025-09-15 10:30:32,461 [INFO] CodeEngine:239 - oldGeneratedFile, D:\New folder (2)\LAB 1\Code\LAB 1.3\Core\Src\main.c_save
2025-09-15 10:30:32,660 [INFO] CodeEngine:257 - Generated code: D:\New folder (2)\LAB 1\Code\LAB 1.3\Core\Src\main.c
2025-09-15 10:30:33,820 [INFO] ProjectBuilder:2578 - Time for Copy HAL[1] : 67mS.
2025-09-15 10:30:33,823 [INFO] ProjectBuilder:3622 - Project Generator version: 3.14.1
2025-09-15 10:30:34,337 [INFO] ConfigFileManager:1271 - The Die is : DIE412
2025-09-15 10:30:37,119 [INFO] ProjectBuilder:3789 - Time for Generating toolchain IDE Files: 3296mS.
2025-09-15 10:30:37,120 [INFO] ProjectBuilder:2457 - Time for Copy CMSIS : 1mS.
2025-09-15 10:30:37,121 [INFO] ProjectBuilder:2457 - Time for Copy CMSIS : 0mS.
2025-09-15 13:16:46,523 [INFO] Activator:177 - 


2025-09-15 13:16:46,525 [INFO] Activator:178 - !SESSION log4j initialized
2025-09-15 13:17:25,939 [INFO] McuFinderGlobals:39 - Set McuFinder mode to 2 (CubeIDE integrated)
2025-09-15 13:17:26,446 [INFO] ApplicationProperties:181 - Using Application install path: D:\STM32CubeIDE_1.7.0\STM32CubeIDE\plugins\com.st.stm32cube.common.mx_6.3.0.202107141111
2025-09-15 13:17:26,457 [INFO] DbMcusXml:74 - Set database path to: D:\STM32CubeIDE_1.7.0\STM32CubeIDE\plugins\com.st.stm32cube.common.mx_6.3.0.202107141111\\db\/mcu/
2025-09-15 13:17:26,461 [INFO] DbBoardsPdsc:56 - Set plugin database path to: D:\STM32CubeIDE_1.7.0\STM32CubeIDE\plugins\com.st.stm32cube.common.mx_6.3.0.202107141111\\db\/plugins/boardmanager/
2025-09-15 13:17:26,462 [INFO] DbMcus:258 - Set plugin images path to: D:\STM32CubeIDE_1.7.0\STM32CubeIDE\plugins\com.st.stm32cube.common.mx_6.3.0.202107141111\\db\/plugins/mcufinder/images/
2025-09-15 13:17:26,462 [INFO] DbBoards:264 - Set plugin images path to: D:\STM32CubeIDE_1.7.0\STM32CubeIDE\plugins\com.st.stm32cube.common.mx_6.3.0.202107141111\\db\/plugins/mcufinder/images/
2025-09-15 13:17:26,465 [INFO] DbExamples:333 - Set plugin images path to: D:\STM32CubeIDE_1.7.0\STM32CubeIDE\plugins\com.st.stm32cube.common.mx_6.3.0.202107141111\\db\/plugins/mcufinder/images/
2025-09-15 13:17:26,472 [INFO] DbMcusAds:119 - Set database path to: C:\Users\ACER\.stmcufinder\plugins\mcufinder//mcu/
2025-09-15 13:17:26,473 [INFO] DbMcusDocs:110 - Set database path to: C:\Users\ACER\.stmcufinder\plugins\mcufinder//mcu/
2025-09-15 13:17:26,475 [INFO] DbMcusJson:64 - Set database path to: C:\Users\ACER\.stmcufinder\plugins\mcufinder//mcu/
2025-09-15 13:17:26,476 [INFO] DbBoardsDocs:110 - Set database path to: C:\Users\ACER\.stmcufinder\plugins\mcufinder//mcu/
2025-09-15 13:17:26,477 [INFO] DbBoardsJson:57 - Set database path to: C:\Users\ACER\.stmcufinder\plugins\mcufinder//mcu/
2025-09-15 13:17:26,503 [INFO] CrossReferenceDbSqlite:196 - Set database path to: C:\Users\ACER\.stmcufinder\plugins\mcufinder//mcu/cs/
2025-09-15 13:17:26,507 [INFO] DbExamplesSqlite:767 - Set database path to: C:\Users\ACER\.stmcufinder\plugins\mcufinder//mcu/
2025-09-15 13:17:26,633 [INFO] RulesReader:57 - Compatibility file has been processed (242 Rules)
2025-09-15 13:17:26,731 [INFO] DbMcusXml:74 - Set database path to: D:\STM32CubeIDE_1.7.0\STM32CubeIDE\plugins\com.st.stm32cube.common.mx_6.3.0.202107141111\\db\/mcu/
2025-09-15 13:17:26,733 [INFO] DbBoardsPdsc:56 - Set plugin database path to: D:\STM32CubeIDE_1.7.0\STM32CubeIDE\plugins\com.st.stm32cube.common.mx_6.3.0.202107141111\\db\/plugins/boardmanager/
2025-09-15 13:17:26,733 [INFO] DbMcus:258 - Set plugin images path to: D:\STM32CubeIDE_1.7.0\STM32CubeIDE\plugins\com.st.stm32cube.common.mx_6.3.0.202107141111\\db\/plugins/mcufinder/images/
2025-09-15 13:17:26,733 [INFO] DbBoards:264 - Set plugin images path to: D:\STM32CubeIDE_1.7.0\STM32CubeIDE\plugins\com.st.stm32cube.common.mx_6.3.0.202107141111\\db\/plugins/mcufinder/images/
2025-09-15 13:17:26,733 [INFO] DbExamples:333 - Set plugin images path to: D:\STM32CubeIDE_1.7.0\STM32CubeIDE\plugins\com.st.stm32cube.common.mx_6.3.0.202107141111\\db\/plugins/mcufinder/images/
2025-09-15 13:17:26,734 [WARN] DbFile:35 - Overriding database path with different value: C:\Users\ACER\.stmcufinder\plugins\mcufinder/ => C:\Users\ACER\.stmcufinder\plugins\mcufinder
2025-09-15 13:17:26,734 [INFO] DbMcusAds:119 - Set database path to: C:\Users\ACER\.stmcufinder\plugins\mcufinder//mcu/
2025-09-15 13:17:26,734 [WARN] DbFile:35 - Overriding database path with different value: C:\Users\ACER\.stmcufinder\plugins\mcufinder/ => C:\Users\ACER\.stmcufinder\plugins\mcufinder
2025-09-15 13:17:26,734 [INFO] DbMcusDocs:110 - Set database path to: C:\Users\ACER\.stmcufinder\plugins\mcufinder//mcu/
2025-09-15 13:17:26,734 [WARN] DbFile:35 - Overriding database path with different value: C:\Users\ACER\.stmcufinder\plugins\mcufinder/ => C:\Users\ACER\.stmcufinder\plugins\mcufinder
2025-09-15 13:17:26,734 [INFO] DbMcusJson:64 - Set database path to: C:\Users\ACER\.stmcufinder\plugins\mcufinder//mcu/
2025-09-15 13:17:26,734 [WARN] DbFile:35 - Overriding database path with different value: C:\Users\ACER\.stmcufinder\plugins\mcufinder/ => C:\Users\ACER\.stmcufinder\plugins\mcufinder
2025-09-15 13:17:26,735 [INFO] DbBoardsDocs:110 - Set database path to: C:\Users\ACER\.stmcufinder\plugins\mcufinder//mcu/
2025-09-15 13:17:26,735 [WARN] DbFile:35 - Overriding database path with different value: C:\Users\ACER\.stmcufinder\plugins\mcufinder/ => C:\Users\ACER\.stmcufinder\plugins\mcufinder
2025-09-15 13:17:26,735 [INFO] DbBoardsJson:57 - Set database path to: C:\Users\ACER\.stmcufinder\plugins\mcufinder//mcu/
2025-09-15 13:17:26,735 [WARN] DbFile:35 - Overriding database path with different value: C:\Users\ACER\.stmcufinder\plugins\mcufinder/ => C:\Users\ACER\.stmcufinder\plugins\mcufinder
2025-09-15 13:17:26,735 [WARN] DbFile:35 - Overriding database path with different value: C:\Users\ACER\.stmcufinder\plugins\mcufinder/ => C:\Users\ACER\.stmcufinder\plugins\mcufinder
2025-09-15 13:17:26,735 [INFO] CrossReferenceDbSqlite:196 - Set database path to: C:\Users\ACER\.stmcufinder\plugins\mcufinder//mcu/cs/
2025-09-15 13:17:26,736 [WARN] DbFile:35 - Overriding database path with different value: C:\Users\ACER\.stmcufinder\plugins\mcufinder/ => C:\Users\ACER\.stmcufinder\plugins\mcufinder
2025-09-15 13:17:26,736 [INFO] DbExamplesSqlite:767 - Set database path to: C:\Users\ACER\.stmcufinder\plugins\mcufinder//mcu/
2025-09-15 13:17:26,810 [INFO] MainPanel:214 - HeapMemory: 268435456
2025-09-15 13:17:26,908 [INFO] DbMcusXml:74 - Set database path to: D:\STM32CubeIDE_1.7.0\STM32CubeIDE\plugins\com.st.stm32cube.common.mx_6.3.0.202107141111\\db\/mcu/
2025-09-15 13:17:26,908 [INFO] DbBoardsPdsc:56 - Set plugin database path to: D:\STM32CubeIDE_1.7.0\STM32CubeIDE\plugins\com.st.stm32cube.common.mx_6.3.0.202107141111\\db\/plugins/boardmanager/
2025-09-15 13:17:26,908 [INFO] DbMcus:258 - Set plugin images path to: D:\STM32CubeIDE_1.7.0\STM32CubeIDE\plugins\com.st.stm32cube.common.mx_6.3.0.202107141111\\db\/plugins/mcufinder/images/
2025-09-15 13:17:26,908 [INFO] DbBoards:264 - Set plugin images path to: D:\STM32CubeIDE_1.7.0\STM32CubeIDE\plugins\com.st.stm32cube.common.mx_6.3.0.202107141111\\db\/plugins/mcufinder/images/
2025-09-15 13:17:26,908 [INFO] DbExamples:333 - Set plugin images path to: D:\STM32CubeIDE_1.7.0\STM32CubeIDE\plugins\com.st.stm32cube.common.mx_6.3.0.202107141111\\db\/plugins/mcufinder/images/
2025-09-15 13:17:26,909 [WARN] DbFile:35 - Overriding database path with different value: C:\Users\ACER\.stmcufinder\plugins\mcufinder/ => C:\Users\ACER\.stmcufinder\plugins\mcufinder
2025-09-15 13:17:26,909 [INFO] DbMcusAds:119 - Set database path to: C:\Users\ACER\.stmcufinder\plugins\mcufinder//mcu/
2025-09-15 13:17:26,909 [WARN] DbFile:35 - Overriding database path with different value: C:\Users\ACER\.stmcufinder\plugins\mcufinder/ => C:\Users\ACER\.stmcufinder\plugins\mcufinder
2025-09-15 13:17:26,909 [INFO] DbMcusDocs:110 - Set database path to: C:\Users\ACER\.stmcufinder\plugins\mcufinder//mcu/
2025-09-15 13:17:26,909 [WARN] DbFile:35 - Overriding database path with different value: C:\Users\ACER\.stmcufinder\plugins\mcufinder/ => C:\Users\ACER\.stmcufinder\plugins\mcufinder
2025-09-15 13:17:26,910 [INFO] DbMcusJson:64 - Set database path to: C:\Users\ACER\.stmcufinder\plugins\mcufinder//mcu/
2025-09-15 13:17:26,910 [WARN] DbFile:35 - Overriding database path with different value: C:\Users\ACER\.stmcufinder\plugins\mcufinder/ => C:\Users\ACER\.stmcufinder\plugins\mcufinder
2025-09-15 13:17:26,910 [INFO] DbBoardsDocs:110 - Set database path to: C:\Users\ACER\.stmcufinder\plugins\mcufinder//mcu/
2025-09-15 13:17:26,910 [WARN] DbFile:35 - Overriding database path with different value: C:\Users\ACER\.stmcufinder\plugins\mcufinder/ => C:\Users\ACER\.stmcufinder\plugins\mcufinder
2025-09-15 13:17:26,910 [INFO] DbBoardsJson:57 - Set database path to: C:\Users\ACER\.stmcufinder\plugins\mcufinder//mcu/
2025-09-15 13:17:26,910 [WARN] DbFile:35 - Overriding database path with different value: C:\Users\ACER\.stmcufinder\plugins\mcufinder/ => C:\Users\ACER\.stmcufinder\plugins\mcufinder
2025-09-15 13:17:26,910 [WARN] DbFile:35 - Overriding database path with different value: C:\Users\ACER\.stmcufinder\plugins\mcufinder/ => C:\Users\ACER\.stmcufinder\plugins\mcufinder
2025-09-15 13:17:26,912 [INFO] CrossReferenceDbSqlite:196 - Set database path to: C:\Users\ACER\.stmcufinder\plugins\mcufinder//mcu/cs/
2025-09-15 13:17:26,912 [WARN] DbFile:35 - Overriding database path with different value: C:\Users\ACER\.stmcufinder\plugins\mcufinder/ => C:\Users\ACER\.stmcufinder\plugins\mcufinder
2025-09-15 13:17:26,912 [INFO] DbExamplesSqlite:767 - Set database path to: C:\Users\ACER\.stmcufinder\plugins\mcufinder//mcu/
2025-09-15 13:17:26,931 [INFO] ApplicationProperties:181 - Using Application install path: D:\STM32CubeIDE_1.7.0\STM32CubeIDE\plugins\com.st.stm32cube.common.mx_6.3.0.202107141111
2025-09-15 13:17:26,932 [INFO] PluginManage:188 - Search for loadable plugins [exclusion list=, ]
2025-09-15 13:17:26,935 [INFO] PluginManage:302 - Check plugin analytics
2025-09-15 13:17:27,095 [INFO] AnalyticsPlugin:257 - Accepted Software Licenses: 
2025-09-15 13:17:27,096 [INFO] AnalyticsPlugin:259 - Accepted CMSIS Pack Licenses: 
2025-09-15 13:17:27,096 [INFO] AnalyticsPlugin:261 - Accepted Firmware Licenses: 
2025-09-15 13:17:27,096 [INFO] PluginManage:352 - Loaded plugin analytics (category:tool,tabindex:-1)
2025-09-15 13:17:27,097 [INFO] PluginManage:302 - Check plugin clock
2025-09-15 13:17:27,133 [INFO] PluginManage:352 - Loaded plugin clock (category:base,tabindex:2)
2025-09-15 13:17:27,133 [INFO] PluginManage:302 - Check plugin ddr
2025-09-15 13:17:27,136 [INFO] PluginManage:352 - Loaded plugin ddr (category:tool,tabindex:6)
2025-09-15 13:17:27,136 [INFO] PluginManage:302 - Check plugin filemanager
2025-09-15 13:17:27,278 [INFO] PluginManage:352 - Loaded plugin filemanager (category:base,tabindex:10)
2025-09-15 13:17:27,279 [INFO] PluginManage:302 - Check plugin ipmanager
2025-09-15 13:17:27,288 [INFO] PluginManage:352 - Loaded plugin ipmanager (category:base,tabindex:5)
2025-09-15 13:17:27,289 [INFO] PluginManage:302 - Check plugin pinoutandconfiguration
2025-09-15 13:17:27,318 [INFO] PluginManage:352 - Loaded plugin pinoutandconfiguration (category:base,tabindex:1)
2025-09-15 13:17:27,318 [INFO] PluginManage:302 - Check plugin pinoutconfig
2025-09-15 13:17:27,389 [INFO] PluginManage:352 - Loaded plugin pinoutconfig (category:base,tabindex:0)
2025-09-15 13:17:27,389 [INFO] PluginManage:302 - Check plugin power
2025-09-15 13:17:27,433 [INFO] PluginManage:352 - Loaded plugin power (category:power,tabindex:4)
2025-09-15 13:17:27,434 [INFO] PluginManage:302 - Check plugin projectmanager
2025-09-15 13:17:27,458 [INFO] PluginManage:352 - Loaded plugin projectmanager (category:projectmanager,tabindex:3)
2025-09-15 13:17:27,458 [INFO] PluginManage:302 - Check plugin thirdparty
2025-09-15 13:17:27,830 [INFO] PluginManage:352 - Loaded plugin thirdparty (category:base,tabindex:-1)
2025-09-15 13:17:27,830 [INFO] PluginManage:302 - Check plugin tools
2025-09-15 13:17:27,833 [WARN] IntegrityCheckThread:78 - waiting for thirdparty lock release [integrity check]
2025-09-15 13:17:27,834 [INFO] IntegrityCheckThread:80 - entering critical section [integrity check]
2025-09-15 13:17:27,835 [INFO] ThirdPartyUpdaterWithRetryManager:66 - Updater plugin not ready yet. [1/15]
2025-09-15 13:17:27,966 [INFO] PluginManage:352 - Loaded plugin tools (category:base,tabindex:7)
2025-09-15 13:17:27,967 [INFO] PluginManage:302 - Check plugin tutovideos
2025-09-15 13:17:28,234 [INFO] PluginManage:352 - Loaded plugin tutovideos (category:base,tabindex:-1)
2025-09-15 13:17:28,234 [INFO] PluginManage:302 - Check plugin updater
2025-09-15 13:17:28,249 [INFO] PluginManage:352 - Loaded plugin updater (category:base,tabindex:12)
2025-09-15 13:17:28,250 [INFO] PluginManage:275 - PluginManage : Loaded plugins [13]
2025-09-15 13:17:28,533 [INFO] PinOutPanel:1463 - setPackage(No Configuration,No Configuration)
2025-09-15 13:17:28,677 [INFO] IPUIPlugin:74 - create IPUIPlugin
2025-09-15 13:17:28,678 [INFO] PluginManager:213 - loadIPPluginJar : add adc
2025-09-15 13:17:28,757 [INFO] IPUIPlugin:74 - create IPUIPlugin
2025-09-15 13:17:28,757 [INFO] PluginManager:213 - loadIPPluginJar : add aes
2025-09-15 13:17:28,841 [INFO] IPUIPlugin:74 - create IPUIPlugin
2025-09-15 13:17:28,841 [INFO] PluginManager:213 - loadIPPluginJar : add can
2025-09-15 13:17:28,905 [INFO] IPUIPlugin:74 - create IPUIPlugin
2025-09-15 13:17:28,905 [INFO] PluginManager:213 - loadIPPluginJar : add comp
2025-09-15 13:17:29,056 [INFO] IPUIPlugin:74 - create IPUIPlugin
2025-09-15 13:17:29,057 [INFO] PluginManager:213 - loadIPPluginJar : add cryp
2025-09-15 13:17:29,134 [INFO] IPUIPlugin:74 - create IPUIPlugin
2025-09-15 13:17:29,135 [INFO] PluginManager:213 - loadIPPluginJar : add dfsdm
2025-09-15 13:17:29,166 [INFO] IPUIPlugin:74 - create IPUIPlugin
2025-09-15 13:17:29,167 [INFO] PluginManager:213 - loadIPPluginJar : add dma
2025-09-15 13:17:29,296 [INFO] IPUIPlugin:74 - create IPUIPlugin
2025-09-15 13:17:29,297 [INFO] PluginManager:213 - loadIPPluginJar : add dma3
2025-09-15 13:17:29,351 [INFO] IPUIPlugin:74 - create IPUIPlugin
2025-09-15 13:17:29,351 [INFO] PluginManager:213 - loadIPPluginJar : add fatfs
2025-09-15 13:17:29,454 [INFO] IPUIPlugin:74 - create IPUIPlugin
2025-09-15 13:17:29,456 [INFO] PluginManager:213 - loadIPPluginJar : add fmc
2025-09-15 13:17:29,479 [INFO] IPUIPlugin:74 - create IPUIPlugin
2025-09-15 13:17:29,480 [INFO] PluginManager:213 - loadIPPluginJar : add freertos
2025-09-15 13:17:29,540 [INFO] IPUIPlugin:74 - create IPUIPlugin
2025-09-15 13:17:29,540 [INFO] PluginManager:213 - loadIPPluginJar : add genericplugin
2025-09-15 13:17:29,763 [INFO] IPUIPlugin:74 - create IPUIPlugin
2025-09-15 13:17:29,764 [INFO] PluginManager:213 - loadIPPluginJar : add gfxmmu
2025-09-15 13:17:30,007 [INFO] IPUIPlugin:74 - create IPUIPlugin
2025-09-15 13:17:30,007 [INFO] PluginManager:213 - loadIPPluginJar : add gic
2025-09-15 13:17:30,028 [INFO] IPUIPlugin:74 - create IPUIPlugin
2025-09-15 13:17:30,029 [INFO] PluginManager:213 - loadIPPluginJar : add gpio
2025-09-15 13:17:30,153 [INFO] IPUIPlugin:74 - create IPUIPlugin
2025-09-15 13:17:30,154 [INFO] PluginManager:213 - loadIPPluginJar : add gtzc
2025-09-15 13:17:30,218 [INFO] IPUIPlugin:74 - create IPUIPlugin
2025-09-15 13:17:30,218 [INFO] PluginManager:213 - loadIPPluginJar : add hash
2025-09-15 13:17:30,318 [INFO] IPUIPlugin:74 - create IPUIPlugin
2025-09-15 13:17:30,319 [INFO] PluginManager:213 - loadIPPluginJar : add i2c
2025-09-15 13:17:30,403 [INFO] IPUIPlugin:74 - create IPUIPlugin
2025-09-15 13:17:30,404 [INFO] PluginManager:213 - loadIPPluginJar : add i2s
2025-09-15 13:17:30,423 [INFO] IPUIPlugin:74 - create IPUIPlugin
2025-09-15 13:17:30,423 [INFO] PluginManager:213 - loadIPPluginJar : add ipddr
2025-09-15 13:17:30,578 [INFO] IPUIPlugin:74 - create IPUIPlugin
2025-09-15 13:17:30,579 [INFO] PluginManager:213 - loadIPPluginJar : add linkedlist
2025-09-15 13:17:30,653 [INFO] IPUIPlugin:74 - create IPUIPlugin
2025-09-15 13:17:30,653 [INFO] PluginManager:213 - loadIPPluginJar : add lorawan
2025-09-15 13:17:30,728 [INFO] IPUIPlugin:74 - create IPUIPlugin
2025-09-15 13:17:30,728 [INFO] PluginManager:213 - loadIPPluginJar : add ltdc
2025-09-15 13:17:30,748 [INFO] IPUIPlugin:74 - create IPUIPlugin
2025-09-15 13:17:30,748 [INFO] PluginManager:213 - loadIPPluginJar : add mdma
2025-09-15 13:17:30,771 [INFO] IPUIPlugin:74 - create IPUIPlugin
2025-09-15 13:17:30,771 [INFO] PluginManager:213 - loadIPPluginJar : add nvic
2025-09-15 13:17:30,839 [INFO] ThirdPartyUpdaterWithRetryManager:66 - Updater plugin not ready yet. [2/15]
2025-09-15 13:17:30,860 [INFO] IPUIPlugin:74 - create IPUIPlugin
2025-09-15 13:17:30,860 [INFO] PluginManager:213 - loadIPPluginJar : add opamp
2025-09-15 13:17:30,983 [INFO] IPUIPlugin:74 - create IPUIPlugin
2025-09-15 13:17:30,984 [INFO] PluginManager:213 - loadIPPluginJar : add openamp
2025-09-15 13:17:31,099 [INFO] IPUIPlugin:74 - create IPUIPlugin
2025-09-15 13:17:31,100 [INFO] PluginManager:213 - loadIPPluginJar : add pdm2pcm
2025-09-15 13:17:31,142 [INFO] IPUIPlugin:74 - create IPUIPlugin
2025-09-15 13:17:31,146 [INFO] PluginManager:213 - loadIPPluginJar : add plateformsettings
2025-09-15 13:17:31,220 [INFO] IPUIPlugin:74 - create IPUIPlugin
2025-09-15 13:17:31,221 [INFO] PluginManager:213 - loadIPPluginJar : add quadspi
2025-09-15 13:17:31,256 [INFO] IPUIPlugin:74 - create IPUIPlugin
2025-09-15 13:17:31,256 [INFO] PluginManager:213 - loadIPPluginJar : add resmgrutility
2025-09-15 13:17:31,353 [INFO] IPUIPlugin:74 - create IPUIPlugin
2025-09-15 13:17:31,354 [INFO] PluginManager:213 - loadIPPluginJar : add sai
2025-09-15 13:17:31,446 [INFO] IPUIPlugin:74 - create IPUIPlugin
2025-09-15 13:17:31,446 [INFO] PluginManager:213 - loadIPPluginJar : add spi
2025-09-15 13:17:31,596 [INFO] IPUIPlugin:74 - create IPUIPlugin
2025-09-15 13:17:31,596 [INFO] PluginManager:213 - loadIPPluginJar : add stm32_wpan
2025-09-15 13:17:31,669 [INFO] IPUIPlugin:74 - create IPUIPlugin
2025-09-15 13:17:31,669 [INFO] PluginManager:213 - loadIPPluginJar : add tim
2025-09-15 13:17:31,778 [INFO] IPUIPlugin:74 - create IPUIPlugin
2025-09-15 13:17:31,779 [INFO] PluginManager:213 - loadIPPluginJar : add touchsensing
2025-09-15 13:17:31,839 [INFO] IPUIPlugin:74 - create IPUIPlugin
2025-09-15 13:17:31,840 [INFO] PluginManager:213 - loadIPPluginJar : add tracer_emb
2025-09-15 13:17:31,923 [INFO] IPUIPlugin:74 - create IPUIPlugin
2025-09-15 13:17:31,923 [INFO] PluginManager:213 - loadIPPluginJar : add ts
2025-09-15 13:17:32,015 [INFO] IPUIPlugin:74 - create IPUIPlugin
2025-09-15 13:17:32,016 [INFO] PluginManager:213 - loadIPPluginJar : add tsc
2025-09-15 13:17:32,089 [INFO] IPUIPlugin:74 - create IPUIPlugin
2025-09-15 13:17:32,090 [INFO] PluginManager:213 - loadIPPluginJar : add ucpd
2025-09-15 13:17:32,179 [INFO] IPUIPlugin:74 - create IPUIPlugin
2025-09-15 13:17:32,180 [INFO] PluginManager:213 - loadIPPluginJar : add usart
2025-09-15 13:17:32,268 [INFO] IPUIPlugin:74 - create IPUIPlugin
2025-09-15 13:17:32,268 [INFO] PluginManager:213 - loadIPPluginJar : add usbx
2025-09-15 13:17:32,672 [FATAL] Updater:294 - Updater called before beeing initialized
2025-09-15 13:17:32,845 [FATAL] Updater:294 - Updater called before beeing initialized
2025-09-15 13:17:32,863 [INFO] DbMcusAds:47 - JSON generation date=Tue Jul 08 15:14:23 ICT 2025 (1751962463582)
2025-09-15 13:17:32,863 [FATAL] Updater:294 - Updater called before beeing initialized
2025-09-15 13:17:32,978 [WARN] DetailPanel:314 - Failed to get advertising image, set to default
2025-09-15 13:17:33,122 [FATAL] Updater:294 - Updater called before beeing initialized
2025-09-15 13:17:33,124 [FATAL] Updater:294 - Updater called before beeing initialized
2025-09-15 13:17:33,125 [FATAL] Updater:294 - Updater called before beeing initialized
2025-09-15 13:17:33,125 [WARN] DetailPanel:314 - Failed to get advertising image, set to default
2025-09-15 13:17:33,127 [FATAL] Updater:294 - Updater called before beeing initialized
2025-09-15 13:17:33,216 [ERROR] Updater:1075 - MainUpdater not yet initialized. External WinMGr cannot be set.
2025-09-15 13:17:33,241 [INFO] Updater:1012 - Updater Version found : 6.3.0
2025-09-15 13:17:33,265 [INFO] ApplicationProperties:181 - Using Application install path: D:\STM32CubeIDE_1.7.0\STM32CubeIDE\plugins\com.st.stm32cube.common.mx_6.3.0.202107141111
2025-09-15 13:17:33,511 [INFO] MainUpdater:2671 - connection check result : 10
2025-09-15 13:17:33,512 [INFO] MainUpdater:265 - Updater Check For Update Now.
2025-09-15 13:17:33,513 [INFO] MicroXplorer:478 - Change Database Version : DB.6.0.30
2025-09-15 13:17:33,713 [INFO] CheckServerUpdateThread:112 - End of CheckServer Thread
2025-09-15 13:17:33,774 [INFO] MainUpdater:2671 - connection check result : 10
2025-09-15 13:17:33,787 [INFO] MainUpdater:2671 - connection check result : 10
2025-09-15 13:17:33,942 [INFO] ThirdParty:915 - Integrity check success = true
2025-09-15 13:17:33,942 [INFO] IntegrityCheckThread:94 - exiting critical section [integrity check]
2025-09-15 13:17:33,942 [INFO] IntegrityCheckThread:97 - End integrity checks thread
2025-09-15 13:17:34,221 [INFO] MicroXplorer:448 - Change Database Path : 
2025-09-15 13:17:34,222 [INFO] MicroXplorer:478 - Change Database Version : DB.6.0.30
2025-09-15 13:17:34,222 [WARN] ThirdParty:813 - waiting for thirdparty lock release [close project]
2025-09-15 13:17:34,223 [INFO] ThirdParty:815 - entering critical section [close project]
2025-09-15 13:17:34,224 [INFO] ThirdParty:825 - exiting critical section [close project]
2025-09-15 13:17:34,228 [INFO] PinOutPanel:1463 - setPackage(No Configuration,No Configuration)
2025-09-15 13:17:34,229 [INFO] UtilMem:74 - Begin LoadConfig() Used Memory: 218007096 Bytes (268435456)
2025-09-15 13:17:34,230 [INFO] MicroXplorer:448 - Change Database Path : 
2025-09-15 13:17:34,230 [INFO] MicroXplorer:478 - Change Database Version : DB.6.0.30
2025-09-15 13:17:34,230 [INFO] OpenFileManager:313 - Change cursor
2025-09-15 13:17:35,416 [INFO] Context:592 - Trying to add GPIOservice into a context  which must be forbidden
2025-09-15 13:17:35,727 [INFO] RtosManager:484 - Registered RTOS mode: class=CMSIS, group=RTOS, mode=CMSIS_V1, owner=FREERTOS
2025-09-15 13:17:35,727 [INFO] RtosManager:484 - Registered RTOS mode: class=CMSIS, group=RTOS2, mode=CMSIS_V2, owner=FREERTOS
2025-09-15 13:17:35,728 [INFO] RtosManager:484 - Registered RTOS mode: class=RTOS, group=Core, mode=CMSIS_V1, owner=FREERTOS
2025-09-15 13:17:35,728 [INFO] RtosManager:484 - Registered RTOS mode: class=RTOS, group=Core, mode=CMSIS_V2, owner=FREERTOS
2025-09-15 13:17:35,728 [WARN] ModelIntegratedComponent:181 - Missing modes for component STMicroelectronics:FreeRTOS:0.0.1:STMicroelectronics:RTOS:FreeRTOS:Core:::10.2.0:
2025-09-15 13:17:35,737 [WARN] ModelIntegratedComponent:60 - No mode defined for component null
2025-09-15 13:17:35,737 [WARN] ModelIntegratedComponent:60 - No mode defined for component null
2025-09-15 13:17:35,737 [WARN] ModelIntegratedComponent:60 - No mode defined for component null
2025-09-15 13:17:35,737 [WARN] ModelIntegratedComponent:60 - No mode defined for component null
2025-09-15 13:17:35,737 [WARN] ModelIntegratedComponent:60 - No mode defined for component null
2025-09-15 13:17:35,737 [WARN] ModelIntegratedComponent:60 - No mode defined for component null
2025-09-15 13:17:35,737 [WARN] ModelIntegratedComponent:60 - No mode defined for component null
2025-09-15 13:17:35,737 [WARN] ModelIntegratedComponent:60 - No mode defined for component null
2025-09-15 13:17:35,738 [WARN] ModelIntegratedComponent:60 - No mode defined for component null
2025-09-15 13:17:35,738 [WARN] ModelIntegratedComponent:60 - No mode defined for component null
2025-09-15 13:17:35,738 [WARN] ModelIntegratedComponent:60 - No mode defined for component null
2025-09-15 13:17:35,738 [WARN] ModelIntegratedComponent:60 - No mode defined for component null
2025-09-15 13:17:35,738 [WARN] ModelIntegratedComponent:60 - No mode defined for component null
2025-09-15 13:17:35,738 [WARN] ModelIntegratedComponent:60 - No mode defined for component null
2025-09-15 13:17:35,738 [WARN] ModelIntegratedComponent:60 - No mode defined for component null
2025-09-15 13:17:35,738 [WARN] ModelIntegratedComponent:60 - No mode defined for component null
2025-09-15 13:17:35,738 [WARN] ModelIntegratedComponent:60 - No mode defined for component null
2025-09-15 13:17:35,738 [WARN] ModelIntegratedComponent:60 - No mode defined for component null
2025-09-15 13:17:35,739 [WARN] ModelIntegratedComponent:60 - No mode defined for component null
2025-09-15 13:17:35,739 [WARN] ModelIntegratedComponent:60 - No mode defined for component null
2025-09-15 13:17:35,739 [WARN] ModelIntegratedComponent:60 - No mode defined for component null
2025-09-15 13:17:35,739 [WARN] ModelIntegratedComponent:60 - No mode defined for component null
2025-09-15 13:17:35,739 [WARN] ModelIntegratedComponent:60 - No mode defined for component null
2025-09-15 13:17:35,739 [WARN] ModelIntegratedComponent:60 - No mode defined for component null
2025-09-15 13:17:35,739 [WARN] ModelIntegratedComponent:60 - No mode defined for component null
2025-09-15 13:17:35,740 [WARN] ModelIntegratedComponent:60 - No mode defined for component null
2025-09-15 13:17:35,740 [WARN] ModelIntegratedComponent:60 - No mode defined for component null
2025-09-15 13:17:35,740 [WARN] ModelIntegratedComponent:60 - No mode defined for component null
2025-09-15 13:17:35,740 [WARN] ModelIntegratedComponent:60 - No mode defined for component null
2025-09-15 13:17:35,740 [WARN] ModelIntegratedComponent:60 - No mode defined for component null
2025-09-15 13:17:35,741 [WARN] ModelIntegratedComponent:60 - No mode defined for component null
2025-09-15 13:17:35,855 [INFO] UtilMem:74 - End LoadConfig() Used Memory: 258827648 Bytes (343932928)
2025-09-15 13:17:35,857 [INFO] DbMcusXml:100 - Load MCU database from D:\STM32CubeIDE_1.7.0\STM32CubeIDE\plugins\com.st.stm32cube.common.mx_6.3.0.202107141111\\db\/mcu/families.xml
2025-09-15 13:17:36,859 [INFO] DbMcusJson:93 - JSON generation date=Tue Nov 16 23:17:54 ICT 2021 (1637079474)
2025-09-15 13:17:37,701 [INFO] DbMcus:175 - Found 1951 MCUs (1903 are supported by CubeMX, 1914 are visible in CubeMX)
2025-09-15 13:17:37,702 [INFO] ApiDb:251 - Load user favorites file C:\Users\ACER/.stm32cubeide/favorites.mcus.txt: 0 item(s)
2025-09-15 13:17:37,702 [INFO] ApiDb:255 - User favorites MCUs=[]
2025-09-15 13:17:37,703 [INFO] DbMcus:187 - Set 0 / 0 favorites MCUs
2025-09-15 13:17:37,728 [WARN] ThirdParty:779 - waiting for thirdparty lock release [change project]
2025-09-15 13:17:37,728 [INFO] ThirdParty:781 - entering critical section [change project]
2025-09-15 13:17:37,728 [INFO] ThirdParty:967 - CMSIS Pack Vendor :STMicroelectronics USB_HOST 2.0.0
2025-09-15 13:17:37,728 [INFO] ThirdParty:967 - CMSIS Pack Vendor :STMicroelectronics FreeRTOS 0.0.1
2025-09-15 13:17:37,728 [INFO] ThirdParty:967 - CMSIS Pack Vendor :STMicroelectronics USB_DEVICE 1.0.0
2025-09-15 13:17:37,728 [INFO] ThirdParty:967 - CMSIS Pack Vendor :STMicroelectronics USB_DEVICE 3.0.0
2025-09-15 13:17:37,728 [INFO] ThirdParty:967 - CMSIS Pack Vendor :STMicroelectronics HAL Drivers 0.0.0
2025-09-15 13:17:37,728 [INFO] ThirdParty:967 - CMSIS Pack Vendor :STMicroelectronics MBEDTLS 2.16.2
2025-09-15 13:17:37,728 [INFO] ThirdParty:967 - CMSIS Pack Vendor :STMicroelectronics ThreadX 0.0.2
2025-09-15 13:17:37,729 [INFO] ThirdParty:967 - CMSIS Pack Vendor :STMicroelectronics lwIP 2.0.3
2025-09-15 13:17:37,729 [INFO] ThirdParty:967 - CMSIS Pack Vendor :STMicroelectronics lwIP 2.1.2
2025-09-15 13:17:37,729 [INFO] ThirdParty:967 - CMSIS Pack Vendor :STMicroelectronics MBEDTLS 2.14.1
2025-09-15 13:17:37,729 [INFO] ThirdParty:967 - CMSIS Pack Vendor :STMicroelectronics USB_HOST 1.0.0
2025-09-15 13:17:37,729 [INFO] ThirdParty:967 - CMSIS Pack Vendor :STMicroelectronics PDM2PCM 3.1.0
2025-09-15 13:17:37,729 [INFO] ThirdParty:967 - CMSIS Pack Vendor :STMicroelectronics PDM2PCM 3.2.0
2025-09-15 13:17:37,729 [INFO] ThirdParty:967 - CMSIS Pack Vendor :STMicroelectronics USB_DEVICE 2.0.0
2025-09-15 13:17:37,729 [INFO] ThirdParty:967 - CMSIS Pack Vendor :STMicroelectronics PDM2PCM 3.3.0
2025-09-15 13:17:37,729 [INFO] ThirdParty:787 - exiting critical section [change project]
2025-09-15 13:17:38,117 [INFO] PinOutPanel:1463 - setPackage(No Configuration,No Configuration)
2025-09-15 13:17:38,119 [INFO] PinOutPanel:1463 - setPackage(STM32F103C6Ux,UFQFPN48)
2025-09-15 13:17:38,592 [INFO] UtilMem:74 - Before build in PCC Used Memory: 549950208 Bytes (765460480)
2025-09-15 13:17:39,433 [INFO] UtilMem:74 - After build in PCC Used Memory: 438431904 Bytes (765460480)
2025-09-15 13:17:39,457 [INFO] IPUIPlugin:74 - create IPUIPlugin
2025-09-15 13:17:39,457 [INFO] IPUIPlugin:74 - create IPUIPlugin
2025-09-15 13:17:39,457 [INFO] IPUIPlugin:74 - create IPUIPlugin
2025-09-15 13:17:39,458 [INFO] IPUIPlugin:74 - create IPUIPlugin
2025-09-15 13:17:39,458 [INFO] IPUIPlugin:74 - create IPUIPlugin
2025-09-15 13:17:39,458 [INFO] IPUIPlugin:74 - create IPUIPlugin
2025-09-15 13:17:39,458 [INFO] IPUIPlugin:74 - create IPUIPlugin
2025-09-15 13:17:39,458 [INFO] IPUIPlugin:74 - create IPUIPlugin
2025-09-15 13:17:39,458 [INFO] IPUIPlugin:74 - create IPUIPlugin
2025-09-15 13:17:39,459 [INFO] IPUIPlugin:74 - create IPUIPlugin
2025-09-15 13:17:39,459 [INFO] IPUIPlugin:74 - create IPUIPlugin
2025-09-15 13:17:39,459 [INFO] IPUIPlugin:74 - create IPUIPlugin
2025-09-15 13:17:39,459 [INFO] IPUIPlugin:74 - create IPUIPlugin
2025-09-15 13:17:39,460 [INFO] IPUIPlugin:74 - create IPUIPlugin
2025-09-15 13:17:39,460 [INFO] IPUIPlugin:74 - create IPUIPlugin
2025-09-15 13:17:39,460 [INFO] IPUIPlugin:74 - create IPUIPlugin
2025-09-15 13:17:39,461 [INFO] IPUIPlugin:74 - create IPUIPlugin
2025-09-15 13:17:39,461 [INFO] IPUIPlugin:74 - create IPUIPlugin
2025-09-15 13:17:39,461 [INFO] IPUIPlugin:74 - create IPUIPlugin
2025-09-15 13:17:39,462 [INFO] IPUIPlugin:74 - create IPUIPlugin
2025-09-15 13:17:39,463 [INFO] IPUIPlugin:74 - create IPUIPlugin
2025-09-15 13:17:39,464 [INFO] IPUIPlugin:74 - create IPUIPlugin
2025-09-15 13:17:39,464 [INFO] IPUIPlugin:74 - create IPUIPlugin
2025-09-15 13:17:39,618 [INFO] OpenFileManager:333 - Restore cursor
2025-09-15 13:32:14,720 [INFO] Gpio:254 - dependency for GPIO []
2025-09-15 13:32:17,216 [INFO] UtilMem:74 - End SaveConfig() Used Memory: 865713088 Bytes (1018167296)
2025-09-15 13:32:18,542 [INFO] UtilMem:74 - End SaveConfig() Used Memory: 887559232 Bytes (1018167296)
2025-09-15 13:32:20,248 [INFO] UtilMem:74 - End SaveConfig() Used Memory: 873864216 Bytes (1018167296)
2025-09-15 13:32:20,738 [INFO] BlockDiagram:2740 - set Specific Code input for plugin: NVIC
2025-09-15 13:32:20,739 [INFO] BlockDiagram:2740 - set Specific Code input for plugin: SYS
2025-09-15 13:32:20,739 [INFO] BlockDiagram:2740 - set Specific Code input for plugin: GPIO
2025-09-15 13:32:20,739 [INFO] BlockDiagram:2740 - set Specific Code input for plugin: RCC
2025-09-15 13:32:20,740 [INFO] CodeGenerator:663 - code generatio: config db path: D:\STM32CubeIDE_1.7.0\STM32CubeIDE\plugins\com.st.stm32cube.common.mx_6.3.0.202107141111\\db\
2025-09-15 13:32:21,177 [INFO] CodeEngine:239 - oldGeneratedFile, D:\New folder (2)\LAB 1\Code\LAB 1.3\MXTmpFiles\license.tmp_save
2025-09-15 13:32:21,549 [INFO] CodeEngine:257 - Generated code: D:\New folder (2)\LAB 1\Code\LAB 1.3\MXTmpFiles\license.tmp
2025-09-15 13:32:21,729 [INFO] CodeEngine:239 - oldGeneratedFile, D:\New folder (2)\LAB 1\Code\LAB 1.3\MXTmpFiles\gpio.tmp_save
2025-09-15 13:32:21,852 [INFO] CodeEngine:257 - Generated code: D:\New folder (2)\LAB 1\Code\LAB 1.3\MXTmpFiles\gpio.tmp
2025-09-15 13:32:21,939 [INFO] CodeEngine:239 - oldGeneratedFile, D:\New folder (2)\LAB 1\Code\LAB 1.3\Core\Src\stm32f1xx_it.c_save
2025-09-15 13:32:22,136 [INFO] CodeEngine:257 - Generated code: D:\New folder (2)\LAB 1\Code\LAB 1.3\Core\Src\stm32f1xx_it.c
2025-09-15 13:32:22,164 [INFO] CodeEngine:239 - oldGeneratedFile, D:\New folder (2)\LAB 1\Code\LAB 1.3\Core\Inc\stm32f1xx_it.h_save
2025-09-15 13:32:22,291 [INFO] CodeEngine:257 - Generated code: D:\New folder (2)\LAB 1\Code\LAB 1.3\Core\Inc\stm32f1xx_it.h
2025-09-15 13:32:22,327 [INFO] CodeEngine:239 - oldGeneratedFile, D:\New folder (2)\LAB 1\Code\LAB 1.3\Core\Src\stm32f1xx_hal_msp.c_save
2025-09-15 13:32:22,514 [INFO] CodeEngine:257 - Generated code: D:\New folder (2)\LAB 1\Code\LAB 1.3\Core\Src\stm32f1xx_hal_msp.c
2025-09-15 13:32:22,529 [INFO] CodeEngine:239 - oldGeneratedFile, D:\New folder (2)\LAB 1\Code\LAB 1.3\MXTmpFiles\system.tmp_save
2025-09-15 13:32:22,623 [INFO] CodeEngine:257 - Generated code: D:\New folder (2)\LAB 1\Code\LAB 1.3\MXTmpFiles\system.tmp
2025-09-15 13:32:22,657 [INFO] CodeEngine:239 - oldGeneratedFile, D:\New folder (2)\LAB 1\Code\LAB 1.3\Core\Inc\stm32f1xx_hal_conf.h_save
2025-09-15 13:32:22,814 [INFO] CodeEngine:257 - Generated code: D:\New folder (2)\LAB 1\Code\LAB 1.3\Core\Inc\stm32f1xx_hal_conf.h
2025-09-15 13:32:22,924 [INFO] CodeEngine:239 - oldGeneratedFile, D:\New folder (2)\LAB 1\Code\LAB 1.3\Core\Inc\main.h_save
2025-09-15 13:32:23,085 [INFO] CodeEngine:257 - Generated code: D:\New folder (2)\LAB 1\Code\LAB 1.3\Core\Inc\main.h
2025-09-15 13:32:23,119 [INFO] CodeEngine:239 - oldGeneratedFile, D:\New folder (2)\LAB 1\Code\LAB 1.3\Core\Src\main.c_save
2025-09-15 13:32:23,281 [INFO] CodeEngine:257 - Generated code: D:\New folder (2)\LAB 1\Code\LAB 1.3\Core\Src\main.c
2025-09-15 13:32:24,345 [INFO] ProjectBuilder:2578 - Time for Copy HAL[1] : 92mS.
2025-09-15 13:32:24,352 [INFO] ProjectBuilder:3622 - Project Generator version: 3.14.1
2025-09-15 13:32:25,260 [INFO] ConfigFileManager:1271 - The Die is : DIE412
2025-09-15 13:32:25,296 [INFO] ApiDbMcu:468 - Load IP Config File for FATFS
2025-09-15 13:32:25,343 [INFO] ApiDbMcu:468 - Load IP Config File for FREERTOS
2025-09-15 13:32:25,395 [INFO] ApiDbMcu:468 - Load IP Config File for USB_DEVICE
2025-09-15 13:32:29,639 [INFO] ProjectBuilder:3789 - Time for Generating toolchain IDE Files: 5287mS.
2025-09-15 13:32:29,640 [INFO] ProjectBuilder:2457 - Time for Copy CMSIS : 1mS.
2025-09-15 13:32:29,641 [INFO] ProjectBuilder:2457 - Time for Copy CMSIS : 0mS.
2025-09-15 13:41:55,348 [INFO] Gpio:254 - dependency for GPIO []
2025-09-15 13:41:56,922 [INFO] Gpio:254 - dependency for GPIO []
2025-09-15 13:41:58,856 [INFO] UtilMem:74 - End SaveConfig() Used Memory: 926536712 Bytes (1073741824)
2025-09-15 13:49:57,070 [INFO] MainUpdater:2671 - connection check result : 10
2025-09-15 13:49:57,070 [INFO] MainUpdater:2671 - connection check result : 10
2025-09-15 13:49:57,210 [INFO] MicroXplorer:448 - Change Database Path : 
2025-09-15 13:49:57,210 [INFO] MicroXplorer:478 - Change Database Version : DB.6.0.30
2025-09-15 13:49:57,211 [WARN] ThirdParty:813 - waiting for thirdparty lock release [close project]
2025-09-15 13:49:57,211 [INFO] ThirdParty:815 - entering critical section [close project]
2025-09-15 13:49:57,211 [INFO] ThirdParty:825 - exiting critical section [close project]
2025-09-15 13:49:57,211 [INFO] PinOutPanel:1463 - setPackage(No Configuration,No Configuration)
2025-09-15 13:49:57,219 [INFO] UtilMem:74 - Begin LoadConfig() Used Memory: 899659712 Bytes (1073741824)
2025-09-15 13:49:57,220 [INFO] MicroXplorer:448 - Change Database Path : 
2025-09-15 13:49:57,220 [INFO] MicroXplorer:478 - Change Database Version : DB.6.0.30
2025-09-15 13:49:57,220 [INFO] OpenFileManager:313 - Change cursor
2025-09-15 13:49:57,235 [INFO] RulesReader:57 - Compatibility file has been processed (242 Rules)
2025-09-15 13:49:57,841 [INFO] Context:592 - Trying to add GPIOservice into a context  which must be forbidden
2025-09-15 13:49:57,980 [INFO] RtosManager:484 - Registered RTOS mode: class=CMSIS, group=RTOS, mode=CMSIS_V1, owner=FREERTOS
2025-09-15 13:49:57,981 [INFO] RtosManager:484 - Registered RTOS mode: class=CMSIS, group=RTOS2, mode=CMSIS_V2, owner=FREERTOS
2025-09-15 13:49:57,981 [INFO] RtosManager:484 - Registered RTOS mode: class=RTOS, group=Core, mode=CMSIS_V1, owner=FREERTOS
2025-09-15 13:49:57,981 [INFO] RtosManager:484 - Registered RTOS mode: class=RTOS, group=Core, mode=CMSIS_V2, owner=FREERTOS
2025-09-15 13:49:57,981 [WARN] ModelIntegratedComponent:181 - Missing modes for component STMicroelectronics:FreeRTOS:0.0.1:STMicroelectronics:RTOS:FreeRTOS:Core:::10.2.0:
2025-09-15 13:49:57,981 [WARN] ModelIntegratedComponent:60 - No mode defined for component null
2025-09-15 13:49:57,981 [WARN] ModelIntegratedComponent:60 - No mode defined for component null
2025-09-15 13:49:57,981 [WARN] ModelIntegratedComponent:60 - No mode defined for component null
2025-09-15 13:49:57,981 [WARN] ModelIntegratedComponent:60 - No mode defined for component null
2025-09-15 13:49:57,982 [WARN] ModelIntegratedComponent:60 - No mode defined for component null
2025-09-15 13:49:57,982 [WARN] ModelIntegratedComponent:60 - No mode defined for component null
2025-09-15 13:49:57,982 [WARN] ModelIntegratedComponent:60 - No mode defined for component null
2025-09-15 13:49:57,982 [WARN] ModelIntegratedComponent:60 - No mode defined for component null
2025-09-15 13:49:57,982 [WARN] ModelIntegratedComponent:60 - No mode defined for component null
2025-09-15 13:49:57,982 [WARN] ModelIntegratedComponent:60 - No mode defined for component null
2025-09-15 13:49:57,982 [WARN] ModelIntegratedComponent:60 - No mode defined for component null
2025-09-15 13:49:57,982 [WARN] ModelIntegratedComponent:60 - No mode defined for component null
2025-09-15 13:49:57,982 [WARN] ModelIntegratedComponent:60 - No mode defined for component null
2025-09-15 13:49:57,982 [WARN] ModelIntegratedComponent:60 - No mode defined for component null
2025-09-15 13:49:57,983 [WARN] ModelIntegratedComponent:60 - No mode defined for component null
2025-09-15 13:49:57,983 [WARN] ModelIntegratedComponent:60 - No mode defined for component null
2025-09-15 13:49:57,983 [WARN] ModelIntegratedComponent:60 - No mode defined for component null
2025-09-15 13:49:57,983 [WARN] ModelIntegratedComponent:60 - No mode defined for component null
2025-09-15 13:49:57,983 [WARN] ModelIntegratedComponent:60 - No mode defined for component null
2025-09-15 13:49:57,983 [WARN] ModelIntegratedComponent:60 - No mode defined for component null
2025-09-15 13:49:57,983 [WARN] ModelIntegratedComponent:60 - No mode defined for component null
2025-09-15 13:49:57,983 [WARN] ModelIntegratedComponent:60 - No mode defined for component null
2025-09-15 13:49:57,983 [WARN] ModelIntegratedComponent:60 - No mode defined for component null
2025-09-15 13:49:57,983 [WARN] ModelIntegratedComponent:60 - No mode defined for component null
2025-09-15 13:49:57,983 [WARN] ModelIntegratedComponent:60 - No mode defined for component null
2025-09-15 13:49:57,984 [WARN] ModelIntegratedComponent:60 - No mode defined for component null
2025-09-15 13:49:57,984 [WARN] ModelIntegratedComponent:60 - No mode defined for component null
2025-09-15 13:49:57,984 [WARN] ModelIntegratedComponent:60 - No mode defined for component null
2025-09-15 13:49:57,984 [WARN] ModelIntegratedComponent:60 - No mode defined for component null
2025-09-15 13:49:57,984 [WARN] ModelIntegratedComponent:60 - No mode defined for component null
2025-09-15 13:49:57,984 [WARN] ModelIntegratedComponent:60 - No mode defined for component null
2025-09-15 13:49:58,107 [INFO] UtilMem:74 - End LoadConfig() Used Memory: 915465856 Bytes (1073741824)
2025-09-15 13:49:58,108 [WARN] ThirdParty:779 - waiting for thirdparty lock release [change project]
2025-09-15 13:49:58,108 [INFO] ThirdParty:781 - entering critical section [change project]
2025-09-15 13:49:58,108 [INFO] ThirdParty:967 - CMSIS Pack Vendor :STMicroelectronics USB_HOST 2.0.0
2025-09-15 13:49:58,108 [INFO] ThirdParty:967 - CMSIS Pack Vendor :STMicroelectronics FreeRTOS 0.0.1
2025-09-15 13:49:58,108 [INFO] ThirdParty:967 - CMSIS Pack Vendor :STMicroelectronics USB_DEVICE 1.0.0
2025-09-15 13:49:58,108 [INFO] ThirdParty:967 - CMSIS Pack Vendor :STMicroelectronics USB_DEVICE 3.0.0
2025-09-15 13:49:58,108 [INFO] ThirdParty:967 - CMSIS Pack Vendor :STMicroelectronics HAL Drivers 0.0.0
2025-09-15 13:49:58,108 [INFO] ThirdParty:967 - CMSIS Pack Vendor :STMicroelectronics MBEDTLS 2.16.2
2025-09-15 13:49:58,108 [INFO] ThirdParty:967 - CMSIS Pack Vendor :STMicroelectronics ThreadX 0.0.2
2025-09-15 13:49:58,108 [INFO] ThirdParty:967 - CMSIS Pack Vendor :STMicroelectronics lwIP 2.0.3
2025-09-15 13:49:58,108 [INFO] ThirdParty:967 - CMSIS Pack Vendor :STMicroelectronics lwIP 2.1.2
2025-09-15 13:49:58,109 [INFO] ThirdParty:967 - CMSIS Pack Vendor :STMicroelectronics MBEDTLS 2.14.1
2025-09-15 13:49:58,109 [INFO] ThirdParty:967 - CMSIS Pack Vendor :STMicroelectronics USB_HOST 1.0.0
2025-09-15 13:49:58,109 [INFO] ThirdParty:967 - CMSIS Pack Vendor :STMicroelectronics PDM2PCM 3.1.0
2025-09-15 13:49:58,109 [INFO] ThirdParty:967 - CMSIS Pack Vendor :STMicroelectronics PDM2PCM 3.2.0
2025-09-15 13:49:58,109 [INFO] ThirdParty:967 - CMSIS Pack Vendor :STMicroelectronics USB_DEVICE 2.0.0
2025-09-15 13:49:58,109 [INFO] ThirdParty:967 - CMSIS Pack Vendor :STMicroelectronics PDM2PCM 3.3.0
2025-09-15 13:49:58,109 [INFO] ThirdParty:787 - exiting critical section [change project]
2025-09-15 13:49:58,225 [INFO] PinOutPanel:1463 - setPackage(No Configuration,No Configuration)
2025-09-15 13:49:58,226 [INFO] PinOutPanel:1463 - setPackage(STM32F103C6Ux,UFQFPN48)
2025-09-15 13:49:58,481 [INFO] UtilMem:74 - Before build in PCC Used Memory: 931961376 Bytes (1073741824)
2025-09-15 13:49:58,751 [INFO] UtilMem:74 - After build in PCC Used Memory: 946753864 Bytes (1073741824)
2025-09-15 13:49:58,779 [INFO] IPUIPlugin:74 - create IPUIPlugin
2025-09-15 13:49:58,779 [INFO] IPUIPlugin:74 - create IPUIPlugin
2025-09-15 13:49:58,779 [INFO] IPUIPlugin:74 - create IPUIPlugin
2025-09-15 13:49:58,780 [INFO] IPUIPlugin:74 - create IPUIPlugin
2025-09-15 13:49:58,780 [INFO] IPUIPlugin:74 - create IPUIPlugin
2025-09-15 13:49:58,780 [INFO] IPUIPlugin:74 - create IPUIPlugin
2025-09-15 13:49:58,780 [INFO] IPUIPlugin:74 - create IPUIPlugin
2025-09-15 13:49:58,780 [INFO] IPUIPlugin:74 - create IPUIPlugin
2025-09-15 13:49:58,780 [INFO] IPUIPlugin:74 - create IPUIPlugin
2025-09-15 13:49:58,781 [INFO] IPUIPlugin:74 - create IPUIPlugin
2025-09-15 13:49:58,781 [INFO] IPUIPlugin:74 - create IPUIPlugin
2025-09-15 13:49:58,781 [INFO] IPUIPlugin:74 - create IPUIPlugin
2025-09-15 13:49:58,781 [INFO] IPUIPlugin:74 - create IPUIPlugin
2025-09-15 13:49:58,782 [INFO] IPUIPlugin:74 - create IPUIPlugin
2025-09-15 13:49:58,782 [INFO] IPUIPlugin:74 - create IPUIPlugin
2025-09-15 13:49:58,782 [INFO] IPUIPlugin:74 - create IPUIPlugin
2025-09-15 13:49:58,783 [INFO] IPUIPlugin:74 - create IPUIPlugin
2025-09-15 13:49:58,783 [INFO] IPUIPlugin:74 - create IPUIPlugin
2025-09-15 13:49:58,783 [INFO] IPUIPlugin:74 - create IPUIPlugin
2025-09-15 13:49:58,784 [INFO] IPUIPlugin:74 - create IPUIPlugin
2025-09-15 13:49:58,784 [INFO] IPUIPlugin:74 - create IPUIPlugin
2025-09-15 13:49:58,785 [INFO] IPUIPlugin:74 - create IPUIPlugin
2025-09-15 13:49:58,785 [INFO] IPUIPlugin:74 - create IPUIPlugin
2025-09-15 13:49:58,796 [INFO] OpenFileManager:333 - Restore cursor
2025-09-15 13:50:02,594 [INFO] Gpio:254 - dependency for GPIO []
2025-09-15 14:10:32,763 [INFO] MainUpdater:2671 - connection check result : 10
2025-09-15 14:10:32,765 [INFO] MainUpdater:2671 - connection check result : 10
2025-09-15 14:10:32,880 [INFO] MicroXplorer:448 - Change Database Path : 
2025-09-15 14:10:32,881 [INFO] MicroXplorer:478 - Change Database Version : DB.6.0.30
2025-09-15 14:10:32,881 [WARN] ThirdParty:813 - waiting for thirdparty lock release [close project]
2025-09-15 14:10:32,881 [INFO] ThirdParty:815 - entering critical section [close project]
2025-09-15 14:10:32,881 [INFO] ThirdParty:825 - exiting critical section [close project]
2025-09-15 14:10:32,882 [INFO] PinOutPanel:1463 - setPackage(No Configuration,No Configuration)
2025-09-15 14:10:32,883 [INFO] UtilMem:74 - Begin LoadConfig() Used Memory: 903025784 Bytes (1073741824)
2025-09-15 14:10:32,883 [INFO] MicroXplorer:448 - Change Database Path : 
2025-09-15 14:10:32,883 [INFO] MicroXplorer:478 - Change Database Version : DB.6.0.30
2025-09-15 14:10:32,883 [INFO] OpenFileManager:313 - Change cursor
2025-09-15 14:10:33,433 [INFO] Context:592 - Trying to add GPIOservice into a context  which must be forbidden
2025-09-15 14:10:33,590 [INFO] RtosManager:484 - Registered RTOS mode: class=CMSIS, group=RTOS, mode=CMSIS_V1, owner=FREERTOS
2025-09-15 14:10:33,590 [INFO] RtosManager:484 - Registered RTOS mode: class=CMSIS, group=RTOS2, mode=CMSIS_V2, owner=FREERTOS
2025-09-15 14:10:33,590 [INFO] RtosManager:484 - Registered RTOS mode: class=RTOS, group=Core, mode=CMSIS_V1, owner=FREERTOS
2025-09-15 14:10:33,590 [INFO] RtosManager:484 - Registered RTOS mode: class=RTOS, group=Core, mode=CMSIS_V2, owner=FREERTOS
2025-09-15 14:10:33,590 [WARN] ModelIntegratedComponent:181 - Missing modes for component STMicroelectronics:FreeRTOS:0.0.1:STMicroelectronics:RTOS:FreeRTOS:Core:::10.2.0:
2025-09-15 14:10:33,591 [WARN] ModelIntegratedComponent:60 - No mode defined for component null
2025-09-15 14:10:33,591 [WARN] ModelIntegratedComponent:60 - No mode defined for component null
2025-09-15 14:10:33,591 [WARN] ModelIntegratedComponent:60 - No mode defined for component null
2025-09-15 14:10:33,591 [WARN] ModelIntegratedComponent:60 - No mode defined for component null
2025-09-15 14:10:33,591 [WARN] ModelIntegratedComponent:60 - No mode defined for component null
2025-09-15 14:10:33,591 [WARN] ModelIntegratedComponent:60 - No mode defined for component null
2025-09-15 14:10:33,591 [WARN] ModelIntegratedComponent:60 - No mode defined for component null
2025-09-15 14:10:33,592 [WARN] ModelIntegratedComponent:60 - No mode defined for component null
2025-09-15 14:10:33,592 [WARN] ModelIntegratedComponent:60 - No mode defined for component null
2025-09-15 14:10:33,592 [WARN] ModelIntegratedComponent:60 - No mode defined for component null
2025-09-15 14:10:33,592 [WARN] ModelIntegratedComponent:60 - No mode defined for component null
2025-09-15 14:10:33,592 [WARN] ModelIntegratedComponent:60 - No mode defined for component null
2025-09-15 14:10:33,592 [WARN] ModelIntegratedComponent:60 - No mode defined for component null
2025-09-15 14:10:33,592 [WARN] ModelIntegratedComponent:60 - No mode defined for component null
2025-09-15 14:10:33,592 [WARN] ModelIntegratedComponent:60 - No mode defined for component null
2025-09-15 14:10:33,592 [WARN] ModelIntegratedComponent:60 - No mode defined for component null
2025-09-15 14:10:33,592 [WARN] ModelIntegratedComponent:60 - No mode defined for component null
2025-09-15 14:10:33,593 [WARN] ModelIntegratedComponent:60 - No mode defined for component null
2025-09-15 14:10:33,593 [WARN] ModelIntegratedComponent:60 - No mode defined for component null
2025-09-15 14:10:33,593 [WARN] ModelIntegratedComponent:60 - No mode defined for component null
2025-09-15 14:10:33,593 [WARN] ModelIntegratedComponent:60 - No mode defined for component null
2025-09-15 14:10:33,593 [WARN] ModelIntegratedComponent:60 - No mode defined for component null
2025-09-15 14:10:33,593 [WARN] ModelIntegratedComponent:60 - No mode defined for component null
2025-09-15 14:10:33,593 [WARN] ModelIntegratedComponent:60 - No mode defined for component null
2025-09-15 14:10:33,593 [WARN] ModelIntegratedComponent:60 - No mode defined for component null
2025-09-15 14:10:33,593 [WARN] ModelIntegratedComponent:60 - No mode defined for component null
2025-09-15 14:10:33,593 [WARN] ModelIntegratedComponent:60 - No mode defined for component null
2025-09-15 14:10:33,593 [WARN] ModelIntegratedComponent:60 - No mode defined for component null
2025-09-15 14:10:33,594 [WARN] ModelIntegratedComponent:60 - No mode defined for component null
2025-09-15 14:10:33,594 [WARN] ModelIntegratedComponent:60 - No mode defined for component null
2025-09-15 14:10:33,594 [WARN] ModelIntegratedComponent:60 - No mode defined for component null
2025-09-15 14:10:33,681 [INFO] UtilMem:74 - End LoadConfig() Used Memory: 940060496 Bytes (1073741824)
2025-09-15 14:10:33,682 [WARN] ThirdParty:779 - waiting for thirdparty lock release [change project]
2025-09-15 14:10:33,682 [INFO] ThirdParty:781 - entering critical section [change project]
2025-09-15 14:10:33,682 [INFO] ThirdParty:967 - CMSIS Pack Vendor :STMicroelectronics USB_HOST 2.0.0
2025-09-15 14:10:33,682 [INFO] ThirdParty:967 - CMSIS Pack Vendor :STMicroelectronics FreeRTOS 0.0.1
2025-09-15 14:10:33,682 [INFO] ThirdParty:967 - CMSIS Pack Vendor :STMicroelectronics USB_DEVICE 1.0.0
2025-09-15 14:10:33,683 [INFO] ThirdParty:967 - CMSIS Pack Vendor :STMicroelectronics USB_DEVICE 3.0.0
2025-09-15 14:10:33,683 [INFO] ThirdParty:967 - CMSIS Pack Vendor :STMicroelectronics HAL Drivers 0.0.0
2025-09-15 14:10:33,683 [INFO] ThirdParty:967 - CMSIS Pack Vendor :STMicroelectronics MBEDTLS 2.16.2
2025-09-15 14:10:33,683 [INFO] ThirdParty:967 - CMSIS Pack Vendor :STMicroelectronics ThreadX 0.0.2
2025-09-15 14:10:33,683 [INFO] ThirdParty:967 - CMSIS Pack Vendor :STMicroelectronics lwIP 2.0.3
2025-09-15 14:10:33,683 [INFO] ThirdParty:967 - CMSIS Pack Vendor :STMicroelectronics lwIP 2.1.2
2025-09-15 14:10:33,683 [INFO] ThirdParty:967 - CMSIS Pack Vendor :STMicroelectronics MBEDTLS 2.14.1
2025-09-15 14:10:33,683 [INFO] ThirdParty:967 - CMSIS Pack Vendor :STMicroelectronics USB_HOST 1.0.0
2025-09-15 14:10:33,683 [INFO] ThirdParty:967 - CMSIS Pack Vendor :STMicroelectronics PDM2PCM 3.1.0
2025-09-15 14:10:33,683 [INFO] ThirdParty:967 - CMSIS Pack Vendor :STMicroelectronics PDM2PCM 3.2.0
2025-09-15 14:10:33,683 [INFO] ThirdParty:967 - CMSIS Pack Vendor :STMicroelectronics USB_DEVICE 2.0.0
2025-09-15 14:10:33,684 [INFO] ThirdParty:967 - CMSIS Pack Vendor :STMicroelectronics PDM2PCM 3.3.0
2025-09-15 14:10:33,684 [INFO] ThirdParty:787 - exiting critical section [change project]
2025-09-15 14:10:33,801 [INFO] PinOutPanel:1463 - setPackage(No Configuration,No Configuration)
2025-09-15 14:10:33,802 [INFO] PinOutPanel:1463 - setPackage(STM32F103C6Ux,UFQFPN48)
2025-09-15 14:10:34,018 [INFO] UtilMem:74 - Before build in PCC Used Memory: 916689400 Bytes (1073741824)
2025-09-15 14:10:34,271 [INFO] UtilMem:74 - After build in PCC Used Memory: 928580800 Bytes (1073741824)
2025-09-15 14:10:34,287 [INFO] IPUIPlugin:74 - create IPUIPlugin
2025-09-15 14:10:34,288 [INFO] IPUIPlugin:74 - create IPUIPlugin
2025-09-15 14:10:34,288 [INFO] IPUIPlugin:74 - create IPUIPlugin
2025-09-15 14:10:34,288 [INFO] IPUIPlugin:74 - create IPUIPlugin
2025-09-15 14:10:34,288 [INFO] IPUIPlugin:74 - create IPUIPlugin
2025-09-15 14:10:34,288 [INFO] IPUIPlugin:74 - create IPUIPlugin
2025-09-15 14:10:34,288 [INFO] IPUIPlugin:74 - create IPUIPlugin
2025-09-15 14:10:34,289 [INFO] IPUIPlugin:74 - create IPUIPlugin
2025-09-15 14:10:34,289 [INFO] IPUIPlugin:74 - create IPUIPlugin
2025-09-15 14:10:34,289 [INFO] IPUIPlugin:74 - create IPUIPlugin
2025-09-15 14:10:34,289 [INFO] IPUIPlugin:74 - create IPUIPlugin
2025-09-15 14:10:34,289 [INFO] IPUIPlugin:74 - create IPUIPlugin
2025-09-15 14:10:34,290 [INFO] IPUIPlugin:74 - create IPUIPlugin
2025-09-15 14:10:34,290 [INFO] IPUIPlugin:74 - create IPUIPlugin
2025-09-15 14:10:34,290 [INFO] IPUIPlugin:74 - create IPUIPlugin
2025-09-15 14:10:34,291 [INFO] IPUIPlugin:74 - create IPUIPlugin
2025-09-15 14:10:34,291 [INFO] IPUIPlugin:74 - create IPUIPlugin
2025-09-15 14:10:34,291 [INFO] IPUIPlugin:74 - create IPUIPlugin
2025-09-15 14:10:34,292 [INFO] IPUIPlugin:74 - create IPUIPlugin
2025-09-15 14:10:34,292 [INFO] IPUIPlugin:74 - create IPUIPlugin
2025-09-15 14:10:34,292 [INFO] IPUIPlugin:74 - create IPUIPlugin
2025-09-15 14:10:34,293 [INFO] IPUIPlugin:74 - create IPUIPlugin
2025-09-15 14:10:34,293 [INFO] IPUIPlugin:74 - create IPUIPlugin
2025-09-15 14:10:34,304 [INFO] OpenFileManager:333 - Restore cursor
2025-09-15 14:17:30,404 [INFO] DbMcusDocs:143 - JSON generation date=Tue Nov 16 23:17:54 ICT 2021 (1637079474)
2025-09-15 14:17:30,776 [INFO] DbMcusDocs:79 - Found 682 MCUs documents
2025-09-15 14:17:31,288 [INFO] Gpio:254 - dependency for GPIO []
2025-09-15 14:17:33,093 [INFO] UtilMem:74 - End SaveConfig() Used Memory: 939709888 Bytes (1073741824)
2025-09-15 14:17:34,104 [INFO] UtilMem:74 - End SaveConfig() Used Memory: 957535680 Bytes (1073741824)
2025-09-15 14:17:37,348 [INFO] UtilMem:74 - End SaveConfig() Used Memory: 946482840 Bytes (1073741824)
2025-09-15 14:17:37,741 [INFO] BlockDiagram:2740 - set Specific Code input for plugin: NVIC
2025-09-15 14:17:37,741 [INFO] BlockDiagram:2740 - set Specific Code input for plugin: SYS
2025-09-15 14:17:37,741 [INFO] BlockDiagram:2740 - set Specific Code input for plugin: GPIO
2025-09-15 14:17:37,741 [INFO] BlockDiagram:2740 - set Specific Code input for plugin: RCC
2025-09-15 14:17:37,742 [INFO] CodeGenerator:663 - code generatio: config db path: D:\STM32CubeIDE_1.7.0\STM32CubeIDE\plugins\com.st.stm32cube.common.mx_6.3.0.202107141111\\db\
2025-09-15 14:17:38,112 [INFO] CodeEngine:239 - oldGeneratedFile, D:\New folder (2)\LAB 1\Code\LAB 1.3\MXTmpFiles\license.tmp_save
2025-09-15 14:17:38,193 [INFO] CodeEngine:257 - Generated code: D:\New folder (2)\LAB 1\Code\LAB 1.3\MXTmpFiles\license.tmp
2025-09-15 14:17:38,246 [INFO] CodeEngine:239 - oldGeneratedFile, D:\New folder (2)\LAB 1\Code\LAB 1.3\MXTmpFiles\gpio.tmp_save
2025-09-15 14:17:38,403 [INFO] CodeEngine:257 - Generated code: D:\New folder (2)\LAB 1\Code\LAB 1.3\MXTmpFiles\gpio.tmp
2025-09-15 14:17:38,452 [INFO] CodeEngine:239 - oldGeneratedFile, D:\New folder (2)\LAB 1\Code\LAB 1.3\Core\Src\stm32f1xx_it.c_save
2025-09-15 14:17:38,551 [INFO] CodeEngine:257 - Generated code: D:\New folder (2)\LAB 1\Code\LAB 1.3\Core\Src\stm32f1xx_it.c
2025-09-15 14:17:38,555 [INFO] CodeEngine:239 - oldGeneratedFile, D:\New folder (2)\LAB 1\Code\LAB 1.3\Core\Inc\stm32f1xx_it.h_save
2025-09-15 14:17:38,640 [INFO] CodeEngine:257 - Generated code: D:\New folder (2)\LAB 1\Code\LAB 1.3\Core\Inc\stm32f1xx_it.h
2025-09-15 14:17:38,661 [INFO] CodeEngine:239 - oldGeneratedFile, D:\New folder (2)\LAB 1\Code\LAB 1.3\Core\Src\stm32f1xx_hal_msp.c_save
2025-09-15 14:17:38,774 [INFO] CodeEngine:257 - Generated code: D:\New folder (2)\LAB 1\Code\LAB 1.3\Core\Src\stm32f1xx_hal_msp.c
2025-09-15 14:17:38,779 [INFO] CodeEngine:239 - oldGeneratedFile, D:\New folder (2)\LAB 1\Code\LAB 1.3\MXTmpFiles\system.tmp_save
2025-09-15 14:17:38,852 [INFO] CodeEngine:257 - Generated code: D:\New folder (2)\LAB 1\Code\LAB 1.3\MXTmpFiles\system.tmp
2025-09-15 14:17:38,875 [INFO] CodeEngine:239 - oldGeneratedFile, D:\New folder (2)\LAB 1\Code\LAB 1.3\Core\Inc\stm32f1xx_hal_conf.h_save
2025-09-15 14:17:39,006 [INFO] CodeEngine:257 - Generated code: D:\New folder (2)\LAB 1\Code\LAB 1.3\Core\Inc\stm32f1xx_hal_conf.h
2025-09-15 14:17:39,054 [INFO] CodeEngine:239 - oldGeneratedFile, D:\New folder (2)\LAB 1\Code\LAB 1.3\Core\Inc\main.h_save
2025-09-15 14:17:39,166 [INFO] CodeEngine:257 - Generated code: D:\New folder (2)\LAB 1\Code\LAB 1.3\Core\Inc\main.h
2025-09-15 14:17:39,182 [INFO] CodeEngine:239 - oldGeneratedFile, D:\New folder (2)\LAB 1\Code\LAB 1.3\Core\Src\main.c_save
2025-09-15 14:17:39,374 [INFO] CodeEngine:257 - Generated code: D:\New folder (2)\LAB 1\Code\LAB 1.3\Core\Src\main.c
2025-09-15 14:17:40,648 [INFO] ProjectBuilder:2578 - Time for Copy HAL[1] : 77mS.
2025-09-15 14:17:40,652 [INFO] ProjectBuilder:3622 - Project Generator version: 3.14.1
2025-09-15 14:17:41,166 [INFO] ConfigFileManager:1271 - The Die is : DIE412
2025-09-15 14:17:41,174 [INFO] ApiDbMcu:468 - Load IP Config File for FATFS
2025-09-15 14:17:41,213 [INFO] ApiDbMcu:468 - Load IP Config File for FREERTOS
2025-09-15 14:17:41,250 [INFO] ApiDbMcu:468 - Load IP Config File for USB_DEVICE
2025-09-15 14:17:43,283 [INFO] ProjectBuilder:3789 - Time for Generating toolchain IDE Files: 2631mS.
2025-09-15 14:17:43,284 [INFO] ProjectBuilder:2457 - Time for Copy CMSIS : 1mS.
2025-09-15 14:17:43,285 [INFO] ProjectBuilder:2457 - Time for Copy CMSIS : 0mS.
2025-09-15 15:40:40,355 [INFO] MainUpdater:2671 - connection check result : 10
2025-09-15 15:40:40,655 [INFO] McuFinderGlobals:52 - Set McuFinderConnectedMode to false
2025-09-15 15:40:40,763 [INFO] CrossSelectorPresenter:1330 - Cross Selector saved comparison directory: C:\Users\ACER\.stmcufinder\plugins\mcufinder\mcu\cs_comparisons_mx
2025-09-15 15:40:40,770 [INFO] MultiScanPanel:197 - Auto-refresh data requested => check proxy status ongoing
2025-09-15 15:40:40,771 [INFO] MultiScanPanel:201 - Proxy status is invalid
2025-09-15 15:40:40,775 [INFO] FinderPluginLoader:87 - Searching for filters in installed packs
2025-09-15 15:40:41,403 [INFO] DetailPanel:309 - Set advertising image to C:/Users/ACER/STM32Cube/Repository/\en.2400x1350px.jpeg
2025-09-15 15:40:41,952 [INFO] DbBoardsPdsc:90 - Found 25 items
2025-09-15 15:40:41,984 [INFO] DbBoardsPdsc:90 - Found 9 items
2025-09-15 15:40:42,013 [INFO] DbBoardsPdsc:90 - Found 33 items
2025-09-15 15:40:42,037 [INFO] DbBoardsPdsc:90 - Found 1 items
2025-09-15 15:40:42,071 [INFO] DbBoardsPdsc:90 - Found 48 items
2025-09-15 15:40:42,101 [INFO] DbBoardsPdsc:90 - Found 43 items
2025-09-15 15:40:42,124 [INFO] DbBoardsPdsc:90 - Found 2 items
2025-09-15 15:40:42,146 [INFO] DbBoardsPdsc:90 - Found 5 items
2025-09-15 15:40:42,151 [WARN] DbBoardsPdsc:254 - Board STM32H7B3I-DK: unknown feature type=Audio, name=, username=Audio stereo codec with Headphone Amp (CS42L51-CNZ), n=1
2025-09-15 15:40:42,151 [WARN] DbBoardsPdsc:254 - Board STM32H735G-DK: unknown feature type=Audio, name=, username=Audio stereo codec with Headphone Amp (WM8994ECS/R), n=1
2025-09-15 15:40:42,154 [WARN] DbBoardsPdsc:254 - Board STM32H7B3I-EVAL: unknown feature type=Audio, name=, username=Multi-Channel Audio Codec (CS42L51-CNZ), n=1
2025-09-15 15:40:42,154 [WARN] DbBoardsPdsc:254 - Board STM32H7B3I-EVAL: unknown feature type=Meter, name=, username=Power-metering and Temperature-monitoring with sigma-delta modulators, n=1
2025-09-15 15:40:42,154 [WARN] DbBoardsPdsc:254 - Board STM32H7B3I-EVAL: unknown feature type=Motor, name=, username=Motor Control, n=1
2025-09-15 15:40:42,155 [WARN] DbBoardsPdsc:254 - Board STM32U575I-EV: unknown feature type=joystick, name=, username=4-direction joystick with selection button, n=1
2025-09-15 15:40:42,222 [INFO] DbBoardsJson:86 - JSON generation date=Tue Nov 16 23:17:54 ICT 2021 (1637079474)
2025-09-15 15:40:42,230 [INFO] DbBoards:117 - Found 167 boards (163 are supported by CubeMX)
2025-09-15 15:40:42,252 [INFO] DbBoardsDocs:143 - JSON generation date=Tue Nov 16 23:17:54 ICT 2021 (1637079474)
2025-09-15 15:40:42,257 [INFO] DbBoardsDocs:79 - Found 209 boards documents
2025-09-15 15:40:42,258 [WARN] DbBoards:127 - board B-L475E-IOT01A2 has no document id list !
2025-09-15 15:40:42,259 [WARN] DbBoards:127 - board NUCLEO-H743ZI has no document id list !
2025-09-15 15:40:42,260 [WARN] DbBoards:127 - board NUCLEO-WL55JC2 has no document id list !
2025-09-15 15:40:42,261 [WARN] DbBoards:127 - board P-NUCLEO-WB55-Nucleo has no document id list !
2025-09-15 15:40:42,261 [WARN] DbBoards:127 - board P-NUCLEO-WB55-USBDongle has no document id list !
2025-09-15 15:40:42,261 [WARN] DbBoards:127 - board STEVAL-BFA001V1B has no document id list !
2025-09-15 15:40:42,261 [WARN] DbBoards:127 - board STEVAL-BFA001V2B has no document id list !
2025-09-15 15:40:42,261 [WARN] DbBoards:127 - board STEVAL-IDP005V1 has no document id list !
2025-09-15 15:40:42,261 [WARN] DbBoards:127 - board STEVAL-IDP005V2 has no document id list !
2025-09-15 15:40:42,262 [WARN] DbBoards:127 - board STEVAL-MKSBOX1V1 has no document id list !
2025-09-15 15:40:42,262 [WARN] DbBoards:127 - board STEVAL-STWINKT1 has no document id list !
2025-09-15 15:40:42,262 [WARN] DbBoards:127 - board STEVAL-STWINKT1B has no document id list !
2025-09-15 15:40:42,262 [WARN] DbBoards:127 - board STM32439I-EVAL2 has no document id list !
2025-09-15 15:40:42,263 [WARN] DbBoards:127 - board STM32F401C-DISCO has no document id list !
2025-09-15 15:40:42,263 [WARN] DbBoards:127 - board STM32F769I-DISC1 has no document id list !
2025-09-15 15:40:42,264 [WARN] DbBoards:127 - board STM32G474E-EVAL1 has no document id list !
2025-09-15 15:40:42,264 [WARN] DbBoards:127 - board STM32H743I-EVAL2 has no document id list !
2025-09-15 15:40:42,264 [WARN] DbBoards:127 - board STM32H747I-DISC1 has no document id list !
2025-09-15 15:40:42,264 [WARN] DbBoards:127 - board STM32H753I-EVAL2 has no document id list !
2025-09-15 15:40:42,265 [WARN] DbBoards:127 - board STM32L-DISCOVERY has no document id list !
2025-09-15 15:40:42,476 [ERROR] DbBoards:189 - Image file not found for board B-U585I-IOT02A: D:\STM32CubeIDE_1.7.0\STM32CubeIDE\plugins\com.st.stm32cube.common.mx_6.3.0.202107141111\\db\/plugins/mcufinder/images/boards/B-U585I-IOT02A_small.jpg
2025-09-15 15:40:42,634 [ERROR] DbBoards:189 - Image file not found for board NUCLEO-F413ZH: D:\STM32CubeIDE_1.7.0\STM32CubeIDE\plugins\com.st.stm32cube.common.mx_6.3.0.202107141111\\db\/plugins/mcufinder/images/boards/nucleo-f413zh_small.jpg
2025-09-15 15:40:42,887 [ERROR] DbBoards:189 - Image file not found for board NUCLEO-L552ZE-Q: D:\STM32CubeIDE_1.7.0\STM32CubeIDE\plugins\com.st.stm32cube.common.mx_6.3.0.202107141111\\db\/plugins/mcufinder/images/boards/nucleo_l552ze_q_small.jpg
2025-09-15 15:40:42,887 [ERROR] DbBoards:189 - Image file not found for board NUCLEO-U575ZI-Q: D:\STM32CubeIDE_1.7.0\STM32CubeIDE\plugins\com.st.stm32cube.common.mx_6.3.0.202107141111\\db\/plugins/mcufinder/images/boards/nucleo-u575zi-q_small.jpg
2025-09-15 15:40:42,887 [ERROR] DbBoards:189 - Image file not found for board NUCLEO-WB15CC: D:\STM32CubeIDE_1.7.0\STM32CubeIDE\plugins\com.st.stm32cube.common.mx_6.3.0.202107141111\\db\/plugins/mcufinder/images/boards/nucleo-wb15cc_small.jpg
2025-09-15 15:40:42,887 [ERROR] DbBoards:189 - Image file not found for board NUCLEO-WB55RG: D:\STM32CubeIDE_1.7.0\STM32CubeIDE\plugins\com.st.stm32cube.common.mx_6.3.0.202107141111\\db\/plugins/mcufinder/images/boards/nucleo-wb55rg_small.jpg
2025-09-15 15:40:45,306 [INFO] ApiDb:251 - Load user favorites file C:\Users\ACER/.stm32cubeide/favorites.boards.txt: 0 item(s)
2025-09-15 15:40:45,306 [INFO] ApiDb:255 - User favorites Boards=[]
2025-09-15 15:40:45,306 [INFO] DbBoards:206 - Set 0 / 0 favorites Boards
2025-09-15 15:42:17,771 [INFO] MainUpdater:2671 - connection check result : 10
2025-09-15 15:42:17,772 [INFO] MainUpdater:2671 - connection check result : 10
2025-09-15 15:42:17,907 [INFO] MicroXplorer:448 - Change Database Path : 
2025-09-15 15:42:17,907 [INFO] MicroXplorer:478 - Change Database Version : DB.6.0.30
2025-09-15 15:42:17,908 [WARN] ThirdParty:813 - waiting for thirdparty lock release [close project]
2025-09-15 15:42:17,908 [INFO] ThirdParty:815 - entering critical section [close project]
2025-09-15 15:42:17,908 [INFO] ThirdParty:825 - exiting critical section [close project]
2025-09-15 15:42:17,910 [INFO] PinOutPanel:1463 - setPackage(No Configuration,No Configuration)
2025-09-15 15:42:17,913 [INFO] UtilMem:74 - Begin LoadConfig() Used Memory: 978498840 Bytes (1073741824)
2025-09-15 15:42:17,914 [INFO] MicroXplorer:448 - Change Database Path : 
2025-09-15 15:42:17,914 [INFO] MicroXplorer:478 - Change Database Version : DB.6.0.30
2025-09-15 15:42:17,915 [INFO] OpenFileManager:313 - Change cursor
2025-09-15 15:42:17,992 [INFO] RulesReader:57 - Compatibility file has been processed (242 Rules)
2025-09-15 15:42:18,830 [INFO] Context:592 - Trying to add GPIOservice into a context  which must be forbidden
2025-09-15 15:42:19,099 [INFO] ImportTextPane:167 - (OptionalMessage_ERROR) Unable to find key (Mcu.ThirdPartyNb) in loaded IOC file
2025-09-15 15:42:19,099 [INFO] ImportTextPane:167 - (OptionalMessage_ERROR) Unable to find key (Mcu.PinsNb) in loaded IOC file
2025-09-15 15:42:19,099 [INFO] ImportTextPane:167 - (OptionalMessage_ERROR) Unable to find key (Mcu.IPNb) in loaded IOC file
2025-09-15 15:42:19,130 [INFO] RtosManager:484 - Registered RTOS mode: class=CMSIS, group=RTOS, mode=CMSIS_V1, owner=FREERTOS
2025-09-15 15:42:19,130 [INFO] RtosManager:484 - Registered RTOS mode: class=CMSIS, group=RTOS2, mode=CMSIS_V2, owner=FREERTOS
2025-09-15 15:42:19,131 [INFO] RtosManager:484 - Registered RTOS mode: class=RTOS, group=Core, mode=CMSIS_V1, owner=FREERTOS
2025-09-15 15:42:19,131 [INFO] RtosManager:484 - Registered RTOS mode: class=RTOS, group=Core, mode=CMSIS_V2, owner=FREERTOS
2025-09-15 15:42:19,131 [WARN] ModelIntegratedComponent:181 - Missing modes for component STMicroelectronics:FreeRTOS:0.0.1:STMicroelectronics:RTOS:FreeRTOS:Core:::10.2.0:
2025-09-15 15:42:19,132 [WARN] ModelIntegratedComponent:60 - No mode defined for component null
2025-09-15 15:42:19,132 [WARN] ModelIntegratedComponent:60 - No mode defined for component null
2025-09-15 15:42:19,132 [WARN] ModelIntegratedComponent:60 - No mode defined for component null
2025-09-15 15:42:19,133 [WARN] ModelIntegratedComponent:60 - No mode defined for component null
2025-09-15 15:42:19,133 [WARN] ModelIntegratedComponent:60 - No mode defined for component null
2025-09-15 15:42:19,133 [WARN] ModelIntegratedComponent:60 - No mode defined for component null
2025-09-15 15:42:19,133 [WARN] ModelIntegratedComponent:60 - No mode defined for component null
2025-09-15 15:42:19,133 [WARN] ModelIntegratedComponent:60 - No mode defined for component null
2025-09-15 15:42:19,133 [WARN] ModelIntegratedComponent:60 - No mode defined for component null
2025-09-15 15:42:19,134 [WARN] ModelIntegratedComponent:60 - No mode defined for component null
2025-09-15 15:42:19,134 [WARN] ModelIntegratedComponent:60 - No mode defined for component null
2025-09-15 15:42:19,134 [WARN] ModelIntegratedComponent:60 - No mode defined for component null
2025-09-15 15:42:19,134 [WARN] ModelIntegratedComponent:60 - No mode defined for component null
2025-09-15 15:42:19,134 [WARN] ModelIntegratedComponent:60 - No mode defined for component null
2025-09-15 15:42:19,134 [WARN] ModelIntegratedComponent:60 - No mode defined for component null
2025-09-15 15:42:19,134 [WARN] ModelIntegratedComponent:60 - No mode defined for component null
2025-09-15 15:42:19,135 [WARN] ModelIntegratedComponent:60 - No mode defined for component null
2025-09-15 15:42:19,135 [WARN] ModelIntegratedComponent:60 - No mode defined for component null
2025-09-15 15:42:19,135 [WARN] ModelIntegratedComponent:60 - No mode defined for component null
2025-09-15 15:42:19,135 [WARN] ModelIntegratedComponent:60 - No mode defined for component null
2025-09-15 15:42:19,136 [WARN] ModelIntegratedComponent:60 - No mode defined for component null
2025-09-15 15:42:19,136 [WARN] ModelIntegratedComponent:60 - No mode defined for component null
2025-09-15 15:42:19,136 [WARN] ModelIntegratedComponent:60 - No mode defined for component null
2025-09-15 15:42:19,136 [WARN] ModelIntegratedComponent:60 - No mode defined for component null
2025-09-15 15:42:19,136 [WARN] ModelIntegratedComponent:60 - No mode defined for component null
2025-09-15 15:42:19,136 [WARN] ModelIntegratedComponent:60 - No mode defined for component null
2025-09-15 15:42:19,137 [WARN] ModelIntegratedComponent:60 - No mode defined for component null
2025-09-15 15:42:19,137 [WARN] ModelIntegratedComponent:60 - No mode defined for component null
2025-09-15 15:42:19,137 [WARN] ModelIntegratedComponent:60 - No mode defined for component null
2025-09-15 15:42:19,137 [WARN] ModelIntegratedComponent:60 - No mode defined for component null
2025-09-15 15:42:19,137 [WARN] ModelIntegratedComponent:60 - No mode defined for component null
2025-09-15 15:42:19,312 [INFO] UtilMem:74 - End LoadConfig() Used Memory: 980046312 Bytes (1073741824)
2025-09-15 15:42:19,313 [WARN] ThirdParty:779 - waiting for thirdparty lock release [change project]
2025-09-15 15:42:19,314 [INFO] ThirdParty:781 - entering critical section [change project]
2025-09-15 15:42:19,314 [INFO] ThirdParty:967 - CMSIS Pack Vendor :STMicroelectronics USB_HOST 2.0.0
2025-09-15 15:42:19,314 [INFO] ThirdParty:967 - CMSIS Pack Vendor :STMicroelectronics FreeRTOS 0.0.1
2025-09-15 15:42:19,314 [INFO] ThirdParty:967 - CMSIS Pack Vendor :STMicroelectronics USB_DEVICE 1.0.0
2025-09-15 15:42:19,314 [INFO] ThirdParty:967 - CMSIS Pack Vendor :STMicroelectronics USB_DEVICE 3.0.0
2025-09-15 15:42:19,314 [INFO] ThirdParty:967 - CMSIS Pack Vendor :STMicroelectronics HAL Drivers 0.0.0
2025-09-15 15:42:19,314 [INFO] ThirdParty:967 - CMSIS Pack Vendor :STMicroelectronics MBEDTLS 2.16.2
2025-09-15 15:42:19,314 [INFO] ThirdParty:967 - CMSIS Pack Vendor :STMicroelectronics ThreadX 0.0.2
2025-09-15 15:42:19,315 [INFO] ThirdParty:967 - CMSIS Pack Vendor :STMicroelectronics lwIP 2.0.3
2025-09-15 15:42:19,315 [INFO] ThirdParty:967 - CMSIS Pack Vendor :STMicroelectronics lwIP 2.1.2
2025-09-15 15:42:19,315 [INFO] ThirdParty:967 - CMSIS Pack Vendor :STMicroelectronics MBEDTLS 2.14.1
2025-09-15 15:42:19,315 [INFO] ThirdParty:967 - CMSIS Pack Vendor :STMicroelectronics USB_HOST 1.0.0
2025-09-15 15:42:19,315 [INFO] ThirdParty:967 - CMSIS Pack Vendor :STMicroelectronics PDM2PCM 3.1.0
2025-09-15 15:42:19,315 [INFO] ThirdParty:967 - CMSIS Pack Vendor :STMicroelectronics PDM2PCM 3.2.0
2025-09-15 15:42:19,315 [INFO] ThirdParty:967 - CMSIS Pack Vendor :STMicroelectronics USB_DEVICE 2.0.0
2025-09-15 15:42:19,315 [INFO] ThirdParty:967 - CMSIS Pack Vendor :STMicroelectronics PDM2PCM 3.3.0
2025-09-15 15:42:19,316 [INFO] ThirdParty:787 - exiting critical section [change project]
2025-09-15 15:42:19,522 [INFO] PinOutPanel:1463 - setPackage(No Configuration,No Configuration)
2025-09-15 15:42:19,524 [INFO] PinOutPanel:1463 - setPackage(STM32F103C6Ux,UFQFPN48)
2025-09-15 15:42:19,878 [INFO] UtilMem:74 - Before build in PCC Used Memory: 949112528 Bytes (1073741824)
2025-09-15 15:42:20,249 [INFO] UtilMem:74 - After build in PCC Used Memory: 971374560 Bytes (1073741824)
2025-09-15 15:42:20,277 [INFO] IPUIPlugin:74 - create IPUIPlugin
2025-09-15 15:42:20,277 [INFO] IPUIPlugin:74 - create IPUIPlugin
2025-09-15 15:42:20,278 [INFO] IPUIPlugin:74 - create IPUIPlugin
2025-09-15 15:42:20,278 [INFO] IPUIPlugin:74 - create IPUIPlugin
2025-09-15 15:42:20,278 [INFO] IPUIPlugin:74 - create IPUIPlugin
2025-09-15 15:42:20,278 [INFO] IPUIPlugin:74 - create IPUIPlugin
2025-09-15 15:42:20,278 [INFO] IPUIPlugin:74 - create IPUIPlugin
2025-09-15 15:42:20,279 [INFO] IPUIPlugin:74 - create IPUIPlugin
2025-09-15 15:42:20,279 [INFO] IPUIPlugin:74 - create IPUIPlugin
2025-09-15 15:42:20,279 [INFO] IPUIPlugin:74 - create IPUIPlugin
2025-09-15 15:42:20,280 [INFO] IPUIPlugin:74 - create IPUIPlugin
2025-09-15 15:42:20,280 [INFO] IPUIPlugin:74 - create IPUIPlugin
2025-09-15 15:42:20,280 [INFO] IPUIPlugin:74 - create IPUIPlugin
2025-09-15 15:42:20,280 [INFO] IPUIPlugin:74 - create IPUIPlugin
2025-09-15 15:42:20,281 [INFO] IPUIPlugin:74 - create IPUIPlugin
2025-09-15 15:42:20,282 [INFO] IPUIPlugin:74 - create IPUIPlugin
2025-09-15 15:42:20,282 [INFO] IPUIPlugin:74 - create IPUIPlugin
2025-09-15 15:42:20,283 [INFO] IPUIPlugin:74 - create IPUIPlugin
2025-09-15 15:42:20,283 [INFO] IPUIPlugin:74 - create IPUIPlugin
2025-09-15 15:42:20,284 [INFO] IPUIPlugin:74 - create IPUIPlugin
2025-09-15 15:42:20,284 [INFO] IPUIPlugin:74 - create IPUIPlugin
2025-09-15 15:42:20,285 [INFO] IPUIPlugin:74 - create IPUIPlugin
2025-09-15 15:42:20,285 [INFO] IPUIPlugin:74 - create IPUIPlugin
2025-09-15 15:42:20,305 [INFO] OpenFileManager:333 - Restore cursor
2025-09-15 15:42:20,708 [INFO] UtilMem:74 - End SaveConfig() Used Memory: 987497424 Bytes (1073741824)
2025-09-15 15:42:20,769 [INFO] UtilMem:74 - End SaveConfig() Used Memory: 950479792 Bytes (1073741824)
2025-09-15 15:42:21,156 [INFO] BlockDiagram:2740 - set Specific Code input for plugin: NVIC
2025-09-15 15:42:21,157 [INFO] BlockDiagram:2740 - set Specific Code input for plugin: SYS
2025-09-15 15:42:21,157 [INFO] BlockDiagram:2740 - set Specific Code input for plugin: RCC
2025-09-15 15:42:21,158 [INFO] CodeGenerator:663 - code generatio: config db path: D:\STM32CubeIDE_1.7.0\STM32CubeIDE\plugins\com.st.stm32cube.common.mx_6.3.0.202107141111\\db\
2025-09-15 15:42:21,552 [INFO] CodeEngine:239 - oldGeneratedFile, D:\New folder (2)\LAB 1\Code\LAB 1.4\MXTmpFiles\license.tmp_save
2025-09-15 15:42:22,137 [INFO] CodeEngine:257 - Generated code: D:\New folder (2)\LAB 1\Code\LAB 1.4\MXTmpFiles\license.tmp
2025-09-15 15:42:22,176 [INFO] CodeEngine:239 - oldGeneratedFile, D:\New folder (2)\LAB 1\Code\LAB 1.4\Core\Src\stm32f1xx_it.c_save
2025-09-15 15:42:22,293 [INFO] CodeEngine:257 - Generated code: D:\New folder (2)\LAB 1\Code\LAB 1.4\Core\Src\stm32f1xx_it.c
2025-09-15 15:42:22,295 [INFO] CodeEngine:239 - oldGeneratedFile, D:\New folder (2)\LAB 1\Code\LAB 1.4\Core\Inc\stm32f1xx_it.h_save
2025-09-15 15:42:22,380 [INFO] CodeEngine:257 - Generated code: D:\New folder (2)\LAB 1\Code\LAB 1.4\Core\Inc\stm32f1xx_it.h
2025-09-15 15:42:22,388 [INFO] CodeEngine:239 - oldGeneratedFile, D:\New folder (2)\LAB 1\Code\LAB 1.4\Core\Src\stm32f1xx_hal_msp.c_save
2025-09-15 15:42:22,533 [INFO] CodeEngine:257 - Generated code: D:\New folder (2)\LAB 1\Code\LAB 1.4\Core\Src\stm32f1xx_hal_msp.c
2025-09-15 15:42:22,536 [INFO] CodeEngine:239 - oldGeneratedFile, D:\New folder (2)\LAB 1\Code\LAB 1.4\MXTmpFiles\system.tmp_save
2025-09-15 15:42:22,628 [INFO] CodeEngine:257 - Generated code: D:\New folder (2)\LAB 1\Code\LAB 1.4\MXTmpFiles\system.tmp
2025-09-15 15:42:22,635 [INFO] CodeEngine:239 - oldGeneratedFile, D:\New folder (2)\LAB 1\Code\LAB 1.4\Core\Inc\stm32f1xx_hal_conf.h_save
2025-09-15 15:42:22,756 [INFO] CodeEngine:257 - Generated code: D:\New folder (2)\LAB 1\Code\LAB 1.4\Core\Inc\stm32f1xx_hal_conf.h
2025-09-15 15:42:22,801 [INFO] CodeEngine:239 - oldGeneratedFile, D:\New folder (2)\LAB 1\Code\LAB 1.4\Core\Inc\main.h_save
2025-09-15 15:42:22,921 [INFO] CodeEngine:257 - Generated code: D:\New folder (2)\LAB 1\Code\LAB 1.4\Core\Inc\main.h
2025-09-15 15:42:22,924 [INFO] CodeEngine:239 - oldGeneratedFile, D:\New folder (2)\LAB 1\Code\LAB 1.4\Core\Src\main.c_save
2025-09-15 15:42:23,111 [INFO] CodeEngine:257 - Generated code: D:\New folder (2)\LAB 1\Code\LAB 1.4\Core\Src\main.c
2025-09-15 15:42:24,184 [INFO] ProjectBuilder:2578 - Time for Copy HAL[1] : 76mS.
2025-09-15 15:42:24,190 [INFO] ProjectBuilder:3622 - Project Generator version: 3.14.1
2025-09-15 15:42:25,089 [INFO] ConfigFileManager:1271 - The Die is : DIE412
2025-09-15 15:42:25,101 [INFO] ApiDbMcu:468 - Load IP Config File for FATFS
2025-09-15 15:42:25,146 [INFO] ApiDbMcu:468 - Load IP Config File for FREERTOS
2025-09-15 15:42:25,179 [INFO] ApiDbMcu:468 - Load IP Config File for USB_DEVICE
2025-09-15 15:42:30,759 [INFO] ProjectBuilder:3789 - Time for Generating toolchain IDE Files: 6569mS.
2025-09-15 15:42:30,760 [INFO] ProjectBuilder:2457 - Time for Copy CMSIS : 0mS.
2025-09-15 15:42:30,762 [INFO] ProjectBuilder:2457 - Time for Copy CMSIS : 0mS.
2025-09-15 15:42:32,259 [INFO] McuFinderGlobals:52 - Set McuFinderConnectedMode to true
2025-09-15 15:42:32,262 [INFO] ApiDb:276 - Save user favorites file C:\Users\ACER/.stm32cubeide/favorites.mcus.txt: 0 item(s)
2025-09-15 15:42:32,263 [INFO] ApiDb:280 - User favorites MCUs=[]
2025-09-15 16:45:12,760 [INFO] Gpio:254 - dependency for GPIO []
2025-09-15 16:45:14,367 [INFO] UtilMem:74 - End SaveConfig() Used Memory: 928412920 Bytes (1073741824)
2025-09-15 16:45:15,821 [INFO] UtilMem:74 - End SaveConfig() Used Memory: 951756104 Bytes (1073741824)
2025-09-15 16:45:18,780 [INFO] UtilMem:74 - End SaveConfig() Used Memory: 924410472 Bytes (1073741824)
2025-09-15 16:45:19,216 [INFO] BlockDiagram:2740 - set Specific Code input for plugin: NVIC
2025-09-15 16:45:19,218 [INFO] BlockDiagram:2740 - set Specific Code input for plugin: SYS
2025-09-15 16:45:19,218 [INFO] BlockDiagram:2740 - set Specific Code input for plugin: GPIO
2025-09-15 16:45:19,218 [INFO] BlockDiagram:2740 - set Specific Code input for plugin: RCC
2025-09-15 16:45:19,218 [INFO] CodeGenerator:663 - code generatio: config db path: D:\STM32CubeIDE_1.7.0\STM32CubeIDE\plugins\com.st.stm32cube.common.mx_6.3.0.202107141111\\db\
2025-09-15 16:45:19,597 [INFO] CodeEngine:239 - oldGeneratedFile, D:\New folder (2)\LAB 1\Code\LAB 1.4\MXTmpFiles\license.tmp_save
2025-09-15 16:45:19,722 [INFO] CodeEngine:257 - Generated code: D:\New folder (2)\LAB 1\Code\LAB 1.4\MXTmpFiles\license.tmp
2025-09-15 16:45:19,764 [INFO] CodeEngine:239 - oldGeneratedFile, D:\New folder (2)\LAB 1\Code\LAB 1.4\MXTmpFiles\gpio.tmp_save
2025-09-15 16:45:19,874 [INFO] CodeEngine:257 - Generated code: D:\New folder (2)\LAB 1\Code\LAB 1.4\MXTmpFiles\gpio.tmp
2025-09-15 16:45:19,943 [INFO] CodeEngine:239 - oldGeneratedFile, D:\New folder (2)\LAB 1\Code\LAB 1.4\Core\Src\stm32f1xx_it.c_save
2025-09-15 16:45:20,046 [INFO] CodeEngine:257 - Generated code: D:\New folder (2)\LAB 1\Code\LAB 1.4\Core\Src\stm32f1xx_it.c
2025-09-15 16:45:20,051 [INFO] CodeEngine:239 - oldGeneratedFile, D:\New folder (2)\LAB 1\Code\LAB 1.4\Core\Inc\stm32f1xx_it.h_save
2025-09-15 16:45:20,154 [INFO] CodeEngine:257 - Generated code: D:\New folder (2)\LAB 1\Code\LAB 1.4\Core\Inc\stm32f1xx_it.h
2025-09-15 16:45:20,180 [INFO] CodeEngine:239 - oldGeneratedFile, D:\New folder (2)\LAB 1\Code\LAB 1.4\Core\Src\stm32f1xx_hal_msp.c_save
2025-09-15 16:45:20,661 [INFO] CodeEngine:257 - Generated code: D:\New folder (2)\LAB 1\Code\LAB 1.4\Core\Src\stm32f1xx_hal_msp.c
2025-09-15 16:45:20,665 [INFO] CodeEngine:239 - oldGeneratedFile, D:\New folder (2)\LAB 1\Code\LAB 1.4\MXTmpFiles\system.tmp_save
2025-09-15 16:45:20,736 [INFO] CodeEngine:257 - Generated code: D:\New folder (2)\LAB 1\Code\LAB 1.4\MXTmpFiles\system.tmp
2025-09-15 16:45:20,761 [INFO] CodeEngine:239 - oldGeneratedFile, D:\New folder (2)\LAB 1\Code\LAB 1.4\Core\Inc\stm32f1xx_hal_conf.h_save
2025-09-15 16:45:20,904 [INFO] CodeEngine:257 - Generated code: D:\New folder (2)\LAB 1\Code\LAB 1.4\Core\Inc\stm32f1xx_hal_conf.h
2025-09-15 16:45:20,952 [INFO] CodeEngine:239 - oldGeneratedFile, D:\New folder (2)\LAB 1\Code\LAB 1.4\Core\Inc\main.h_save
2025-09-15 16:45:21,040 [INFO] CodeEngine:257 - Generated code: D:\New folder (2)\LAB 1\Code\LAB 1.4\Core\Inc\main.h
2025-09-15 16:45:21,061 [INFO] CodeEngine:239 - oldGeneratedFile, D:\New folder (2)\LAB 1\Code\LAB 1.4\Core\Src\main.c_save
2025-09-15 16:45:21,232 [INFO] CodeEngine:257 - Generated code: D:\New folder (2)\LAB 1\Code\LAB 1.4\Core\Src\main.c
2025-09-15 16:45:22,326 [INFO] ProjectBuilder:2578 - Time for Copy HAL[1] : 97mS.
2025-09-15 16:45:22,328 [INFO] ProjectBuilder:3622 - Project Generator version: 3.14.1
2025-09-15 16:45:23,249 [INFO] ConfigFileManager:1271 - The Die is : DIE412
2025-09-15 16:45:26,096 [INFO] ProjectBuilder:3789 - Time for Generating toolchain IDE Files: 3768mS.
2025-09-15 16:45:26,098 [INFO] ProjectBuilder:2457 - Time for Copy CMSIS : 1mS.
2025-09-15 16:45:26,100 [INFO] ProjectBuilder:2457 - Time for Copy CMSIS : 0mS.
2025-09-15 16:46:45,407 [INFO] MainUpdater:2671 - connection check result : 10
2025-09-15 16:46:45,572 [INFO] McuFinderGlobals:52 - Set McuFinderConnectedMode to false
2025-09-15 16:46:45,634 [INFO] CrossSelectorPresenter:1330 - Cross Selector saved comparison directory: C:\Users\ACER\.stmcufinder\plugins\mcufinder\mcu\cs_comparisons_mx
2025-09-15 16:46:45,635 [INFO] MultiScanPanel:197 - Auto-refresh data requested => check proxy status ongoing
2025-09-15 16:46:45,635 [INFO] MultiScanPanel:201 - Proxy status is invalid
2025-09-15 16:46:45,636 [INFO] FinderPluginLoader:87 - Searching for filters in installed packs
2025-09-15 16:46:46,059 [INFO] DetailPanel:309 - Set advertising image to C:/Users/ACER/STM32Cube/Repository/\en.2400x1350px.jpeg
2025-09-15 16:46:55,810 [INFO] MainUpdater:2671 - connection check result : 10
2025-09-15 16:46:55,811 [INFO] MainUpdater:2671 - connection check result : 10
2025-09-15 16:46:55,914 [INFO] MicroXplorer:448 - Change Database Path : 
2025-09-15 16:46:55,914 [INFO] MicroXplorer:478 - Change Database Version : DB.6.0.30
2025-09-15 16:46:55,914 [WARN] ThirdParty:813 - waiting for thirdparty lock release [close project]
2025-09-15 16:46:55,915 [INFO] ThirdParty:815 - entering critical section [close project]
2025-09-15 16:46:55,915 [INFO] ThirdParty:825 - exiting critical section [close project]
2025-09-15 16:46:55,916 [INFO] PinOutPanel:1463 - setPackage(No Configuration,No Configuration)
2025-09-15 16:46:55,918 [INFO] UtilMem:74 - Begin LoadConfig() Used Memory: 1021552776 Bytes (1073741824)
2025-09-15 16:46:55,919 [INFO] MicroXplorer:448 - Change Database Path : 
2025-09-15 16:46:55,919 [INFO] MicroXplorer:478 - Change Database Version : DB.6.0.30
2025-09-15 16:46:55,919 [INFO] OpenFileManager:313 - Change cursor
2025-09-15 16:46:55,934 [INFO] RulesReader:57 - Compatibility file has been processed (242 Rules)
2025-09-15 16:46:56,586 [INFO] Context:592 - Trying to add GPIOservice into a context  which must be forbidden
2025-09-15 16:46:56,805 [INFO] RtosManager:484 - Registered RTOS mode: class=CMSIS, group=RTOS, mode=CMSIS_V1, owner=FREERTOS
2025-09-15 16:46:56,805 [INFO] RtosManager:484 - Registered RTOS mode: class=CMSIS, group=RTOS2, mode=CMSIS_V2, owner=FREERTOS
2025-09-15 16:46:56,805 [INFO] RtosManager:484 - Registered RTOS mode: class=RTOS, group=Core, mode=CMSIS_V1, owner=FREERTOS
2025-09-15 16:46:56,806 [INFO] RtosManager:484 - Registered RTOS mode: class=RTOS, group=Core, mode=CMSIS_V2, owner=FREERTOS
2025-09-15 16:46:56,806 [WARN] ModelIntegratedComponent:181 - Missing modes for component STMicroelectronics:FreeRTOS:0.0.1:STMicroelectronics:RTOS:FreeRTOS:Core:::10.2.0:
2025-09-15 16:46:56,806 [WARN] ModelIntegratedComponent:60 - No mode defined for component null
2025-09-15 16:46:56,807 [WARN] ModelIntegratedComponent:60 - No mode defined for component null
2025-09-15 16:46:56,807 [WARN] ModelIntegratedComponent:60 - No mode defined for component null
2025-09-15 16:46:56,807 [WARN] ModelIntegratedComponent:60 - No mode defined for component null
2025-09-15 16:46:56,807 [WARN] ModelIntegratedComponent:60 - No mode defined for component null
2025-09-15 16:46:56,807 [WARN] ModelIntegratedComponent:60 - No mode defined for component null
2025-09-15 16:46:56,807 [WARN] ModelIntegratedComponent:60 - No mode defined for component null
2025-09-15 16:46:56,808 [WARN] ModelIntegratedComponent:60 - No mode defined for component null
2025-09-15 16:46:56,808 [WARN] ModelIntegratedComponent:60 - No mode defined for component null
2025-09-15 16:46:56,808 [WARN] ModelIntegratedComponent:60 - No mode defined for component null
2025-09-15 16:46:56,808 [WARN] ModelIntegratedComponent:60 - No mode defined for component null
2025-09-15 16:46:56,808 [WARN] ModelIntegratedComponent:60 - No mode defined for component null
2025-09-15 16:46:56,808 [WARN] ModelIntegratedComponent:60 - No mode defined for component null
2025-09-15 16:46:56,808 [WARN] ModelIntegratedComponent:60 - No mode defined for component null
2025-09-15 16:46:56,809 [WARN] ModelIntegratedComponent:60 - No mode defined for component null
2025-09-15 16:46:56,809 [WARN] ModelIntegratedComponent:60 - No mode defined for component null
2025-09-15 16:46:56,809 [WARN] ModelIntegratedComponent:60 - No mode defined for component null
2025-09-15 16:46:56,810 [WARN] ModelIntegratedComponent:60 - No mode defined for component null
2025-09-15 16:46:56,810 [WARN] ModelIntegratedComponent:60 - No mode defined for component null
2025-09-15 16:46:56,810 [WARN] ModelIntegratedComponent:60 - No mode defined for component null
2025-09-15 16:46:56,810 [WARN] ModelIntegratedComponent:60 - No mode defined for component null
2025-09-15 16:46:56,810 [WARN] ModelIntegratedComponent:60 - No mode defined for component null
2025-09-15 16:46:56,810 [WARN] ModelIntegratedComponent:60 - No mode defined for component null
2025-09-15 16:46:56,810 [WARN] ModelIntegratedComponent:60 - No mode defined for component null
2025-09-15 16:46:56,811 [WARN] ModelIntegratedComponent:60 - No mode defined for component null
2025-09-15 16:46:56,811 [WARN] ModelIntegratedComponent:60 - No mode defined for component null
2025-09-15 16:46:56,811 [WARN] ModelIntegratedComponent:60 - No mode defined for component null
2025-09-15 16:46:56,811 [WARN] ModelIntegratedComponent:60 - No mode defined for component null
2025-09-15 16:46:56,811 [WARN] ModelIntegratedComponent:60 - No mode defined for component null
2025-09-15 16:46:56,811 [WARN] ModelIntegratedComponent:60 - No mode defined for component null
2025-09-15 16:46:56,811 [WARN] ModelIntegratedComponent:60 - No mode defined for component null
2025-09-15 16:46:56,915 [INFO] UtilMem:74 - End LoadConfig() Used Memory: 995565248 Bytes (1073741824)
2025-09-15 16:46:56,916 [WARN] ThirdParty:779 - waiting for thirdparty lock release [change project]
2025-09-15 16:46:56,916 [INFO] ThirdParty:781 - entering critical section [change project]
2025-09-15 16:46:56,917 [INFO] ThirdParty:967 - CMSIS Pack Vendor :STMicroelectronics USB_HOST 2.0.0
2025-09-15 16:46:56,917 [INFO] ThirdParty:967 - CMSIS Pack Vendor :STMicroelectronics FreeRTOS 0.0.1
2025-09-15 16:46:56,917 [INFO] ThirdParty:967 - CMSIS Pack Vendor :STMicroelectronics USB_DEVICE 1.0.0
2025-09-15 16:46:56,917 [INFO] ThirdParty:967 - CMSIS Pack Vendor :STMicroelectronics USB_DEVICE 3.0.0
2025-09-15 16:46:56,917 [INFO] ThirdParty:967 - CMSIS Pack Vendor :STMicroelectronics HAL Drivers 0.0.0
2025-09-15 16:46:56,917 [INFO] ThirdParty:967 - CMSIS Pack Vendor :STMicroelectronics MBEDTLS 2.16.2
2025-09-15 16:46:56,917 [INFO] ThirdParty:967 - CMSIS Pack Vendor :STMicroelectronics ThreadX 0.0.2
2025-09-15 16:46:56,917 [INFO] ThirdParty:967 - CMSIS Pack Vendor :STMicroelectronics lwIP 2.0.3
2025-09-15 16:46:56,917 [INFO] ThirdParty:967 - CMSIS Pack Vendor :STMicroelectronics lwIP 2.1.2
2025-09-15 16:46:56,917 [INFO] ThirdParty:967 - CMSIS Pack Vendor :STMicroelectronics MBEDTLS 2.14.1
2025-09-15 16:46:56,918 [INFO] ThirdParty:967 - CMSIS Pack Vendor :STMicroelectronics USB_HOST 1.0.0
2025-09-15 16:46:56,918 [INFO] ThirdParty:967 - CMSIS Pack Vendor :STMicroelectronics PDM2PCM 3.1.0
2025-09-15 16:46:56,918 [INFO] ThirdParty:967 - CMSIS Pack Vendor :STMicroelectronics PDM2PCM 3.2.0
2025-09-15 16:46:56,918 [INFO] ThirdParty:967 - CMSIS Pack Vendor :STMicroelectronics USB_DEVICE 2.0.0
2025-09-15 16:46:56,918 [INFO] ThirdParty:967 - CMSIS Pack Vendor :STMicroelectronics PDM2PCM 3.3.0
2025-09-15 16:46:56,918 [INFO] ThirdParty:787 - exiting critical section [change project]
2025-09-15 16:46:57,057 [INFO] PinOutPanel:1463 - setPackage(No Configuration,No Configuration)
2025-09-15 16:46:57,058 [INFO] PinOutPanel:1463 - setPackage(STM32F103C6Ux,UFQFPN48)
2025-09-15 16:46:57,297 [INFO] UtilMem:74 - Before build in PCC Used Memory: 1021017304 Bytes (1073741824)
2025-09-15 16:46:57,562 [INFO] UtilMem:74 - After build in PCC Used Memory: 1001199368 Bytes (1073741824)
2025-09-15 16:46:57,581 [INFO] IPUIPlugin:74 - create IPUIPlugin
2025-09-15 16:46:57,582 [INFO] IPUIPlugin:74 - create IPUIPlugin
2025-09-15 16:46:57,582 [INFO] IPUIPlugin:74 - create IPUIPlugin
2025-09-15 16:46:57,582 [INFO] IPUIPlugin:74 - create IPUIPlugin
2025-09-15 16:46:57,582 [INFO] IPUIPlugin:74 - create IPUIPlugin
2025-09-15 16:46:57,582 [INFO] IPUIPlugin:74 - create IPUIPlugin
2025-09-15 16:46:57,582 [INFO] IPUIPlugin:74 - create IPUIPlugin
2025-09-15 16:46:57,583 [INFO] IPUIPlugin:74 - create IPUIPlugin
2025-09-15 16:46:57,583 [INFO] IPUIPlugin:74 - create IPUIPlugin
2025-09-15 16:46:57,583 [INFO] IPUIPlugin:74 - create IPUIPlugin
2025-09-15 16:46:57,583 [INFO] IPUIPlugin:74 - create IPUIPlugin
2025-09-15 16:46:57,584 [INFO] IPUIPlugin:74 - create IPUIPlugin
2025-09-15 16:46:57,584 [INFO] IPUIPlugin:74 - create IPUIPlugin
2025-09-15 16:46:57,584 [INFO] IPUIPlugin:74 - create IPUIPlugin
2025-09-15 16:46:57,585 [INFO] IPUIPlugin:74 - create IPUIPlugin
2025-09-15 16:46:57,585 [INFO] IPUIPlugin:74 - create IPUIPlugin
2025-09-15 16:46:57,586 [INFO] IPUIPlugin:74 - create IPUIPlugin
2025-09-15 16:46:57,587 [INFO] IPUIPlugin:74 - create IPUIPlugin
2025-09-15 16:46:57,587 [INFO] IPUIPlugin:74 - create IPUIPlugin
2025-09-15 16:46:57,587 [INFO] IPUIPlugin:74 - create IPUIPlugin
2025-09-15 16:46:57,588 [INFO] IPUIPlugin:74 - create IPUIPlugin
2025-09-15 16:46:57,588 [INFO] IPUIPlugin:74 - create IPUIPlugin
2025-09-15 16:46:57,588 [INFO] IPUIPlugin:74 - create IPUIPlugin
2025-09-15 16:46:57,603 [INFO] OpenFileManager:333 - Restore cursor
2025-09-15 16:46:57,957 [INFO] UtilMem:74 - End SaveConfig() Used Memory: 1008086128 Bytes (1073741824)
2025-09-15 16:46:58,014 [INFO] UtilMem:74 - End SaveConfig() Used Memory: 1020620352 Bytes (1073741824)
2025-09-15 16:46:58,482 [INFO] BlockDiagram:2740 - set Specific Code input for plugin: NVIC
2025-09-15 16:46:58,482 [INFO] BlockDiagram:2740 - set Specific Code input for plugin: SYS
2025-09-15 16:46:58,482 [INFO] BlockDiagram:2740 - set Specific Code input for plugin: GPIO
2025-09-15 16:46:58,483 [INFO] BlockDiagram:2740 - set Specific Code input for plugin: RCC
2025-09-15 16:46:58,484 [INFO] CodeGenerator:663 - code generatio: config db path: D:\STM32CubeIDE_1.7.0\STM32CubeIDE\plugins\com.st.stm32cube.common.mx_6.3.0.202107141111\\db\
2025-09-15 16:46:59,237 [INFO] CodeEngine:239 - oldGeneratedFile, D:\New folder (2)\exercise4\MXTmpFiles\license.tmp_save
2025-09-15 16:46:59,328 [INFO] CodeEngine:257 - Generated code: D:\New folder (2)\exercise4\MXTmpFiles\license.tmp
2025-09-15 16:46:59,422 [INFO] CodeEngine:239 - oldGeneratedFile, D:\New folder (2)\exercise4\MXTmpFiles\gpio.tmp_save
2025-09-15 16:46:59,544 [INFO] CodeEngine:257 - Generated code: D:\New folder (2)\exercise4\MXTmpFiles\gpio.tmp
2025-09-15 16:46:59,599 [INFO] CodeEngine:239 - oldGeneratedFile, D:\New folder (2)\exercise4\Core\Src\stm32f1xx_it.c_save
2025-09-15 16:46:59,726 [INFO] CodeEngine:257 - Generated code: D:\New folder (2)\exercise4\Core\Src\stm32f1xx_it.c
2025-09-15 16:46:59,729 [INFO] CodeEngine:239 - oldGeneratedFile, D:\New folder (2)\exercise4\Core\Inc\stm32f1xx_it.h_save
2025-09-15 16:46:59,819 [INFO] CodeEngine:257 - Generated code: D:\New folder (2)\exercise4\Core\Inc\stm32f1xx_it.h
2025-09-15 16:46:59,826 [INFO] CodeEngine:239 - oldGeneratedFile, D:\New folder (2)\exercise4\Core\Src\stm32f1xx_hal_msp.c_save
2025-09-15 16:46:59,967 [INFO] CodeEngine:257 - Generated code: D:\New folder (2)\exercise4\Core\Src\stm32f1xx_hal_msp.c
2025-09-15 16:46:59,970 [INFO] CodeEngine:239 - oldGeneratedFile, D:\New folder (2)\exercise4\MXTmpFiles\system.tmp_save
2025-09-15 16:47:00,058 [INFO] CodeEngine:257 - Generated code: D:\New folder (2)\exercise4\MXTmpFiles\system.tmp
2025-09-15 16:47:00,066 [INFO] CodeEngine:239 - oldGeneratedFile, D:\New folder (2)\exercise4\Core\Inc\stm32f1xx_hal_conf.h_save
2025-09-15 16:47:00,197 [INFO] CodeEngine:257 - Generated code: D:\New folder (2)\exercise4\Core\Inc\stm32f1xx_hal_conf.h
2025-09-15 16:47:00,247 [INFO] CodeEngine:239 - oldGeneratedFile, D:\New folder (2)\exercise4\Core\Inc\main.h_save
2025-09-15 16:47:00,364 [INFO] CodeEngine:257 - Generated code: D:\New folder (2)\exercise4\Core\Inc\main.h
2025-09-15 16:47:00,367 [INFO] CodeEngine:239 - oldGeneratedFile, D:\New folder (2)\exercise4\Core\Src\main.c_save
2025-09-15 16:47:00,518 [INFO] CodeEngine:257 - Generated code: D:\New folder (2)\exercise4\Core\Src\main.c
2025-09-15 16:47:01,929 [INFO] ProjectBuilder:2578 - Time for Copy HAL[1] : 70mS.
2025-09-15 16:47:01,934 [INFO] ProjectBuilder:3622 - Project Generator version: 3.14.1
2025-09-15 16:47:02,839 [INFO] ConfigFileManager:1271 - The Die is : DIE412
2025-09-15 16:47:02,852 [INFO] ApiDbMcu:468 - Load IP Config File for FATFS
2025-09-15 16:47:02,890 [INFO] ApiDbMcu:468 - Load IP Config File for FREERTOS
2025-09-15 16:47:02,922 [INFO] ApiDbMcu:468 - Load IP Config File for USB_DEVICE
2025-09-15 16:47:06,560 [INFO] ProjectBuilder:3789 - Time for Generating toolchain IDE Files: 4626mS.
2025-09-15 16:47:06,561 [INFO] ProjectBuilder:2457 - Time for Copy CMSIS : 0mS.
2025-09-15 16:47:06,564 [INFO] ProjectBuilder:2457 - Time for Copy CMSIS : 1mS.
2025-09-15 16:47:07,172 [INFO] McuFinderGlobals:52 - Set McuFinderConnectedMode to true
2025-09-15 16:47:07,633 [INFO] ApiDb:276 - Save user favorites file C:\Users\ACER/.stm32cubeide/favorites.mcus.txt: 0 item(s)
2025-09-15 16:47:07,633 [INFO] ApiDb:280 - User favorites MCUs=[]
2025-09-15 16:47:10,907 [INFO] Gpio:254 - dependency for GPIO []
2025-09-15 17:05:49,186 [INFO] MainUpdater:2671 - connection check result : 10
2025-09-15 17:05:49,187 [INFO] MainUpdater:2671 - connection check result : 10
2025-09-15 17:05:49,297 [ERROR] IocParser:56 - java.io.FileNotFoundException: D:\New folder (2)\exercise4\exercise4.ioc (The system cannot find the path specified)
2025-09-15 17:05:49,299 [ERROR] PeripheralListParser:93 - Something went wrong with ioc file reading
2025-09-15 17:05:49,299 [ERROR] RegexParser:58 - java.io.FileNotFoundException: D:\New folder (2)\exercise4\exercise4.ioc (The system cannot find the path specified)
2025-09-15 17:05:49,589 [INFO] MicroXplorer:448 - Change Database Path : 
2025-09-15 17:05:49,589 [INFO] MicroXplorer:478 - Change Database Version : DB.6.0.30
2025-09-15 17:05:49,589 [WARN] ThirdParty:813 - waiting for thirdparty lock release [close project]
2025-09-15 17:05:49,589 [INFO] ThirdParty:815 - entering critical section [close project]
2025-09-15 17:05:49,589 [INFO] ThirdParty:825 - exiting critical section [close project]
2025-09-15 17:05:49,590 [INFO] PinOutPanel:1463 - setPackage(No Configuration,No Configuration)
2025-09-15 17:05:49,592 [INFO] UtilMem:74 - Begin LoadConfig() Used Memory: 956073392 Bytes (1073741824)
2025-09-15 17:05:49,592 [INFO] MicroXplorer:448 - Change Database Path : 
2025-09-15 17:05:49,593 [INFO] MicroXplorer:478 - Change Database Version : DB.6.0.30
2025-09-15 17:05:49,593 [INFO] OpenFileManager:313 - Change cursor
2025-09-15 17:05:49,606 [INFO] RulesReader:57 - Compatibility file has been processed (242 Rules)
2025-09-15 17:05:50,209 [INFO] Context:592 - Trying to add GPIOservice into a context  which must be forbidden
2025-09-15 17:05:50,405 [INFO] RtosManager:484 - Registered RTOS mode: class=CMSIS, group=RTOS, mode=CMSIS_V1, owner=FREERTOS
2025-09-15 17:05:50,405 [INFO] RtosManager:484 - Registered RTOS mode: class=CMSIS, group=RTOS2, mode=CMSIS_V2, owner=FREERTOS
2025-09-15 17:05:50,405 [INFO] RtosManager:484 - Registered RTOS mode: class=RTOS, group=Core, mode=CMSIS_V1, owner=FREERTOS
2025-09-15 17:05:50,406 [INFO] RtosManager:484 - Registered RTOS mode: class=RTOS, group=Core, mode=CMSIS_V2, owner=FREERTOS
2025-09-15 17:05:50,406 [WARN] ModelIntegratedComponent:181 - Missing modes for component STMicroelectronics:FreeRTOS:0.0.1:STMicroelectronics:RTOS:FreeRTOS:Core:::10.2.0:
2025-09-15 17:05:50,406 [WARN] ModelIntegratedComponent:60 - No mode defined for component null
2025-09-15 17:05:50,406 [WARN] ModelIntegratedComponent:60 - No mode defined for component null
2025-09-15 17:05:50,406 [WARN] ModelIntegratedComponent:60 - No mode defined for component null
2025-09-15 17:05:50,406 [WARN] ModelIntegratedComponent:60 - No mode defined for component null
2025-09-15 17:05:50,407 [WARN] ModelIntegratedComponent:60 - No mode defined for component null
2025-09-15 17:05:50,407 [WARN] ModelIntegratedComponent:60 - No mode defined for component null
2025-09-15 17:05:50,407 [WARN] ModelIntegratedComponent:60 - No mode defined for component null
2025-09-15 17:05:50,407 [WARN] ModelIntegratedComponent:60 - No mode defined for component null
2025-09-15 17:05:50,407 [WARN] ModelIntegratedComponent:60 - No mode defined for component null
2025-09-15 17:05:50,407 [WARN] ModelIntegratedComponent:60 - No mode defined for component null
2025-09-15 17:05:50,407 [WARN] ModelIntegratedComponent:60 - No mode defined for component null
2025-09-15 17:05:50,407 [WARN] ModelIntegratedComponent:60 - No mode defined for component null
2025-09-15 17:05:50,407 [WARN] ModelIntegratedComponent:60 - No mode defined for component null
2025-09-15 17:05:50,408 [WARN] ModelIntegratedComponent:60 - No mode defined for component null
2025-09-15 17:05:50,408 [WARN] ModelIntegratedComponent:60 - No mode defined for component null
2025-09-15 17:05:50,408 [WARN] ModelIntegratedComponent:60 - No mode defined for component null
2025-09-15 17:05:50,408 [WARN] ModelIntegratedComponent:60 - No mode defined for component null
2025-09-15 17:05:50,408 [WARN] ModelIntegratedComponent:60 - No mode defined for component null
2025-09-15 17:05:50,408 [WARN] ModelIntegratedComponent:60 - No mode defined for component null
2025-09-15 17:05:50,408 [WARN] ModelIntegratedComponent:60 - No mode defined for component null
2025-09-15 17:05:50,408 [WARN] ModelIntegratedComponent:60 - No mode defined for component null
2025-09-15 17:05:50,408 [WARN] ModelIntegratedComponent:60 - No mode defined for component null
2025-09-15 17:05:50,408 [WARN] ModelIntegratedComponent:60 - No mode defined for component null
2025-09-15 17:05:50,408 [WARN] ModelIntegratedComponent:60 - No mode defined for component null
2025-09-15 17:05:50,409 [WARN] ModelIntegratedComponent:60 - No mode defined for component null
2025-09-15 17:05:50,409 [WARN] ModelIntegratedComponent:60 - No mode defined for component null
2025-09-15 17:05:50,409 [WARN] ModelIntegratedComponent:60 - No mode defined for component null
2025-09-15 17:05:50,409 [WARN] ModelIntegratedComponent:60 - No mode defined for component null
2025-09-15 17:05:50,409 [WARN] ModelIntegratedComponent:60 - No mode defined for component null
2025-09-15 17:05:50,409 [WARN] ModelIntegratedComponent:60 - No mode defined for component null
2025-09-15 17:05:50,409 [WARN] ModelIntegratedComponent:60 - No mode defined for component null
2025-09-15 17:05:50,526 [INFO] UtilMem:74 - End LoadConfig() Used Memory: 974818896 Bytes (1073741824)
2025-09-15 17:05:50,527 [WARN] ThirdParty:779 - waiting for thirdparty lock release [change project]
2025-09-15 17:05:50,527 [INFO] ThirdParty:781 - entering critical section [change project]
2025-09-15 17:05:50,527 [INFO] ThirdParty:967 - CMSIS Pack Vendor :STMicroelectronics USB_HOST 2.0.0
2025-09-15 17:05:50,527 [INFO] ThirdParty:967 - CMSIS Pack Vendor :STMicroelectronics FreeRTOS 0.0.1
2025-09-15 17:05:50,527 [INFO] ThirdParty:967 - CMSIS Pack Vendor :STMicroelectronics USB_DEVICE 1.0.0
2025-09-15 17:05:50,527 [INFO] ThirdParty:967 - CMSIS Pack Vendor :STMicroelectronics USB_DEVICE 3.0.0
2025-09-15 17:05:50,527 [INFO] ThirdParty:967 - CMSIS Pack Vendor :STMicroelectronics HAL Drivers 0.0.0
2025-09-15 17:05:50,528 [INFO] ThirdParty:967 - CMSIS Pack Vendor :STMicroelectronics MBEDTLS 2.16.2
2025-09-15 17:05:50,528 [INFO] ThirdParty:967 - CMSIS Pack Vendor :STMicroelectronics ThreadX 0.0.2
2025-09-15 17:05:50,528 [INFO] ThirdParty:967 - CMSIS Pack Vendor :STMicroelectronics lwIP 2.0.3
2025-09-15 17:05:50,528 [INFO] ThirdParty:967 - CMSIS Pack Vendor :STMicroelectronics lwIP 2.1.2
2025-09-15 17:05:50,528 [INFO] ThirdParty:967 - CMSIS Pack Vendor :STMicroelectronics MBEDTLS 2.14.1
2025-09-15 17:05:50,528 [INFO] ThirdParty:967 - CMSIS Pack Vendor :STMicroelectronics USB_HOST 1.0.0
2025-09-15 17:05:50,528 [INFO] ThirdParty:967 - CMSIS Pack Vendor :STMicroelectronics PDM2PCM 3.1.0
2025-09-15 17:05:50,528 [INFO] ThirdParty:967 - CMSIS Pack Vendor :STMicroelectronics PDM2PCM 3.2.0
2025-09-15 17:05:50,528 [INFO] ThirdParty:967 - CMSIS Pack Vendor :STMicroelectronics USB_DEVICE 2.0.0
2025-09-15 17:05:50,528 [INFO] ThirdParty:967 - CMSIS Pack Vendor :STMicroelectronics PDM2PCM 3.3.0
2025-09-15 17:05:50,529 [INFO] ThirdParty:787 - exiting critical section [change project]
2025-09-15 17:05:50,666 [INFO] PinOutPanel:1463 - setPackage(No Configuration,No Configuration)
2025-09-15 17:05:50,667 [INFO] PinOutPanel:1463 - setPackage(STM32F103C6Ux,UFQFPN48)
2025-09-15 17:05:50,946 [INFO] UtilMem:74 - Before build in PCC Used Memory: 964094368 Bytes (1073741824)
2025-09-15 17:05:51,259 [INFO] UtilMem:74 - After build in PCC Used Memory: 988502184 Bytes (1073741824)
2025-09-15 17:05:51,281 [INFO] IPUIPlugin:74 - create IPUIPlugin
2025-09-15 17:05:51,281 [INFO] IPUIPlugin:74 - create IPUIPlugin
2025-09-15 17:05:51,281 [INFO] IPUIPlugin:74 - create IPUIPlugin
2025-09-15 17:05:51,282 [INFO] IPUIPlugin:74 - create IPUIPlugin
2025-09-15 17:05:51,282 [INFO] IPUIPlugin:74 - create IPUIPlugin
2025-09-15 17:05:51,282 [INFO] IPUIPlugin:74 - create IPUIPlugin
2025-09-15 17:05:51,282 [INFO] IPUIPlugin:74 - create IPUIPlugin
2025-09-15 17:05:51,282 [INFO] IPUIPlugin:74 - create IPUIPlugin
2025-09-15 17:05:51,283 [INFO] IPUIPlugin:74 - create IPUIPlugin
2025-09-15 17:05:51,283 [INFO] IPUIPlugin:74 - create IPUIPlugin
2025-09-15 17:05:51,283 [INFO] IPUIPlugin:74 - create IPUIPlugin
2025-09-15 17:05:51,283 [INFO] IPUIPlugin:74 - create IPUIPlugin
2025-09-15 17:05:51,284 [INFO] IPUIPlugin:74 - create IPUIPlugin
2025-09-15 17:05:51,284 [INFO] IPUIPlugin:74 - create IPUIPlugin
2025-09-15 17:05:51,284 [INFO] IPUIPlugin:74 - create IPUIPlugin
2025-09-15 17:05:51,285 [INFO] IPUIPlugin:74 - create IPUIPlugin
2025-09-15 17:05:51,285 [INFO] IPUIPlugin:74 - create IPUIPlugin
2025-09-15 17:05:51,286 [INFO] IPUIPlugin:74 - create IPUIPlugin
2025-09-15 17:05:51,286 [INFO] IPUIPlugin:74 - create IPUIPlugin
2025-09-15 17:05:51,286 [INFO] IPUIPlugin:74 - create IPUIPlugin
2025-09-15 17:05:51,287 [INFO] IPUIPlugin:74 - create IPUIPlugin
2025-09-15 17:05:51,287 [INFO] IPUIPlugin:74 - create IPUIPlugin
2025-09-15 17:05:51,287 [INFO] IPUIPlugin:74 - create IPUIPlugin
2025-09-15 17:05:51,301 [INFO] OpenFileManager:333 - Restore cursor
2025-09-15 17:11:27,784 [INFO] Gpio:254 - dependency for GPIO []
2025-09-15 17:11:31,657 [INFO] UtilMem:74 - End SaveConfig() Used Memory: 1000035336 Bytes (1073741824)
2025-09-15 17:11:33,110 [INFO] UtilMem:74 - End SaveConfig() Used Memory: 971822376 Bytes (1073741824)
2025-09-15 17:11:34,676 [INFO] UtilMem:74 - End SaveConfig() Used Memory: 962028816 Bytes (1073741824)
2025-09-15 17:11:35,107 [INFO] BlockDiagram:2740 - set Specific Code input for plugin: NVIC
2025-09-15 17:11:35,107 [INFO] BlockDiagram:2740 - set Specific Code input for plugin: SYS
2025-09-15 17:11:35,107 [INFO] BlockDiagram:2740 - set Specific Code input for plugin: GPIO
2025-09-15 17:11:35,107 [INFO] BlockDiagram:2740 - set Specific Code input for plugin: RCC
2025-09-15 17:11:35,108 [INFO] CodeGenerator:663 - code generatio: config db path: D:\STM32CubeIDE_1.7.0\STM32CubeIDE\plugins\com.st.stm32cube.common.mx_6.3.0.202107141111\\db\
2025-09-15 17:11:35,837 [INFO] CodeEngine:239 - oldGeneratedFile, D:\New folder (2)\LAB 1\Code\LAB 1.4\MXTmpFiles\license.tmp_save
2025-09-15 17:11:35,942 [INFO] CodeEngine:257 - Generated code: D:\New folder (2)\LAB 1\Code\LAB 1.4\MXTmpFiles\license.tmp
2025-09-15 17:11:35,993 [INFO] CodeEngine:239 - oldGeneratedFile, D:\New folder (2)\LAB 1\Code\LAB 1.4\MXTmpFiles\gpio.tmp_save
2025-09-15 17:11:36,120 [INFO] CodeEngine:257 - Generated code: D:\New folder (2)\LAB 1\Code\LAB 1.4\MXTmpFiles\gpio.tmp
2025-09-15 17:11:36,174 [INFO] CodeEngine:239 - oldGeneratedFile, D:\New folder (2)\LAB 1\Code\LAB 1.4\Core\Src\stm32f1xx_it.c_save
2025-09-15 17:11:36,320 [INFO] CodeEngine:257 - Generated code: D:\New folder (2)\LAB 1\Code\LAB 1.4\Core\Src\stm32f1xx_it.c
2025-09-15 17:11:36,325 [INFO] CodeEngine:239 - oldGeneratedFile, D:\New folder (2)\LAB 1\Code\LAB 1.4\Core\Inc\stm32f1xx_it.h_save
2025-09-15 17:11:36,422 [INFO] CodeEngine:257 - Generated code: D:\New folder (2)\LAB 1\Code\LAB 1.4\Core\Inc\stm32f1xx_it.h
2025-09-15 17:11:36,451 [INFO] CodeEngine:239 - oldGeneratedFile, D:\New folder (2)\LAB 1\Code\LAB 1.4\Core\Src\stm32f1xx_hal_msp.c_save
2025-09-15 17:11:36,593 [INFO] CodeEngine:257 - Generated code: D:\New folder (2)\LAB 1\Code\LAB 1.4\Core\Src\stm32f1xx_hal_msp.c
2025-09-15 17:11:36,596 [INFO] CodeEngine:239 - oldGeneratedFile, D:\New folder (2)\LAB 1\Code\LAB 1.4\MXTmpFiles\system.tmp_save
2025-09-15 17:11:36,675 [INFO] CodeEngine:257 - Generated code: D:\New folder (2)\LAB 1\Code\LAB 1.4\MXTmpFiles\system.tmp
2025-09-15 17:11:36,701 [INFO] CodeEngine:239 - oldGeneratedFile, D:\New folder (2)\LAB 1\Code\LAB 1.4\Core\Inc\stm32f1xx_hal_conf.h_save
2025-09-15 17:11:36,840 [INFO] CodeEngine:257 - Generated code: D:\New folder (2)\LAB 1\Code\LAB 1.4\Core\Inc\stm32f1xx_hal_conf.h
2025-09-15 17:11:36,902 [INFO] CodeEngine:239 - oldGeneratedFile, D:\New folder (2)\LAB 1\Code\LAB 1.4\Core\Inc\main.h_save
2025-09-15 17:11:37,026 [INFO] CodeEngine:257 - Generated code: D:\New folder (2)\LAB 1\Code\LAB 1.4\Core\Inc\main.h
2025-09-15 17:11:37,046 [INFO] CodeEngine:239 - oldGeneratedFile, D:\New folder (2)\LAB 1\Code\LAB 1.4\Core\Src\main.c_save
2025-09-15 17:11:37,243 [INFO] CodeEngine:257 - Generated code: D:\New folder (2)\LAB 1\Code\LAB 1.4\Core\Src\main.c
2025-09-15 17:11:38,630 [INFO] ProjectBuilder:2578 - Time for Copy HAL[1] : 81mS.
2025-09-15 17:11:38,635 [INFO] ProjectBuilder:3622 - Project Generator version: 3.14.1
2025-09-15 17:11:39,216 [INFO] ConfigFileManager:1271 - The Die is : DIE412
2025-09-15 17:11:39,227 [INFO] ApiDbMcu:468 - Load IP Config File for FATFS
2025-09-15 17:11:39,263 [INFO] ApiDbMcu:468 - Load IP Config File for FREERTOS
2025-09-15 17:11:39,295 [INFO] ApiDbMcu:468 - Load IP Config File for USB_DEVICE
2025-09-15 17:11:41,999 [INFO] ProjectBuilder:3789 - Time for Generating toolchain IDE Files: 3364mS.
2025-09-15 17:11:42,000 [INFO] ProjectBuilder:2457 - Time for Copy CMSIS : 0mS.
2025-09-15 17:11:42,002 [INFO] ProjectBuilder:2457 - Time for Copy CMSIS : 0mS.
2025-09-15 17:38:27,813 [INFO] MainUpdater:2671 - connection check result : 10
2025-09-15 17:38:27,813 [INFO] MainUpdater:2671 - connection check result : 10
2025-09-15 17:38:27,965 [INFO] MicroXplorer:448 - Change Database Path : 
2025-09-15 17:38:27,965 [INFO] MicroXplorer:478 - Change Database Version : DB.6.0.30
2025-09-15 17:38:27,965 [WARN] ThirdParty:813 - waiting for thirdparty lock release [close project]
2025-09-15 17:38:27,965 [INFO] ThirdParty:815 - entering critical section [close project]
2025-09-15 17:38:27,966 [INFO] ThirdParty:825 - exiting critical section [close project]
2025-09-15 17:38:27,968 [INFO] PinOutPanel:1463 - setPackage(No Configuration,No Configuration)
2025-09-15 17:38:27,969 [INFO] UtilMem:74 - Begin LoadConfig() Used Memory: 986801128 Bytes (1073741824)
2025-09-15 17:38:27,970 [INFO] MicroXplorer:448 - Change Database Path : 
2025-09-15 17:38:27,970 [INFO] MicroXplorer:478 - Change Database Version : DB.6.0.30
2025-09-15 17:38:27,970 [INFO] OpenFileManager:313 - Change cursor
2025-09-15 17:38:27,987 [INFO] RulesReader:57 - Compatibility file has been processed (242 Rules)
2025-09-15 17:38:28,737 [INFO] Context:592 - Trying to add GPIOservice into a context  which must be forbidden
2025-09-15 17:38:28,978 [INFO] RtosManager:484 - Registered RTOS mode: class=CMSIS, group=RTOS, mode=CMSIS_V1, owner=FREERTOS
2025-09-15 17:38:28,978 [INFO] RtosManager:484 - Registered RTOS mode: class=CMSIS, group=RTOS2, mode=CMSIS_V2, owner=FREERTOS
2025-09-15 17:38:28,978 [INFO] RtosManager:484 - Registered RTOS mode: class=RTOS, group=Core, mode=CMSIS_V1, owner=FREERTOS
2025-09-15 17:38:28,979 [INFO] RtosManager:484 - Registered RTOS mode: class=RTOS, group=Core, mode=CMSIS_V2, owner=FREERTOS
2025-09-15 17:38:28,979 [WARN] ModelIntegratedComponent:181 - Missing modes for component STMicroelectronics:FreeRTOS:0.0.1:STMicroelectronics:RTOS:FreeRTOS:Core:::10.2.0:
2025-09-15 17:38:28,987 [WARN] ModelIntegratedComponent:60 - No mode defined for component null
2025-09-15 17:38:28,987 [WARN] ModelIntegratedComponent:60 - No mode defined for component null
2025-09-15 17:38:28,987 [WARN] ModelIntegratedComponent:60 - No mode defined for component null
2025-09-15 17:38:28,988 [WARN] ModelIntegratedComponent:60 - No mode defined for component null
2025-09-15 17:38:28,988 [WARN] ModelIntegratedComponent:60 - No mode defined for component null
2025-09-15 17:38:28,988 [WARN] ModelIntegratedComponent:60 - No mode defined for component null
2025-09-15 17:38:28,988 [WARN] ModelIntegratedComponent:60 - No mode defined for component null
2025-09-15 17:38:28,988 [WARN] ModelIntegratedComponent:60 - No mode defined for component null
2025-09-15 17:38:28,988 [WARN] ModelIntegratedComponent:60 - No mode defined for component null
2025-09-15 17:38:28,988 [WARN] ModelIntegratedComponent:60 - No mode defined for component null
2025-09-15 17:38:28,988 [WARN] ModelIntegratedComponent:60 - No mode defined for component null
2025-09-15 17:38:28,988 [WARN] ModelIntegratedComponent:60 - No mode defined for component null
2025-09-15 17:38:28,988 [WARN] ModelIntegratedComponent:60 - No mode defined for component null
2025-09-15 17:38:28,988 [WARN] ModelIntegratedComponent:60 - No mode defined for component null
2025-09-15 17:38:28,989 [WARN] ModelIntegratedComponent:60 - No mode defined for component null
2025-09-15 17:38:28,989 [WARN] ModelIntegratedComponent:60 - No mode defined for component null
2025-09-15 17:38:28,989 [WARN] ModelIntegratedComponent:60 - No mode defined for component null
2025-09-15 17:38:28,989 [WARN] ModelIntegratedComponent:60 - No mode defined for component null
2025-09-15 17:38:28,989 [WARN] ModelIntegratedComponent:60 - No mode defined for component null
2025-09-15 17:38:28,989 [WARN] ModelIntegratedComponent:60 - No mode defined for component null
2025-09-15 17:38:28,989 [WARN] ModelIntegratedComponent:60 - No mode defined for component null
2025-09-15 17:38:28,989 [WARN] ModelIntegratedComponent:60 - No mode defined for component null
2025-09-15 17:38:28,989 [WARN] ModelIntegratedComponent:60 - No mode defined for component null
2025-09-15 17:38:28,989 [WARN] ModelIntegratedComponent:60 - No mode defined for component null
2025-09-15 17:38:28,989 [WARN] ModelIntegratedComponent:60 - No mode defined for component null
2025-09-15 17:38:28,990 [WARN] ModelIntegratedComponent:60 - No mode defined for component null
2025-09-15 17:38:28,990 [WARN] ModelIntegratedComponent:60 - No mode defined for component null
2025-09-15 17:38:28,990 [WARN] ModelIntegratedComponent:60 - No mode defined for component null
2025-09-15 17:38:28,990 [WARN] ModelIntegratedComponent:60 - No mode defined for component null
2025-09-15 17:38:28,990 [WARN] ModelIntegratedComponent:60 - No mode defined for component null
2025-09-15 17:38:28,990 [WARN] ModelIntegratedComponent:60 - No mode defined for component null
2025-09-15 17:38:29,129 [INFO] UtilMem:74 - End LoadConfig() Used Memory: 979766752 Bytes (1073741824)
2025-09-15 17:38:29,130 [WARN] ThirdParty:779 - waiting for thirdparty lock release [change project]
2025-09-15 17:38:29,130 [INFO] ThirdParty:781 - entering critical section [change project]
2025-09-15 17:38:29,130 [INFO] ThirdParty:967 - CMSIS Pack Vendor :STMicroelectronics USB_HOST 2.0.0
2025-09-15 17:38:29,130 [INFO] ThirdParty:967 - CMSIS Pack Vendor :STMicroelectronics FreeRTOS 0.0.1
2025-09-15 17:38:29,130 [INFO] ThirdParty:967 - CMSIS Pack Vendor :STMicroelectronics USB_DEVICE 1.0.0
2025-09-15 17:38:29,130 [INFO] ThirdParty:967 - CMSIS Pack Vendor :STMicroelectronics USB_DEVICE 3.0.0
2025-09-15 17:38:29,130 [INFO] ThirdParty:967 - CMSIS Pack Vendor :STMicroelectronics HAL Drivers 0.0.0
2025-09-15 17:38:29,131 [INFO] ThirdParty:967 - CMSIS Pack Vendor :STMicroelectronics MBEDTLS 2.16.2
2025-09-15 17:38:29,131 [INFO] ThirdParty:967 - CMSIS Pack Vendor :STMicroelectronics ThreadX 0.0.2
2025-09-15 17:38:29,131 [INFO] ThirdParty:967 - CMSIS Pack Vendor :STMicroelectronics lwIP 2.0.3
2025-09-15 17:38:29,131 [INFO] ThirdParty:967 - CMSIS Pack Vendor :STMicroelectronics lwIP 2.1.2
2025-09-15 17:38:29,131 [INFO] ThirdParty:967 - CMSIS Pack Vendor :STMicroelectronics MBEDTLS 2.14.1
2025-09-15 17:38:29,131 [INFO] ThirdParty:967 - CMSIS Pack Vendor :STMicroelectronics USB_HOST 1.0.0
2025-09-15 17:38:29,131 [INFO] ThirdParty:967 - CMSIS Pack Vendor :STMicroelectronics PDM2PCM 3.1.0
2025-09-15 17:38:29,131 [INFO] ThirdParty:967 - CMSIS Pack Vendor :STMicroelectronics PDM2PCM 3.2.0
2025-09-15 17:38:29,131 [INFO] ThirdParty:967 - CMSIS Pack Vendor :STMicroelectronics USB_DEVICE 2.0.0
2025-09-15 17:38:29,131 [INFO] ThirdParty:967 - CMSIS Pack Vendor :STMicroelectronics PDM2PCM 3.3.0
2025-09-15 17:38:29,131 [INFO] ThirdParty:787 - exiting critical section [change project]
2025-09-15 17:38:29,286 [INFO] PinOutPanel:1463 - setPackage(No Configuration,No Configuration)
2025-09-15 17:38:29,287 [INFO] PinOutPanel:1463 - setPackage(STM32F103C6Ux,UFQFPN48)
2025-09-15 17:38:29,613 [INFO] UtilMem:74 - Before build in PCC Used Memory: 1012958424 Bytes (1073741824)
2025-09-15 17:38:29,937 [INFO] UtilMem:74 - After build in PCC Used Memory: 980252344 Bytes (1073741824)
2025-09-15 17:38:29,965 [INFO] IPUIPlugin:74 - create IPUIPlugin
2025-09-15 17:38:29,966 [INFO] IPUIPlugin:74 - create IPUIPlugin
2025-09-15 17:38:29,966 [INFO] IPUIPlugin:74 - create IPUIPlugin
2025-09-15 17:38:29,966 [INFO] IPUIPlugin:74 - create IPUIPlugin
2025-09-15 17:38:29,967 [INFO] IPUIPlugin:74 - create IPUIPlugin
2025-09-15 17:38:29,967 [INFO] IPUIPlugin:74 - create IPUIPlugin
2025-09-15 17:38:29,967 [INFO] IPUIPlugin:74 - create IPUIPlugin
2025-09-15 17:38:29,967 [INFO] IPUIPlugin:74 - create IPUIPlugin
2025-09-15 17:38:29,968 [INFO] IPUIPlugin:74 - create IPUIPlugin
2025-09-15 17:38:29,968 [INFO] IPUIPlugin:74 - create IPUIPlugin
2025-09-15 17:38:29,969 [INFO] IPUIPlugin:74 - create IPUIPlugin
2025-09-15 17:38:29,969 [INFO] IPUIPlugin:74 - create IPUIPlugin
2025-09-15 17:38:29,970 [INFO] IPUIPlugin:74 - create IPUIPlugin
2025-09-15 17:38:29,970 [INFO] IPUIPlugin:74 - create IPUIPlugin
2025-09-15 17:38:29,971 [INFO] IPUIPlugin:74 - create IPUIPlugin
2025-09-15 17:38:29,971 [INFO] IPUIPlugin:74 - create IPUIPlugin
2025-09-15 17:38:29,972 [INFO] IPUIPlugin:74 - create IPUIPlugin
2025-09-15 17:38:29,972 [INFO] IPUIPlugin:74 - create IPUIPlugin
2025-09-15 17:38:29,973 [INFO] IPUIPlugin:74 - create IPUIPlugin
2025-09-15 17:38:29,973 [INFO] IPUIPlugin:74 - create IPUIPlugin
2025-09-15 17:38:29,974 [INFO] IPUIPlugin:74 - create IPUIPlugin
2025-09-15 17:38:29,974 [INFO] IPUIPlugin:74 - create IPUIPlugin
2025-09-15 17:38:29,975 [INFO] IPUIPlugin:74 - create IPUIPlugin
2025-09-15 17:38:29,992 [INFO] OpenFileManager:333 - Restore cursor
2025-09-15 17:38:34,010 [INFO] Gpio:254 - dependency for GPIO []
2025-09-16 11:24:45,338 [INFO] Activator:177 - 


2025-09-16 11:24:45,341 [INFO] Activator:178 - !SESSION log4j initialized
2025-09-16 12:11:06,741 [INFO] McuFinderGlobals:39 - Set McuFinder mode to 2 (CubeIDE integrated)
2025-09-16 12:11:07,453 [INFO] ApplicationProperties:181 - Using Application install path: D:\STM32CubeIDE_1.7.0\STM32CubeIDE\plugins\com.st.stm32cube.common.mx_6.3.0.202107141111
2025-09-16 12:11:07,468 [INFO] DbMcusXml:74 - Set database path to: D:\STM32CubeIDE_1.7.0\STM32CubeIDE\plugins\com.st.stm32cube.common.mx_6.3.0.202107141111\\db\/mcu/
2025-09-16 12:11:07,472 [INFO] DbBoardsPdsc:56 - Set plugin database path to: D:\STM32CubeIDE_1.7.0\STM32CubeIDE\plugins\com.st.stm32cube.common.mx_6.3.0.202107141111\\db\/plugins/boardmanager/
2025-09-16 12:11:07,473 [INFO] DbMcus:258 - Set plugin images path to: D:\STM32CubeIDE_1.7.0\STM32CubeIDE\plugins\com.st.stm32cube.common.mx_6.3.0.202107141111\\db\/plugins/mcufinder/images/
2025-09-16 12:11:07,473 [INFO] DbBoards:264 - Set plugin images path to: D:\STM32CubeIDE_1.7.0\STM32CubeIDE\plugins\com.st.stm32cube.common.mx_6.3.0.202107141111\\db\/plugins/mcufinder/images/
2025-09-16 12:11:07,476 [INFO] DbExamples:333 - Set plugin images path to: D:\STM32CubeIDE_1.7.0\STM32CubeIDE\plugins\com.st.stm32cube.common.mx_6.3.0.202107141111\\db\/plugins/mcufinder/images/
2025-09-16 12:11:07,483 [INFO] DbMcusAds:119 - Set database path to: C:\Users\ACER\.stmcufinder\plugins\mcufinder//mcu/
2025-09-16 12:11:07,484 [INFO] DbMcusDocs:110 - Set database path to: C:\Users\ACER\.stmcufinder\plugins\mcufinder//mcu/
2025-09-16 12:11:07,486 [INFO] DbMcusJson:64 - Set database path to: C:\Users\ACER\.stmcufinder\plugins\mcufinder//mcu/
2025-09-16 12:11:07,487 [INFO] DbBoardsDocs:110 - Set database path to: C:\Users\ACER\.stmcufinder\plugins\mcufinder//mcu/
2025-09-16 12:11:07,489 [INFO] DbBoardsJson:57 - Set database path to: C:\Users\ACER\.stmcufinder\plugins\mcufinder//mcu/
2025-09-16 12:11:07,501 [INFO] CrossReferenceDbSqlite:196 - Set database path to: C:\Users\ACER\.stmcufinder\plugins\mcufinder//mcu/cs/
2025-09-16 12:11:07,505 [INFO] DbExamplesSqlite:767 - Set database path to: C:\Users\ACER\.stmcufinder\plugins\mcufinder//mcu/
2025-09-16 12:11:07,631 [INFO] RulesReader:57 - Compatibility file has been processed (242 Rules)
2025-09-16 12:11:07,738 [INFO] DbMcusXml:74 - Set database path to: D:\STM32CubeIDE_1.7.0\STM32CubeIDE\plugins\com.st.stm32cube.common.mx_6.3.0.202107141111\\db\/mcu/
2025-09-16 12:11:07,740 [INFO] DbBoardsPdsc:56 - Set plugin database path to: D:\STM32CubeIDE_1.7.0\STM32CubeIDE\plugins\com.st.stm32cube.common.mx_6.3.0.202107141111\\db\/plugins/boardmanager/
2025-09-16 12:11:07,741 [INFO] DbMcus:258 - Set plugin images path to: D:\STM32CubeIDE_1.7.0\STM32CubeIDE\plugins\com.st.stm32cube.common.mx_6.3.0.202107141111\\db\/plugins/mcufinder/images/
2025-09-16 12:11:07,741 [INFO] DbBoards:264 - Set plugin images path to: D:\STM32CubeIDE_1.7.0\STM32CubeIDE\plugins\com.st.stm32cube.common.mx_6.3.0.202107141111\\db\/plugins/mcufinder/images/
2025-09-16 12:11:07,741 [INFO] DbExamples:333 - Set plugin images path to: D:\STM32CubeIDE_1.7.0\STM32CubeIDE\plugins\com.st.stm32cube.common.mx_6.3.0.202107141111\\db\/plugins/mcufinder/images/
2025-09-16 12:11:07,741 [WARN] DbFile:35 - Overriding database path with different value: C:\Users\ACER\.stmcufinder\plugins\mcufinder/ => C:\Users\ACER\.stmcufinder\plugins\mcufinder
2025-09-16 12:11:07,741 [INFO] DbMcusAds:119 - Set database path to: C:\Users\ACER\.stmcufinder\plugins\mcufinder//mcu/
2025-09-16 12:11:07,741 [WARN] DbFile:35 - Overriding database path with different value: C:\Users\ACER\.stmcufinder\plugins\mcufinder/ => C:\Users\ACER\.stmcufinder\plugins\mcufinder
2025-09-16 12:11:07,741 [INFO] DbMcusDocs:110 - Set database path to: C:\Users\ACER\.stmcufinder\plugins\mcufinder//mcu/
2025-09-16 12:11:07,742 [WARN] DbFile:35 - Overriding database path with different value: C:\Users\ACER\.stmcufinder\plugins\mcufinder/ => C:\Users\ACER\.stmcufinder\plugins\mcufinder
2025-09-16 12:11:07,742 [INFO] DbMcusJson:64 - Set database path to: C:\Users\ACER\.stmcufinder\plugins\mcufinder//mcu/
2025-09-16 12:11:07,742 [WARN] DbFile:35 - Overriding database path with different value: C:\Users\ACER\.stmcufinder\plugins\mcufinder/ => C:\Users\ACER\.stmcufinder\plugins\mcufinder
2025-09-16 12:11:07,742 [INFO] DbBoardsDocs:110 - Set database path to: C:\Users\ACER\.stmcufinder\plugins\mcufinder//mcu/
2025-09-16 12:11:07,742 [WARN] DbFile:35 - Overriding database path with different value: C:\Users\ACER\.stmcufinder\plugins\mcufinder/ => C:\Users\ACER\.stmcufinder\plugins\mcufinder
2025-09-16 12:11:07,742 [INFO] DbBoardsJson:57 - Set database path to: C:\Users\ACER\.stmcufinder\plugins\mcufinder//mcu/
2025-09-16 12:11:07,742 [WARN] DbFile:35 - Overriding database path with different value: C:\Users\ACER\.stmcufinder\plugins\mcufinder/ => C:\Users\ACER\.stmcufinder\plugins\mcufinder
2025-09-16 12:11:07,742 [WARN] DbFile:35 - Overriding database path with different value: C:\Users\ACER\.stmcufinder\plugins\mcufinder/ => C:\Users\ACER\.stmcufinder\plugins\mcufinder
2025-09-16 12:11:07,743 [INFO] CrossReferenceDbSqlite:196 - Set database path to: C:\Users\ACER\.stmcufinder\plugins\mcufinder//mcu/cs/
2025-09-16 12:11:07,743 [WARN] DbFile:35 - Overriding database path with different value: C:\Users\ACER\.stmcufinder\plugins\mcufinder/ => C:\Users\ACER\.stmcufinder\plugins\mcufinder
2025-09-16 12:11:07,743 [INFO] DbExamplesSqlite:767 - Set database path to: C:\Users\ACER\.stmcufinder\plugins\mcufinder//mcu/
2025-09-16 12:11:07,838 [INFO] MainPanel:214 - HeapMemory: 963641344
2025-09-16 12:11:07,957 [INFO] DbMcusXml:74 - Set database path to: D:\STM32CubeIDE_1.7.0\STM32CubeIDE\plugins\com.st.stm32cube.common.mx_6.3.0.202107141111\\db\/mcu/
2025-09-16 12:11:07,957 [INFO] DbBoardsPdsc:56 - Set plugin database path to: D:\STM32CubeIDE_1.7.0\STM32CubeIDE\plugins\com.st.stm32cube.common.mx_6.3.0.202107141111\\db\/plugins/boardmanager/
2025-09-16 12:11:07,957 [INFO] DbMcus:258 - Set plugin images path to: D:\STM32CubeIDE_1.7.0\STM32CubeIDE\plugins\com.st.stm32cube.common.mx_6.3.0.202107141111\\db\/plugins/mcufinder/images/
2025-09-16 12:11:07,957 [INFO] DbBoards:264 - Set plugin images path to: D:\STM32CubeIDE_1.7.0\STM32CubeIDE\plugins\com.st.stm32cube.common.mx_6.3.0.202107141111\\db\/plugins/mcufinder/images/
2025-09-16 12:11:07,957 [INFO] DbExamples:333 - Set plugin images path to: D:\STM32CubeIDE_1.7.0\STM32CubeIDE\plugins\com.st.stm32cube.common.mx_6.3.0.202107141111\\db\/plugins/mcufinder/images/
2025-09-16 12:11:07,958 [WARN] DbFile:35 - Overriding database path with different value: C:\Users\ACER\.stmcufinder\plugins\mcufinder/ => C:\Users\ACER\.stmcufinder\plugins\mcufinder
2025-09-16 12:11:07,958 [INFO] DbMcusAds:119 - Set database path to: C:\Users\ACER\.stmcufinder\plugins\mcufinder//mcu/
2025-09-16 12:11:07,958 [WARN] DbFile:35 - Overriding database path with different value: C:\Users\ACER\.stmcufinder\plugins\mcufinder/ => C:\Users\ACER\.stmcufinder\plugins\mcufinder
2025-09-16 12:11:07,958 [INFO] DbMcusDocs:110 - Set database path to: C:\Users\ACER\.stmcufinder\plugins\mcufinder//mcu/
2025-09-16 12:11:07,959 [WARN] DbFile:35 - Overriding database path with different value: C:\Users\ACER\.stmcufinder\plugins\mcufinder/ => C:\Users\ACER\.stmcufinder\plugins\mcufinder
2025-09-16 12:11:07,959 [INFO] DbMcusJson:64 - Set database path to: C:\Users\ACER\.stmcufinder\plugins\mcufinder//mcu/
2025-09-16 12:11:07,959 [WARN] DbFile:35 - Overriding database path with different value: C:\Users\ACER\.stmcufinder\plugins\mcufinder/ => C:\Users\ACER\.stmcufinder\plugins\mcufinder
2025-09-16 12:11:07,959 [INFO] DbBoardsDocs:110 - Set database path to: C:\Users\ACER\.stmcufinder\plugins\mcufinder//mcu/
2025-09-16 12:11:07,959 [WARN] DbFile:35 - Overriding database path with different value: C:\Users\ACER\.stmcufinder\plugins\mcufinder/ => C:\Users\ACER\.stmcufinder\plugins\mcufinder
2025-09-16 12:11:07,959 [INFO] DbBoardsJson:57 - Set database path to: C:\Users\ACER\.stmcufinder\plugins\mcufinder//mcu/
2025-09-16 12:11:07,959 [WARN] DbFile:35 - Overriding database path with different value: C:\Users\ACER\.stmcufinder\plugins\mcufinder/ => C:\Users\ACER\.stmcufinder\plugins\mcufinder
2025-09-16 12:11:07,959 [WARN] DbFile:35 - Overriding database path with different value: C:\Users\ACER\.stmcufinder\plugins\mcufinder/ => C:\Users\ACER\.stmcufinder\plugins\mcufinder
2025-09-16 12:11:07,959 [INFO] CrossReferenceDbSqlite:196 - Set database path to: C:\Users\ACER\.stmcufinder\plugins\mcufinder//mcu/cs/
2025-09-16 12:11:07,959 [WARN] DbFile:35 - Overriding database path with different value: C:\Users\ACER\.stmcufinder\plugins\mcufinder/ => C:\Users\ACER\.stmcufinder\plugins\mcufinder
2025-09-16 12:11:07,959 [INFO] DbExamplesSqlite:767 - Set database path to: C:\Users\ACER\.stmcufinder\plugins\mcufinder//mcu/
2025-09-16 12:11:07,986 [INFO] ApplicationProperties:181 - Using Application install path: D:\STM32CubeIDE_1.7.0\STM32CubeIDE\plugins\com.st.stm32cube.common.mx_6.3.0.202107141111
2025-09-16 12:11:07,987 [INFO] PluginManage:188 - Search for loadable plugins [exclusion list=, ]
2025-09-16 12:11:07,989 [INFO] PluginManage:302 - Check plugin analytics
2025-09-16 12:11:08,207 [INFO] AnalyticsPlugin:257 - Accepted Software Licenses: 
2025-09-16 12:11:08,207 [INFO] AnalyticsPlugin:259 - Accepted CMSIS Pack Licenses: 
2025-09-16 12:11:08,207 [INFO] AnalyticsPlugin:261 - Accepted Firmware Licenses: 
2025-09-16 12:11:08,208 [INFO] PluginManage:352 - Loaded plugin analytics (category:tool,tabindex:-1)
2025-09-16 12:11:08,208 [INFO] PluginManage:302 - Check plugin clock
2025-09-16 12:11:08,240 [INFO] PluginManage:352 - Loaded plugin clock (category:base,tabindex:2)
2025-09-16 12:11:08,240 [INFO] PluginManage:302 - Check plugin ddr
2025-09-16 12:11:08,244 [INFO] PluginManage:352 - Loaded plugin ddr (category:tool,tabindex:6)
2025-09-16 12:11:08,244 [INFO] PluginManage:302 - Check plugin filemanager
2025-09-16 12:11:08,395 [INFO] PluginManage:352 - Loaded plugin filemanager (category:base,tabindex:10)
2025-09-16 12:11:08,396 [INFO] PluginManage:302 - Check plugin ipmanager
2025-09-16 12:11:08,405 [INFO] PluginManage:352 - Loaded plugin ipmanager (category:base,tabindex:5)
2025-09-16 12:11:08,405 [INFO] PluginManage:302 - Check plugin pinoutandconfiguration
2025-09-16 12:11:08,434 [INFO] PluginManage:352 - Loaded plugin pinoutandconfiguration (category:base,tabindex:1)
2025-09-16 12:11:08,435 [INFO] PluginManage:302 - Check plugin pinoutconfig
2025-09-16 12:11:08,487 [INFO] PluginManage:352 - Loaded plugin pinoutconfig (category:base,tabindex:0)
2025-09-16 12:11:08,487 [INFO] PluginManage:302 - Check plugin power
2025-09-16 12:11:08,520 [INFO] PluginManage:352 - Loaded plugin power (category:power,tabindex:4)
2025-09-16 12:11:08,520 [INFO] PluginManage:302 - Check plugin projectmanager
2025-09-16 12:11:08,540 [INFO] PluginManage:352 - Loaded plugin projectmanager (category:projectmanager,tabindex:3)
2025-09-16 12:11:08,541 [INFO] PluginManage:302 - Check plugin thirdparty
2025-09-16 12:11:08,874 [WARN] IntegrityCheckThread:78 - waiting for thirdparty lock release [integrity check]
2025-09-16 12:11:08,874 [INFO] PluginManage:352 - Loaded plugin thirdparty (category:base,tabindex:-1)
2025-09-16 12:11:08,874 [INFO] IntegrityCheckThread:80 - entering critical section [integrity check]
2025-09-16 12:11:08,874 [INFO] PluginManage:302 - Check plugin tools
2025-09-16 12:11:08,876 [INFO] ThirdPartyUpdaterWithRetryManager:66 - Updater plugin not ready yet. [1/15]
2025-09-16 12:11:08,985 [INFO] PluginManage:352 - Loaded plugin tools (category:base,tabindex:7)
2025-09-16 12:11:08,985 [INFO] PluginManage:302 - Check plugin tutovideos
2025-09-16 12:11:09,269 [INFO] PluginManage:352 - Loaded plugin tutovideos (category:base,tabindex:-1)
2025-09-16 12:11:09,270 [INFO] PluginManage:302 - Check plugin updater
2025-09-16 12:11:09,284 [INFO] PluginManage:352 - Loaded plugin updater (category:base,tabindex:12)
2025-09-16 12:11:09,284 [INFO] PluginManage:275 - PluginManage : Loaded plugins [13]
2025-09-16 12:11:09,525 [INFO] PinOutPanel:1463 - setPackage(No Configuration,No Configuration)
2025-09-16 12:11:09,656 [INFO] IPUIPlugin:74 - create IPUIPlugin
2025-09-16 12:11:09,656 [INFO] PluginManager:213 - loadIPPluginJar : add adc
2025-09-16 12:11:09,751 [INFO] IPUIPlugin:74 - create IPUIPlugin
2025-09-16 12:11:09,751 [INFO] PluginManager:213 - loadIPPluginJar : add aes
2025-09-16 12:11:09,868 [INFO] IPUIPlugin:74 - create IPUIPlugin
2025-09-16 12:11:09,869 [INFO] PluginManager:213 - loadIPPluginJar : add can
2025-09-16 12:11:09,939 [INFO] IPUIPlugin:74 - create IPUIPlugin
2025-09-16 12:11:09,939 [INFO] PluginManager:213 - loadIPPluginJar : add comp
2025-09-16 12:11:10,028 [INFO] IPUIPlugin:74 - create IPUIPlugin
2025-09-16 12:11:10,029 [INFO] PluginManager:213 - loadIPPluginJar : add cryp
2025-09-16 12:11:10,111 [INFO] IPUIPlugin:74 - create IPUIPlugin
2025-09-16 12:11:10,112 [INFO] PluginManager:213 - loadIPPluginJar : add dfsdm
2025-09-16 12:11:10,134 [INFO] IPUIPlugin:74 - create IPUIPlugin
2025-09-16 12:11:10,134 [INFO] PluginManager:213 - loadIPPluginJar : add dma
2025-09-16 12:11:10,218 [INFO] IPUIPlugin:74 - create IPUIPlugin
2025-09-16 12:11:10,219 [INFO] PluginManager:213 - loadIPPluginJar : add dma3
2025-09-16 12:11:10,274 [INFO] IPUIPlugin:74 - create IPUIPlugin
2025-09-16 12:11:10,274 [INFO] PluginManager:213 - loadIPPluginJar : add fatfs
2025-09-16 12:11:10,366 [INFO] IPUIPlugin:74 - create IPUIPlugin
2025-09-16 12:11:10,366 [INFO] PluginManager:213 - loadIPPluginJar : add fmc
2025-09-16 12:11:10,390 [INFO] IPUIPlugin:74 - create IPUIPlugin
2025-09-16 12:11:10,391 [INFO] PluginManager:213 - loadIPPluginJar : add freertos
2025-09-16 12:11:10,444 [INFO] IPUIPlugin:74 - create IPUIPlugin
2025-09-16 12:11:10,444 [INFO] PluginManager:213 - loadIPPluginJar : add genericplugin
2025-09-16 12:11:10,610 [INFO] IPUIPlugin:74 - create IPUIPlugin
2025-09-16 12:11:10,610 [INFO] PluginManager:213 - loadIPPluginJar : add gfxmmu
2025-09-16 12:11:10,835 [INFO] IPUIPlugin:74 - create IPUIPlugin
2025-09-16 12:11:10,836 [INFO] PluginManager:213 - loadIPPluginJar : add gic
2025-09-16 12:11:10,856 [INFO] IPUIPlugin:74 - create IPUIPlugin
2025-09-16 12:11:10,856 [INFO] PluginManager:213 - loadIPPluginJar : add gpio
2025-09-16 12:11:10,981 [INFO] IPUIPlugin:74 - create IPUIPlugin
2025-09-16 12:11:10,981 [INFO] PluginManager:213 - loadIPPluginJar : add gtzc
2025-09-16 12:11:11,045 [INFO] IPUIPlugin:74 - create IPUIPlugin
2025-09-16 12:11:11,045 [INFO] PluginManager:213 - loadIPPluginJar : add hash
2025-09-16 12:11:11,141 [INFO] IPUIPlugin:74 - create IPUIPlugin
2025-09-16 12:11:11,142 [INFO] PluginManager:213 - loadIPPluginJar : add i2c
2025-09-16 12:11:11,219 [INFO] IPUIPlugin:74 - create IPUIPlugin
2025-09-16 12:11:11,219 [INFO] PluginManager:213 - loadIPPluginJar : add i2s
2025-09-16 12:11:11,239 [INFO] IPUIPlugin:74 - create IPUIPlugin
2025-09-16 12:11:11,239 [INFO] PluginManager:213 - loadIPPluginJar : add ipddr
2025-09-16 12:11:11,388 [INFO] IPUIPlugin:74 - create IPUIPlugin
2025-09-16 12:11:11,388 [INFO] PluginManager:213 - loadIPPluginJar : add linkedlist
2025-09-16 12:11:11,469 [INFO] IPUIPlugin:74 - create IPUIPlugin
2025-09-16 12:11:11,470 [INFO] PluginManager:213 - loadIPPluginJar : add lorawan
2025-09-16 12:11:11,573 [INFO] IPUIPlugin:74 - create IPUIPlugin
2025-09-16 12:11:11,573 [INFO] PluginManager:213 - loadIPPluginJar : add ltdc
2025-09-16 12:11:11,595 [INFO] IPUIPlugin:74 - create IPUIPlugin
2025-09-16 12:11:11,595 [INFO] PluginManager:213 - loadIPPluginJar : add mdma
2025-09-16 12:11:11,618 [INFO] IPUIPlugin:74 - create IPUIPlugin
2025-09-16 12:11:11,618 [INFO] PluginManager:213 - loadIPPluginJar : add nvic
2025-09-16 12:11:11,704 [INFO] IPUIPlugin:74 - create IPUIPlugin
2025-09-16 12:11:11,704 [INFO] PluginManager:213 - loadIPPluginJar : add opamp
2025-09-16 12:11:11,818 [INFO] IPUIPlugin:74 - create IPUIPlugin
2025-09-16 12:11:11,818 [INFO] PluginManager:213 - loadIPPluginJar : add openamp
2025-09-16 12:11:11,881 [INFO] ThirdPartyUpdaterWithRetryManager:66 - Updater plugin not ready yet. [2/15]
2025-09-16 12:11:11,905 [INFO] IPUIPlugin:74 - create IPUIPlugin
2025-09-16 12:11:11,905 [INFO] PluginManager:213 - loadIPPluginJar : add pdm2pcm
2025-09-16 12:11:11,927 [INFO] IPUIPlugin:74 - create IPUIPlugin
2025-09-16 12:11:11,930 [INFO] PluginManager:213 - loadIPPluginJar : add plateformsettings
2025-09-16 12:11:11,989 [INFO] IPUIPlugin:74 - create IPUIPlugin
2025-09-16 12:11:11,990 [INFO] PluginManager:213 - loadIPPluginJar : add quadspi
2025-09-16 12:11:12,010 [INFO] IPUIPlugin:74 - create IPUIPlugin
2025-09-16 12:11:12,010 [INFO] PluginManager:213 - loadIPPluginJar : add resmgrutility
2025-09-16 12:11:12,105 [INFO] IPUIPlugin:74 - create IPUIPlugin
2025-09-16 12:11:12,106 [INFO] PluginManager:213 - loadIPPluginJar : add sai
2025-09-16 12:11:12,183 [INFO] IPUIPlugin:74 - create IPUIPlugin
2025-09-16 12:11:12,184 [INFO] PluginManager:213 - loadIPPluginJar : add spi
2025-09-16 12:11:12,280 [INFO] IPUIPlugin:74 - create IPUIPlugin
2025-09-16 12:11:12,280 [INFO] PluginManager:213 - loadIPPluginJar : add stm32_wpan
2025-09-16 12:11:12,338 [INFO] IPUIPlugin:74 - create IPUIPlugin
2025-09-16 12:11:12,338 [INFO] PluginManager:213 - loadIPPluginJar : add tim
2025-09-16 12:11:12,476 [INFO] IPUIPlugin:74 - create IPUIPlugin
2025-09-16 12:11:12,477 [INFO] PluginManager:213 - loadIPPluginJar : add touchsensing
2025-09-16 12:11:12,551 [INFO] IPUIPlugin:74 - create IPUIPlugin
2025-09-16 12:11:12,551 [INFO] PluginManager:213 - loadIPPluginJar : add tracer_emb
2025-09-16 12:11:12,626 [INFO] IPUIPlugin:74 - create IPUIPlugin
2025-09-16 12:11:12,626 [INFO] PluginManager:213 - loadIPPluginJar : add ts
2025-09-16 12:11:12,699 [INFO] IPUIPlugin:74 - create IPUIPlugin
2025-09-16 12:11:12,699 [INFO] PluginManager:213 - loadIPPluginJar : add tsc
2025-09-16 12:11:12,763 [INFO] IPUIPlugin:74 - create IPUIPlugin
2025-09-16 12:11:12,763 [INFO] PluginManager:213 - loadIPPluginJar : add ucpd
2025-09-16 12:11:12,863 [INFO] IPUIPlugin:74 - create IPUIPlugin
2025-09-16 12:11:12,863 [INFO] PluginManager:213 - loadIPPluginJar : add usart
2025-09-16 12:11:12,952 [INFO] IPUIPlugin:74 - create IPUIPlugin
2025-09-16 12:11:12,953 [INFO] PluginManager:213 - loadIPPluginJar : add usbx
2025-09-16 12:11:13,313 [FATAL] Updater:294 - Updater called before beeing initialized
2025-09-16 12:11:13,443 [FATAL] Updater:294 - Updater called before beeing initialized
2025-09-16 12:11:13,461 [INFO] DbMcusAds:47 - JSON generation date=Tue Jul 08 15:14:23 ICT 2025 (1751962463582)
2025-09-16 12:11:13,462 [FATAL] Updater:294 - Updater called before beeing initialized
2025-09-16 12:11:13,574 [WARN] DetailPanel:314 - Failed to get advertising image, set to default
2025-09-16 12:11:13,727 [FATAL] Updater:294 - Updater called before beeing initialized
2025-09-16 12:11:13,730 [FATAL] Updater:294 - Updater called before beeing initialized
2025-09-16 12:11:13,730 [FATAL] Updater:294 - Updater called before beeing initialized
2025-09-16 12:11:13,730 [WARN] DetailPanel:314 - Failed to get advertising image, set to default
2025-09-16 12:11:13,732 [FATAL] Updater:294 - Updater called before beeing initialized
2025-09-16 12:11:13,810 [ERROR] Updater:1075 - MainUpdater not yet initialized. External WinMGr cannot be set.
2025-09-16 12:11:13,828 [INFO] Updater:1012 - Updater Version found : 6.3.0
2025-09-16 12:11:13,855 [INFO] ApplicationProperties:181 - Using Application install path: D:\STM32CubeIDE_1.7.0\STM32CubeIDE\plugins\com.st.stm32cube.common.mx_6.3.0.202107141111
2025-09-16 12:11:14,239 [INFO] MainUpdater:2671 - connection check result : 10
2025-09-16 12:11:14,240 [INFO] MainUpdater:265 - Updater Check For Update Now.
2025-09-16 12:11:14,240 [INFO] MicroXplorer:478 - Change Database Version : DB.6.0.30
2025-09-16 12:11:14,434 [INFO] CheckServerUpdateThread:112 - End of CheckServer Thread
2025-09-16 12:11:14,508 [INFO] MainUpdater:2671 - connection check result : 10
2025-09-16 12:11:14,948 [INFO] ThirdParty:915 - Integrity check success = true
2025-09-16 12:11:14,948 [INFO] IntegrityCheckThread:94 - exiting critical section [integrity check]
2025-09-16 12:11:14,948 [INFO] IntegrityCheckThread:97 - End integrity checks thread
2025-09-16 12:11:15,298 [INFO] McuFinderGlobals:52 - Set McuFinderConnectedMode to false
2025-09-16 12:11:15,420 [INFO] CrossSelectorPresenter:1330 - Cross Selector saved comparison directory: C:\Users\ACER\.stmcufinder\plugins\mcufinder\mcu\cs_comparisons_mx
2025-09-16 12:11:15,426 [INFO] MultiScanPanel:197 - Auto-refresh data requested => check proxy status ongoing
2025-09-16 12:11:15,426 [INFO] MultiScanPanel:201 - Proxy status is invalid
2025-09-16 12:11:15,430 [INFO] FinderPluginLoader:87 - Searching for filters in installed packs
2025-09-16 12:11:15,431 [INFO] DbMcusXml:100 - Load MCU database from D:\STM32CubeIDE_1.7.0\STM32CubeIDE\plugins\com.st.stm32cube.common.mx_6.3.0.202107141111\\db\/mcu/families.xml
2025-09-16 12:11:16,472 [INFO] DbMcusJson:93 - JSON generation date=Tue Nov 16 23:17:54 ICT 2021 (1637079474)
2025-09-16 12:11:17,241 [INFO] DbMcus:175 - Found 1951 MCUs (1903 are supported by CubeMX, 1914 are visible in CubeMX)
2025-09-16 12:11:17,265 [INFO] ApiDb:251 - Load user favorites file C:\Users\ACER/.stm32cubeide/favorites.mcus.txt: 0 item(s)
2025-09-16 12:11:17,265 [INFO] ApiDb:255 - User favorites MCUs=[]
2025-09-16 12:11:17,265 [INFO] DbMcus:187 - Set 0 / 0 favorites MCUs
2025-09-16 12:11:18,005 [INFO] DetailPanel:309 - Set advertising image to C:/Users/ACER/STM32Cube/Repository/\en.2400x1350px.jpeg
2025-09-16 12:11:18,782 [INFO] DbBoardsPdsc:90 - Found 25 items
2025-09-16 12:11:18,810 [INFO] DbBoardsPdsc:90 - Found 9 items
2025-09-16 12:11:18,838 [INFO] DbBoardsPdsc:90 - Found 33 items
2025-09-16 12:11:18,864 [INFO] DbBoardsPdsc:90 - Found 1 items
2025-09-16 12:11:18,890 [INFO] DbBoardsPdsc:90 - Found 48 items
2025-09-16 12:11:18,917 [INFO] DbBoardsPdsc:90 - Found 43 items
2025-09-16 12:11:18,941 [INFO] DbBoardsPdsc:90 - Found 2 items
2025-09-16 12:11:18,965 [INFO] DbBoardsPdsc:90 - Found 5 items
2025-09-16 12:11:18,969 [WARN] DbBoardsPdsc:254 - Board STM32H7B3I-DK: unknown feature type=Audio, name=, username=Audio stereo codec with Headphone Amp (CS42L51-CNZ), n=1
2025-09-16 12:11:18,971 [WARN] DbBoardsPdsc:254 - Board STM32H735G-DK: unknown feature type=Audio, name=, username=Audio stereo codec with Headphone Amp (WM8994ECS/R), n=1
2025-09-16 12:11:18,973 [WARN] DbBoardsPdsc:254 - Board STM32H7B3I-EVAL: unknown feature type=Audio, name=, username=Multi-Channel Audio Codec (CS42L51-CNZ), n=1
2025-09-16 12:11:18,973 [WARN] DbBoardsPdsc:254 - Board STM32H7B3I-EVAL: unknown feature type=Meter, name=, username=Power-metering and Temperature-monitoring with sigma-delta modulators, n=1
2025-09-16 12:11:18,973 [WARN] DbBoardsPdsc:254 - Board STM32H7B3I-EVAL: unknown feature type=Motor, name=, username=Motor Control, n=1
2025-09-16 12:11:18,974 [WARN] DbBoardsPdsc:254 - Board STM32U575I-EV: unknown feature type=joystick, name=, username=4-direction joystick with selection button, n=1
2025-09-16 12:11:19,039 [INFO] DbBoardsJson:86 - JSON generation date=Tue Nov 16 23:17:54 ICT 2021 (1637079474)
2025-09-16 12:11:19,047 [INFO] DbBoards:117 - Found 167 boards (163 are supported by CubeMX)
2025-09-16 12:11:19,068 [INFO] DbBoardsDocs:143 - JSON generation date=Tue Nov 16 23:17:54 ICT 2021 (1637079474)
2025-09-16 12:11:19,072 [INFO] DbBoardsDocs:79 - Found 209 boards documents
2025-09-16 12:11:19,072 [WARN] DbBoards:127 - board B-L475E-IOT01A2 has no document id list !
2025-09-16 12:11:19,074 [WARN] DbBoards:127 - board NUCLEO-H743ZI has no document id list !
2025-09-16 12:11:19,075 [WARN] DbBoards:127 - board NUCLEO-WL55JC2 has no document id list !
2025-09-16 12:11:19,075 [WARN] DbBoards:127 - board P-NUCLEO-WB55-Nucleo has no document id list !
2025-09-16 12:11:19,076 [WARN] DbBoards:127 - board P-NUCLEO-WB55-USBDongle has no document id list !
2025-09-16 12:11:19,076 [WARN] DbBoards:127 - board STEVAL-BFA001V1B has no document id list !
2025-09-16 12:11:19,076 [WARN] DbBoards:127 - board STEVAL-BFA001V2B has no document id list !
2025-09-16 12:11:19,076 [WARN] DbBoards:127 - board STEVAL-IDP005V1 has no document id list !
2025-09-16 12:11:19,076 [WARN] DbBoards:127 - board STEVAL-IDP005V2 has no document id list !
2025-09-16 12:11:19,076 [WARN] DbBoards:127 - board STEVAL-MKSBOX1V1 has no document id list !
2025-09-16 12:11:19,076 [WARN] DbBoards:127 - board STEVAL-STWINKT1 has no document id list !
2025-09-16 12:11:19,076 [WARN] DbBoards:127 - board STEVAL-STWINKT1B has no document id list !
2025-09-16 12:11:19,076 [WARN] DbBoards:127 - board STM32439I-EVAL2 has no document id list !
2025-09-16 12:11:19,077 [WARN] DbBoards:127 - board STM32F401C-DISCO has no document id list !
2025-09-16 12:11:19,077 [WARN] DbBoards:127 - board STM32F769I-DISC1 has no document id list !
2025-09-16 12:11:19,079 [WARN] DbBoards:127 - board STM32G474E-EVAL1 has no document id list !
2025-09-16 12:11:19,079 [WARN] DbBoards:127 - board STM32H743I-EVAL2 has no document id list !
2025-09-16 12:11:19,079 [WARN] DbBoards:127 - board STM32H747I-DISC1 has no document id list !
2025-09-16 12:11:19,080 [WARN] DbBoards:127 - board STM32H753I-EVAL2 has no document id list !
2025-09-16 12:11:19,080 [WARN] DbBoards:127 - board STM32L-DISCOVERY has no document id list !
2025-09-16 12:11:19,295 [ERROR] DbBoards:189 - Image file not found for board B-U585I-IOT02A: D:\STM32CubeIDE_1.7.0\STM32CubeIDE\plugins\com.st.stm32cube.common.mx_6.3.0.202107141111\\db\/plugins/mcufinder/images/boards/B-U585I-IOT02A_small.jpg
2025-09-16 12:11:19,455 [ERROR] DbBoards:189 - Image file not found for board NUCLEO-F413ZH: D:\STM32CubeIDE_1.7.0\STM32CubeIDE\plugins\com.st.stm32cube.common.mx_6.3.0.202107141111\\db\/plugins/mcufinder/images/boards/nucleo-f413zh_small.jpg
2025-09-16 12:11:19,684 [ERROR] DbBoards:189 - Image file not found for board NUCLEO-L552ZE-Q: D:\STM32CubeIDE_1.7.0\STM32CubeIDE\plugins\com.st.stm32cube.common.mx_6.3.0.202107141111\\db\/plugins/mcufinder/images/boards/nucleo_l552ze_q_small.jpg
2025-09-16 12:11:19,684 [ERROR] DbBoards:189 - Image file not found for board NUCLEO-U575ZI-Q: D:\STM32CubeIDE_1.7.0\STM32CubeIDE\plugins\com.st.stm32cube.common.mx_6.3.0.202107141111\\db\/plugins/mcufinder/images/boards/nucleo-u575zi-q_small.jpg
2025-09-16 12:11:19,684 [ERROR] DbBoards:189 - Image file not found for board NUCLEO-WB15CC: D:\STM32CubeIDE_1.7.0\STM32CubeIDE\plugins\com.st.stm32cube.common.mx_6.3.0.202107141111\\db\/plugins/mcufinder/images/boards/nucleo-wb15cc_small.jpg
2025-09-16 12:11:19,684 [ERROR] DbBoards:189 - Image file not found for board NUCLEO-WB55RG: D:\STM32CubeIDE_1.7.0\STM32CubeIDE\plugins\com.st.stm32cube.common.mx_6.3.0.202107141111\\db\/plugins/mcufinder/images/boards/nucleo-wb55rg_small.jpg
2025-09-16 12:11:22,264 [INFO] ApiDb:251 - Load user favorites file C:\Users\ACER/.stm32cubeide/favorites.boards.txt: 0 item(s)
2025-09-16 12:11:22,265 [INFO] ApiDb:255 - User favorites Boards=[]
2025-09-16 12:11:22,265 [INFO] DbBoards:206 - Set 0 / 0 favorites Boards
2025-09-16 12:11:39,279 [INFO] DbMcusDocs:143 - JSON generation date=Tue Nov 16 23:17:54 ICT 2021 (1637079474)
2025-09-16 12:11:39,618 [INFO] DbMcusDocs:79 - Found 682 MCUs documents
2025-09-16 12:11:52,351 [INFO] MainUpdater:2671 - connection check result : 10
2025-09-16 12:11:52,352 [INFO] MainUpdater:2671 - connection check result : 10
2025-09-16 12:11:52,433 [INFO] MicroXplorer:448 - Change Database Path : 
2025-09-16 12:11:52,433 [INFO] MicroXplorer:478 - Change Database Version : DB.6.0.30
2025-09-16 12:11:52,433 [WARN] ThirdParty:813 - waiting for thirdparty lock release [close project]
2025-09-16 12:11:52,433 [INFO] ThirdParty:815 - entering critical section [close project]
2025-09-16 12:11:52,434 [INFO] ThirdParty:825 - exiting critical section [close project]
2025-09-16 12:11:52,436 [INFO] PinOutPanel:1463 - setPackage(No Configuration,No Configuration)
2025-09-16 12:11:52,436 [INFO] UtilMem:74 - Begin LoadConfig() Used Memory: 961064248 Bytes (1073741824)
2025-09-16 12:11:52,438 [INFO] MicroXplorer:448 - Change Database Path : 
2025-09-16 12:11:52,438 [INFO] MicroXplorer:478 - Change Database Version : DB.6.0.30
2025-09-16 12:11:52,439 [INFO] OpenFileManager:313 - Change cursor
2025-09-16 12:11:53,596 [INFO] Context:592 - Trying to add GPIOservice into a context  which must be forbidden
2025-09-16 12:11:53,863 [INFO] ImportTextPane:167 - (OptionalMessage_ERROR) Unable to find key (Mcu.ThirdPartyNb) in loaded IOC file
2025-09-16 12:11:53,863 [INFO] ImportTextPane:167 - (OptionalMessage_ERROR) Unable to find key (Mcu.PinsNb) in loaded IOC file
2025-09-16 12:11:53,864 [INFO] ImportTextPane:167 - (OptionalMessage_ERROR) Unable to find key (Mcu.IPNb) in loaded IOC file
2025-09-16 12:11:53,908 [INFO] RtosManager:484 - Registered RTOS mode: class=CMSIS, group=RTOS, mode=CMSIS_V1, owner=FREERTOS
2025-09-16 12:11:53,908 [INFO] RtosManager:484 - Registered RTOS mode: class=CMSIS, group=RTOS2, mode=CMSIS_V2, owner=FREERTOS
2025-09-16 12:11:53,909 [INFO] RtosManager:484 - Registered RTOS mode: class=RTOS, group=Core, mode=CMSIS_V1, owner=FREERTOS
2025-09-16 12:11:53,909 [INFO] RtosManager:484 - Registered RTOS mode: class=RTOS, group=Core, mode=CMSIS_V2, owner=FREERTOS
2025-09-16 12:11:53,909 [WARN] ModelIntegratedComponent:181 - Missing modes for component STMicroelectronics:FreeRTOS:0.0.1:STMicroelectronics:RTOS:FreeRTOS:Core:::10.2.0:
2025-09-16 12:11:53,912 [WARN] ModelIntegratedComponent:60 - No mode defined for component null
2025-09-16 12:11:53,912 [WARN] ModelIntegratedComponent:60 - No mode defined for component null
2025-09-16 12:11:53,912 [WARN] ModelIntegratedComponent:60 - No mode defined for component null
2025-09-16 12:11:53,912 [WARN] ModelIntegratedComponent:60 - No mode defined for component null
2025-09-16 12:11:53,912 [WARN] ModelIntegratedComponent:60 - No mode defined for component null
2025-09-16 12:11:53,913 [WARN] ModelIntegratedComponent:60 - No mode defined for component null
2025-09-16 12:11:53,913 [WARN] ModelIntegratedComponent:60 - No mode defined for component null
2025-09-16 12:11:53,913 [WARN] ModelIntegratedComponent:60 - No mode defined for component null
2025-09-16 12:11:53,913 [WARN] ModelIntegratedComponent:60 - No mode defined for component null
2025-09-16 12:11:53,913 [WARN] ModelIntegratedComponent:60 - No mode defined for component null
2025-09-16 12:11:53,913 [WARN] ModelIntegratedComponent:60 - No mode defined for component null
2025-09-16 12:11:53,913 [WARN] ModelIntegratedComponent:60 - No mode defined for component null
2025-09-16 12:11:53,913 [WARN] ModelIntegratedComponent:60 - No mode defined for component null
2025-09-16 12:11:53,913 [WARN] ModelIntegratedComponent:60 - No mode defined for component null
2025-09-16 12:11:53,913 [WARN] ModelIntegratedComponent:60 - No mode defined for component null
2025-09-16 12:11:53,913 [WARN] ModelIntegratedComponent:60 - No mode defined for component null
2025-09-16 12:11:53,914 [WARN] ModelIntegratedComponent:60 - No mode defined for component null
2025-09-16 12:11:53,914 [WARN] ModelIntegratedComponent:60 - No mode defined for component null
2025-09-16 12:11:53,914 [WARN] ModelIntegratedComponent:60 - No mode defined for component null
2025-09-16 12:11:53,914 [WARN] ModelIntegratedComponent:60 - No mode defined for component null
2025-09-16 12:11:53,914 [WARN] ModelIntegratedComponent:60 - No mode defined for component null
2025-09-16 12:11:53,914 [WARN] ModelIntegratedComponent:60 - No mode defined for component null
2025-09-16 12:11:53,914 [WARN] ModelIntegratedComponent:60 - No mode defined for component null
2025-09-16 12:11:53,914 [WARN] ModelIntegratedComponent:60 - No mode defined for component null
2025-09-16 12:11:53,914 [WARN] ModelIntegratedComponent:60 - No mode defined for component null
2025-09-16 12:11:53,914 [WARN] ModelIntegratedComponent:60 - No mode defined for component null
2025-09-16 12:11:53,914 [WARN] ModelIntegratedComponent:60 - No mode defined for component null
2025-09-16 12:11:53,915 [WARN] ModelIntegratedComponent:60 - No mode defined for component null
2025-09-16 12:11:53,915 [WARN] ModelIntegratedComponent:60 - No mode defined for component null
2025-09-16 12:11:53,915 [WARN] ModelIntegratedComponent:60 - No mode defined for component null
2025-09-16 12:11:53,915 [WARN] ModelIntegratedComponent:60 - No mode defined for component null
2025-09-16 12:11:54,065 [INFO] UtilMem:74 - End LoadConfig() Used Memory: 935848144 Bytes (1073741824)
2025-09-16 12:11:54,079 [WARN] ThirdParty:779 - waiting for thirdparty lock release [change project]
2025-09-16 12:11:54,079 [INFO] ThirdParty:781 - entering critical section [change project]
2025-09-16 12:11:54,080 [INFO] ThirdParty:967 - CMSIS Pack Vendor :STMicroelectronics USB_HOST 2.0.0
2025-09-16 12:11:54,080 [INFO] ThirdParty:967 - CMSIS Pack Vendor :STMicroelectronics FreeRTOS 0.0.1
2025-09-16 12:11:54,080 [INFO] ThirdParty:967 - CMSIS Pack Vendor :STMicroelectronics USB_DEVICE 1.0.0
2025-09-16 12:11:54,080 [INFO] ThirdParty:967 - CMSIS Pack Vendor :STMicroelectronics USB_DEVICE 3.0.0
2025-09-16 12:11:54,080 [INFO] ThirdParty:967 - CMSIS Pack Vendor :STMicroelectronics HAL Drivers 0.0.0
2025-09-16 12:11:54,080 [INFO] ThirdParty:967 - CMSIS Pack Vendor :STMicroelectronics MBEDTLS 2.16.2
2025-09-16 12:11:54,080 [INFO] ThirdParty:967 - CMSIS Pack Vendor :STMicroelectronics ThreadX 0.0.2
2025-09-16 12:11:54,080 [INFO] ThirdParty:967 - CMSIS Pack Vendor :STMicroelectronics lwIP 2.0.3
2025-09-16 12:11:54,080 [INFO] ThirdParty:967 - CMSIS Pack Vendor :STMicroelectronics lwIP 2.1.2
2025-09-16 12:11:54,081 [INFO] ThirdParty:967 - CMSIS Pack Vendor :STMicroelectronics MBEDTLS 2.14.1
2025-09-16 12:11:54,081 [INFO] ThirdParty:967 - CMSIS Pack Vendor :STMicroelectronics USB_HOST 1.0.0
2025-09-16 12:11:54,081 [INFO] ThirdParty:967 - CMSIS Pack Vendor :STMicroelectronics PDM2PCM 3.1.0
2025-09-16 12:11:54,081 [INFO] ThirdParty:967 - CMSIS Pack Vendor :STMicroelectronics PDM2PCM 3.2.0
2025-09-16 12:11:54,081 [INFO] ThirdParty:967 - CMSIS Pack Vendor :STMicroelectronics USB_DEVICE 2.0.0
2025-09-16 12:11:54,081 [INFO] ThirdParty:967 - CMSIS Pack Vendor :STMicroelectronics PDM2PCM 3.3.0
2025-09-16 12:11:54,081 [INFO] ThirdParty:787 - exiting critical section [change project]
2025-09-16 12:11:54,373 [INFO] PinOutPanel:1463 - setPackage(No Configuration,No Configuration)
2025-09-16 12:11:54,375 [INFO] PinOutPanel:1463 - setPackage(STM32F103C6Ux,UFQFPN48)
2025-09-16 12:11:54,832 [INFO] UtilMem:74 - Before build in PCC Used Memory: 940072584 Bytes (1073741824)
2025-09-16 12:11:55,547 [INFO] UtilMem:74 - After build in PCC Used Memory: 975573840 Bytes (1073741824)
2025-09-16 12:11:55,587 [INFO] IPUIPlugin:74 - create IPUIPlugin
2025-09-16 12:11:55,587 [INFO] IPUIPlugin:74 - create IPUIPlugin
2025-09-16 12:11:55,587 [INFO] IPUIPlugin:74 - create IPUIPlugin
2025-09-16 12:11:55,588 [INFO] IPUIPlugin:74 - create IPUIPlugin
2025-09-16 12:11:55,588 [INFO] IPUIPlugin:74 - create IPUIPlugin
2025-09-16 12:11:55,588 [INFO] IPUIPlugin:74 - create IPUIPlugin
2025-09-16 12:11:55,588 [INFO] IPUIPlugin:74 - create IPUIPlugin
2025-09-16 12:11:55,588 [INFO] IPUIPlugin:74 - create IPUIPlugin
2025-09-16 12:11:55,588 [INFO] IPUIPlugin:74 - create IPUIPlugin
2025-09-16 12:11:55,589 [INFO] IPUIPlugin:74 - create IPUIPlugin
2025-09-16 12:11:55,589 [INFO] IPUIPlugin:74 - create IPUIPlugin
2025-09-16 12:11:55,589 [INFO] IPUIPlugin:74 - create IPUIPlugin
2025-09-16 12:11:55,590 [INFO] IPUIPlugin:74 - create IPUIPlugin
2025-09-16 12:11:55,590 [INFO] IPUIPlugin:74 - create IPUIPlugin
2025-09-16 12:11:55,590 [INFO] IPUIPlugin:74 - create IPUIPlugin
2025-09-16 12:11:55,591 [INFO] IPUIPlugin:74 - create IPUIPlugin
2025-09-16 12:11:55,591 [INFO] IPUIPlugin:74 - create IPUIPlugin
2025-09-16 12:11:55,591 [INFO] IPUIPlugin:74 - create IPUIPlugin
2025-09-16 12:11:55,592 [INFO] IPUIPlugin:74 - create IPUIPlugin
2025-09-16 12:11:55,592 [INFO] IPUIPlugin:74 - create IPUIPlugin
2025-09-16 12:11:55,593 [INFO] IPUIPlugin:74 - create IPUIPlugin
2025-09-16 12:11:55,593 [INFO] IPUIPlugin:74 - create IPUIPlugin
2025-09-16 12:11:55,594 [INFO] IPUIPlugin:74 - create IPUIPlugin
2025-09-16 12:11:55,752 [INFO] OpenFileManager:333 - Restore cursor
2025-09-16 12:11:56,139 [INFO] UtilMem:74 - End SaveConfig() Used Memory: 949630728 Bytes (1073741824)
2025-09-16 12:11:56,193 [INFO] UtilMem:74 - End SaveConfig() Used Memory: 961691400 Bytes (1073741824)
2025-09-16 12:11:56,562 [INFO] BlockDiagram:2740 - set Specific Code input for plugin: NVIC
2025-09-16 12:11:56,562 [INFO] BlockDiagram:2740 - set Specific Code input for plugin: SYS
2025-09-16 12:11:56,562 [INFO] BlockDiagram:2740 - set Specific Code input for plugin: RCC
2025-09-16 12:11:56,563 [INFO] CodeGenerator:663 - code generatio: config db path: D:\STM32CubeIDE_1.7.0\STM32CubeIDE\plugins\com.st.stm32cube.common.mx_6.3.0.202107141111\\db\
2025-09-16 12:11:57,336 [INFO] CodeEngine:239 - oldGeneratedFile, D:\New folder (2)\LAB 1.5\MXTmpFiles\license.tmp_save
2025-09-16 12:11:57,774 [INFO] CodeEngine:257 - Generated code: D:\New folder (2)\LAB 1.5\MXTmpFiles\license.tmp
2025-09-16 12:11:57,950 [INFO] CodeEngine:239 - oldGeneratedFile, D:\New folder (2)\LAB 1.5\Core\Src\stm32f1xx_it.c_save
2025-09-16 12:11:58,144 [INFO] CodeEngine:257 - Generated code: D:\New folder (2)\LAB 1.5\Core\Src\stm32f1xx_it.c
2025-09-16 12:11:58,157 [INFO] CodeEngine:239 - oldGeneratedFile, D:\New folder (2)\LAB 1.5\Core\Inc\stm32f1xx_it.h_save
2025-09-16 12:11:58,263 [INFO] CodeEngine:257 - Generated code: D:\New folder (2)\LAB 1.5\Core\Inc\stm32f1xx_it.h
2025-09-16 12:11:58,285 [INFO] CodeEngine:239 - oldGeneratedFile, D:\New folder (2)\LAB 1.5\Core\Src\stm32f1xx_hal_msp.c_save
2025-09-16 12:11:58,440 [INFO] CodeEngine:257 - Generated code: D:\New folder (2)\LAB 1.5\Core\Src\stm32f1xx_hal_msp.c
2025-09-16 12:11:58,451 [INFO] CodeEngine:239 - oldGeneratedFile, D:\New folder (2)\LAB 1.5\MXTmpFiles\system.tmp_save
2025-09-16 12:11:58,538 [INFO] CodeEngine:257 - Generated code: D:\New folder (2)\LAB 1.5\MXTmpFiles\system.tmp
2025-09-16 12:11:58,560 [INFO] CodeEngine:239 - oldGeneratedFile, D:\New folder (2)\LAB 1.5\Core\Inc\stm32f1xx_hal_conf.h_save
2025-09-16 12:11:58,719 [INFO] CodeEngine:257 - Generated code: D:\New folder (2)\LAB 1.5\Core\Inc\stm32f1xx_hal_conf.h
2025-09-16 12:11:58,791 [INFO] CodeEngine:239 - oldGeneratedFile, D:\New folder (2)\LAB 1.5\Core\Inc\main.h_save
2025-09-16 12:11:58,926 [INFO] CodeEngine:257 - Generated code: D:\New folder (2)\LAB 1.5\Core\Inc\main.h
2025-09-16 12:11:58,946 [INFO] CodeEngine:239 - oldGeneratedFile, D:\New folder (2)\LAB 1.5\Core\Src\main.c_save
2025-09-16 12:11:59,130 [INFO] CodeEngine:257 - Generated code: D:\New folder (2)\LAB 1.5\Core\Src\main.c
2025-09-16 12:12:00,068 [INFO] ProjectBuilder:2578 - Time for Copy HAL[1] : 98mS.
2025-09-16 12:12:00,074 [INFO] ProjectBuilder:3622 - Project Generator version: 3.14.1
2025-09-16 12:12:00,928 [INFO] ConfigFileManager:1271 - The Die is : DIE412
2025-09-16 12:12:00,962 [INFO] ApiDbMcu:468 - Load IP Config File for FATFS
2025-09-16 12:12:01,008 [INFO] ApiDbMcu:468 - Load IP Config File for FREERTOS
2025-09-16 12:12:01,056 [INFO] ApiDbMcu:468 - Load IP Config File for USB_DEVICE
2025-09-16 12:12:07,148 [INFO] ProjectBuilder:3789 - Time for Generating toolchain IDE Files: 7074mS.
2025-09-16 12:12:07,149 [INFO] ProjectBuilder:2457 - Time for Copy CMSIS : 1mS.
2025-09-16 12:12:07,150 [INFO] ProjectBuilder:2457 - Time for Copy CMSIS : 0mS.
2025-09-16 12:12:08,321 [INFO] McuFinderGlobals:52 - Set McuFinderConnectedMode to true
2025-09-16 12:12:08,323 [INFO] ApiDb:276 - Save user favorites file C:\Users\ACER/.stm32cubeide/favorites.mcus.txt: 0 item(s)
2025-09-16 12:12:08,324 [INFO] ApiDb:280 - User favorites MCUs=[]
2025-09-16 12:27:43,876 [INFO] Gpio:254 - dependency for GPIO []
2025-09-16 12:27:45,866 [INFO] UtilMem:74 - End SaveConfig() Used Memory: 917506656 Bytes (1073741824)
2025-09-16 12:27:47,091 [INFO] UtilMem:74 - End SaveConfig() Used Memory: 937119096 Bytes (1073741824)
2025-09-16 12:27:48,680 [INFO] UtilMem:74 - End SaveConfig() Used Memory: 957304048 Bytes (1073741824)
2025-09-16 12:27:49,147 [INFO] BlockDiagram:2740 - set Specific Code input for plugin: NVIC
2025-09-16 12:27:49,148 [INFO] BlockDiagram:2740 - set Specific Code input for plugin: SYS
2025-09-16 12:27:49,148 [INFO] BlockDiagram:2740 - set Specific Code input for plugin: GPIO
2025-09-16 12:27:49,148 [INFO] BlockDiagram:2740 - set Specific Code input for plugin: RCC
2025-09-16 12:27:49,149 [INFO] CodeGenerator:663 - code generatio: config db path: D:\STM32CubeIDE_1.7.0\STM32CubeIDE\plugins\com.st.stm32cube.common.mx_6.3.0.202107141111\\db\
2025-09-16 12:27:49,476 [INFO] CodeEngine:239 - oldGeneratedFile, D:\New folder (2)\LAB 1.5\MXTmpFiles\license.tmp_save
2025-09-16 12:27:49,641 [INFO] CodeEngine:257 - Generated code: D:\New folder (2)\LAB 1.5\MXTmpFiles\license.tmp
2025-09-16 12:27:49,772 [INFO] CodeEngine:239 - oldGeneratedFile, D:\New folder (2)\LAB 1.5\MXTmpFiles\gpio.tmp_save
2025-09-16 12:27:49,886 [INFO] CodeEngine:257 - Generated code: D:\New folder (2)\LAB 1.5\MXTmpFiles\gpio.tmp
2025-09-16 12:27:49,979 [INFO] CodeEngine:239 - oldGeneratedFile, D:\New folder (2)\LAB 1.5\Core\Src\stm32f1xx_it.c_save
2025-09-16 12:27:50,108 [INFO] CodeEngine:257 - Generated code: D:\New folder (2)\LAB 1.5\Core\Src\stm32f1xx_it.c
2025-09-16 12:27:50,111 [INFO] CodeEngine:239 - oldGeneratedFile, D:\New folder (2)\LAB 1.5\Core\Inc\stm32f1xx_it.h_save
2025-09-16 12:27:50,226 [INFO] CodeEngine:257 - Generated code: D:\New folder (2)\LAB 1.5\Core\Inc\stm32f1xx_it.h
2025-09-16 12:27:50,234 [INFO] CodeEngine:239 - oldGeneratedFile, D:\New folder (2)\LAB 1.5\Core\Src\stm32f1xx_hal_msp.c_save
2025-09-16 12:27:50,396 [INFO] CodeEngine:257 - Generated code: D:\New folder (2)\LAB 1.5\Core\Src\stm32f1xx_hal_msp.c
2025-09-16 12:27:50,398 [INFO] CodeEngine:239 - oldGeneratedFile, D:\New folder (2)\LAB 1.5\MXTmpFiles\system.tmp_save
2025-09-16 12:27:50,471 [INFO] CodeEngine:257 - Generated code: D:\New folder (2)\LAB 1.5\MXTmpFiles\system.tmp
2025-09-16 12:27:50,478 [INFO] CodeEngine:239 - oldGeneratedFile, D:\New folder (2)\LAB 1.5\Core\Inc\stm32f1xx_hal_conf.h_save
2025-09-16 12:27:50,612 [INFO] CodeEngine:257 - Generated code: D:\New folder (2)\LAB 1.5\Core\Inc\stm32f1xx_hal_conf.h
2025-09-16 12:27:50,644 [INFO] CodeEngine:239 - oldGeneratedFile, D:\New folder (2)\LAB 1.5\Core\Inc\main.h_save
2025-09-16 12:27:50,762 [INFO] CodeEngine:257 - Generated code: D:\New folder (2)\LAB 1.5\Core\Inc\main.h
2025-09-16 12:27:50,765 [INFO] CodeEngine:239 - oldGeneratedFile, D:\New folder (2)\LAB 1.5\Core\Src\main.c_save
2025-09-16 12:27:50,909 [INFO] CodeEngine:257 - Generated code: D:\New folder (2)\LAB 1.5\Core\Src\main.c
2025-09-16 12:27:52,208 [INFO] ProjectBuilder:2578 - Time for Copy HAL[1] : 67mS.
2025-09-16 12:27:52,214 [INFO] ProjectBuilder:3622 - Project Generator version: 3.14.1
2025-09-16 12:27:52,762 [INFO] ConfigFileManager:1271 - The Die is : DIE412
2025-09-16 12:27:56,086 [INFO] ProjectBuilder:3789 - Time for Generating toolchain IDE Files: 3872mS.
2025-09-16 12:27:56,087 [INFO] ProjectBuilder:2457 - Time for Copy CMSIS : 1mS.
2025-09-16 12:27:56,088 [INFO] ProjectBuilder:2457 - Time for Copy CMSIS : 0mS.
2025-09-16 13:30:55,985 [INFO] Activator:177 - 


2025-09-16 13:30:55,987 [INFO] Activator:178 - !SESSION log4j initialized
2025-09-16 13:31:45,021 [INFO] McuFinderGlobals:39 - Set McuFinder mode to 2 (CubeIDE integrated)
2025-09-16 13:31:45,675 [INFO] ApplicationProperties:181 - Using Application install path: D:\STM32CubeIDE_1.7.0\STM32CubeIDE\plugins\com.st.stm32cube.common.mx_6.3.0.202107141111
2025-09-16 13:31:45,688 [INFO] DbMcusXml:74 - Set database path to: D:\STM32CubeIDE_1.7.0\STM32CubeIDE\plugins\com.st.stm32cube.common.mx_6.3.0.202107141111\\db\/mcu/
2025-09-16 13:31:45,693 [INFO] DbBoardsPdsc:56 - Set plugin database path to: D:\STM32CubeIDE_1.7.0\STM32CubeIDE\plugins\com.st.stm32cube.common.mx_6.3.0.202107141111\\db\/plugins/boardmanager/
2025-09-16 13:31:45,693 [INFO] DbMcus:258 - Set plugin images path to: D:\STM32CubeIDE_1.7.0\STM32CubeIDE\plugins\com.st.stm32cube.common.mx_6.3.0.202107141111\\db\/plugins/mcufinder/images/
2025-09-16 13:31:45,693 [INFO] DbBoards:264 - Set plugin images path to: D:\STM32CubeIDE_1.7.0\STM32CubeIDE\plugins\com.st.stm32cube.common.mx_6.3.0.202107141111\\db\/plugins/mcufinder/images/
2025-09-16 13:31:45,696 [INFO] DbExamples:333 - Set plugin images path to: D:\STM32CubeIDE_1.7.0\STM32CubeIDE\plugins\com.st.stm32cube.common.mx_6.3.0.202107141111\\db\/plugins/mcufinder/images/
2025-09-16 13:31:47,097 [ERROR] ApiFinderProperties:213 - Failed to read file additional_hw_images/X-NUCLEO-S2915A1.jpg: C:\Users\ACER\.stmcufinder\plugins\mcufinder\mcu\additional_hw_images\X-NUCLEO-S2915A1.jpg (The system cannot find the path specified)
2025-09-16 13:31:47,101 [ERROR] ApiFinderProperties:213 - Failed to read file additional_hw_images/X-NUCLEO-S2868A2.jpg: C:\Users\ACER\.stmcufinder\plugins\mcufinder\mcu\additional_hw_images\X-NUCLEO-S2868A2.jpg (The system cannot find the path specified)
2025-09-16 13:31:47,104 [ERROR] ApiFinderProperties:213 - Failed to read file additional_hw_images/X-NUCLEO-S2868A1.jpg: C:\Users\ACER\.stmcufinder\plugins\mcufinder\mcu\additional_hw_images\X-NUCLEO-S2868A1.jpg (The system cannot find the path specified)
2025-09-16 13:31:47,107 [ERROR] ApiFinderProperties:213 - Failed to read file additional_hw_images/X-NUCLEO-NFC04A1.jpg: C:\Users\ACER\.stmcufinder\plugins\mcufinder\mcu\additional_hw_images\X-NUCLEO-NFC04A1.jpg (The system cannot find the path specified)
2025-09-16 13:31:47,110 [ERROR] ApiFinderProperties:213 - Failed to read file additional_hw_images/X-NUCLEO-IDB05A2.jpg: C:\Users\ACER\.stmcufinder\plugins\mcufinder\mcu\additional_hw_images\X-NUCLEO-IDB05A2.jpg (The system cannot find the path specified)
2025-09-16 13:31:47,111 [ERROR] ApiFinderProperties:213 - Failed to read file additional_hw_images/X-NUCLEO-EEPRMA2.jpg: C:\Users\ACER\.stmcufinder\plugins\mcufinder\mcu\additional_hw_images\X-NUCLEO-EEPRMA2.jpg (The system cannot find the path specified)
2025-09-16 13:31:47,114 [ERROR] ApiFinderProperties:213 - Failed to read file additional_hw_images/X-NUCLEO-EEPRMA1.jpg: C:\Users\ACER\.stmcufinder\plugins\mcufinder\mcu\additional_hw_images\X-NUCLEO-EEPRMA1.jpg (The system cannot find the path specified)
2025-09-16 13:31:47,116 [ERROR] ApiFinderProperties:213 - Failed to read file additional_hw_images/X-NUCLEO-6283A1.jpg: C:\Users\ACER\.stmcufinder\plugins\mcufinder\mcu\additional_hw_images\X-NUCLEO-6283A1.jpg (The system cannot find the path specified)
2025-09-16 13:31:47,118 [ERROR] ApiFinderProperties:213 - Failed to read file additional_hw_images/VD6283TX.jpg: C:\Users\ACER\.stmcufinder\plugins\mcufinder\mcu\additional_hw_images\VD6283TX.jpg (The system cannot find the path specified)
2025-09-16 13:31:47,120 [ERROR] ApiFinderProperties:213 - Failed to read file additional_hw_images/ST25DV04K.jpg: C:\Users\ACER\.stmcufinder\plugins\mcufinder\mcu\additional_hw_images\ST25DV04K.jpg (The system cannot find the path specified)
2025-09-16 13:31:47,122 [ERROR] ApiFinderProperties:213 - Failed to read file additional_hw_images/S2-LP.jpg: C:\Users\ACER\.stmcufinder\plugins\mcufinder\mcu\additional_hw_images\S2-LP.jpg (The system cannot find the path specified)
2025-09-16 13:31:47,123 [ERROR] ApiFinderProperties:213 - Failed to read file additional_hw_images/M95M04-DR.jpg: C:\Users\ACER\.stmcufinder\plugins\mcufinder\mcu\additional_hw_images\M95M04-DR.jpg (The system cannot find the path specified)
2025-09-16 13:31:47,124 [ERROR] ApiFinderProperties:213 - Failed to read file additional_hw_images/M95M01-DF.jpg: C:\Users\ACER\.stmcufinder\plugins\mcufinder\mcu\additional_hw_images\M95M01-DF.jpg (The system cannot find the path specified)
2025-09-16 13:31:47,124 [ERROR] ApiFinderProperties:213 - Failed to read file additional_hw_images/M95256-DF.jpg: C:\Users\ACER\.stmcufinder\plugins\mcufinder\mcu\additional_hw_images\M95256-DF.jpg (The system cannot find the path specified)
2025-09-16 13:31:47,124 [ERROR] ApiFinderProperties:213 - Failed to read file additional_hw_images/M95040-R.jpg: C:\Users\ACER\.stmcufinder\plugins\mcufinder\mcu\additional_hw_images\M95040-R.jpg (The system cannot find the path specified)
2025-09-16 13:31:47,125 [ERROR] ApiFinderProperties:213 - Failed to read file additional_hw_images/M24M01-DF.jpg: C:\Users\ACER\.stmcufinder\plugins\mcufinder\mcu\additional_hw_images\M24M01-DF.jpg (The system cannot find the path specified)
2025-09-16 13:31:47,125 [ERROR] ApiFinderProperties:213 - Failed to read file additional_hw_images/M24C02-F.jpg: C:\Users\ACER\.stmcufinder\plugins\mcufinder\mcu\additional_hw_images\M24C02-F.jpg (The system cannot find the path specified)
2025-09-16 13:31:47,126 [ERROR] ApiFinderProperties:213 - Failed to read file additional_hw_images/M24256-DF.jpg: C:\Users\ACER\.stmcufinder\plugins\mcufinder\mcu\additional_hw_images\M24256-DF.jpg (The system cannot find the path specified)
2025-09-16 13:31:47,126 [ERROR] ApiFinderProperties:213 - Failed to read file additional_hw_images/BlueNRG-M0.jpg: C:\Users\ACER\.stmcufinder\plugins\mcufinder\mcu\additional_hw_images\BlueNRG-M0.jpg (The system cannot find the path specified)
2025-09-16 13:31:47,268 [WARN] ApiFinderProperties:104 - C:\Users\ACER\.stmcufinder\plugins\mcufinder\mcu\mcuFinder.mfd doesn't exist
2025-09-16 13:31:47,270 [INFO] DbMcusAds:119 - Set database path to: C:\Users\ACER\.stmcufinder\plugins\mcufinder//mcu/
2025-09-16 13:31:47,271 [INFO] DbMcusDocs:110 - Set database path to: C:\Users\ACER\.stmcufinder\plugins\mcufinder//mcu/
2025-09-16 13:31:47,273 [INFO] DbMcusJson:64 - Set database path to: C:\Users\ACER\.stmcufinder\plugins\mcufinder//mcu/
2025-09-16 13:31:47,274 [INFO] DbBoardsDocs:110 - Set database path to: C:\Users\ACER\.stmcufinder\plugins\mcufinder//mcu/
2025-09-16 13:31:47,276 [INFO] DbBoardsJson:57 - Set database path to: C:\Users\ACER\.stmcufinder\plugins\mcufinder//mcu/
2025-09-16 13:31:58,564 [INFO] CrossReferenceDbSqlite:196 - Set database path to: C:\Users\ACER\.stmcufinder\plugins\mcufinder//mcu/cs/
2025-09-16 13:31:58,569 [INFO] DbExamplesSqlite:767 - Set database path to: C:\Users\ACER\.stmcufinder\plugins\mcufinder//mcu/
2025-09-16 13:31:58,687 [INFO] RulesReader:57 - Compatibility file has been processed (242 Rules)
2025-09-16 13:31:58,791 [INFO] DbMcusXml:74 - Set database path to: D:\STM32CubeIDE_1.7.0\STM32CubeIDE\plugins\com.st.stm32cube.common.mx_6.3.0.202107141111\\db\/mcu/
2025-09-16 13:31:58,792 [INFO] DbBoardsPdsc:56 - Set plugin database path to: D:\STM32CubeIDE_1.7.0\STM32CubeIDE\plugins\com.st.stm32cube.common.mx_6.3.0.202107141111\\db\/plugins/boardmanager/
2025-09-16 13:31:58,792 [INFO] DbMcus:258 - Set plugin images path to: D:\STM32CubeIDE_1.7.0\STM32CubeIDE\plugins\com.st.stm32cube.common.mx_6.3.0.202107141111\\db\/plugins/mcufinder/images/
2025-09-16 13:31:58,792 [INFO] DbBoards:264 - Set plugin images path to: D:\STM32CubeIDE_1.7.0\STM32CubeIDE\plugins\com.st.stm32cube.common.mx_6.3.0.202107141111\\db\/plugins/mcufinder/images/
2025-09-16 13:31:58,792 [INFO] DbExamples:333 - Set plugin images path to: D:\STM32CubeIDE_1.7.0\STM32CubeIDE\plugins\com.st.stm32cube.common.mx_6.3.0.202107141111\\db\/plugins/mcufinder/images/
2025-09-16 13:31:58,792 [WARN] DbFile:35 - Overriding database path with different value: C:\Users\ACER\.stmcufinder\plugins\mcufinder/ => C:\Users\ACER\.stmcufinder\plugins\mcufinder
2025-09-16 13:31:58,792 [INFO] DbMcusAds:119 - Set database path to: C:\Users\ACER\.stmcufinder\plugins\mcufinder//mcu/
2025-09-16 13:31:58,792 [WARN] DbFile:35 - Overriding database path with different value: C:\Users\ACER\.stmcufinder\plugins\mcufinder/ => C:\Users\ACER\.stmcufinder\plugins\mcufinder
2025-09-16 13:31:58,792 [INFO] DbMcusDocs:110 - Set database path to: C:\Users\ACER\.stmcufinder\plugins\mcufinder//mcu/
2025-09-16 13:31:58,793 [WARN] DbFile:35 - Overriding database path with different value: C:\Users\ACER\.stmcufinder\plugins\mcufinder/ => C:\Users\ACER\.stmcufinder\plugins\mcufinder
2025-09-16 13:31:58,793 [INFO] DbMcusJson:64 - Set database path to: C:\Users\ACER\.stmcufinder\plugins\mcufinder//mcu/
2025-09-16 13:31:58,793 [WARN] DbFile:35 - Overriding database path with different value: C:\Users\ACER\.stmcufinder\plugins\mcufinder/ => C:\Users\ACER\.stmcufinder\plugins\mcufinder
2025-09-16 13:31:58,793 [INFO] DbBoardsDocs:110 - Set database path to: C:\Users\ACER\.stmcufinder\plugins\mcufinder//mcu/
2025-09-16 13:31:58,793 [WARN] DbFile:35 - Overriding database path with different value: C:\Users\ACER\.stmcufinder\plugins\mcufinder/ => C:\Users\ACER\.stmcufinder\plugins\mcufinder
2025-09-16 13:31:58,793 [INFO] DbBoardsJson:57 - Set database path to: C:\Users\ACER\.stmcufinder\plugins\mcufinder//mcu/
2025-09-16 13:31:58,793 [WARN] DbFile:35 - Overriding database path with different value: C:\Users\ACER\.stmcufinder\plugins\mcufinder/ => C:\Users\ACER\.stmcufinder\plugins\mcufinder
2025-09-16 13:31:58,793 [WARN] DbFile:35 - Overriding database path with different value: C:\Users\ACER\.stmcufinder\plugins\mcufinder/ => C:\Users\ACER\.stmcufinder\plugins\mcufinder
2025-09-16 13:31:58,793 [INFO] CrossReferenceDbSqlite:196 - Set database path to: C:\Users\ACER\.stmcufinder\plugins\mcufinder//mcu/cs/
2025-09-16 13:31:58,793 [WARN] DbFile:35 - Overriding database path with different value: C:\Users\ACER\.stmcufinder\plugins\mcufinder/ => C:\Users\ACER\.stmcufinder\plugins\mcufinder
2025-09-16 13:31:58,794 [INFO] DbExamplesSqlite:767 - Set database path to: C:\Users\ACER\.stmcufinder\plugins\mcufinder//mcu/
2025-09-16 13:31:58,874 [INFO] MainPanel:214 - HeapMemory: 268435456
2025-09-16 13:31:58,982 [INFO] DbMcusXml:74 - Set database path to: D:\STM32CubeIDE_1.7.0\STM32CubeIDE\plugins\com.st.stm32cube.common.mx_6.3.0.202107141111\\db\/mcu/
2025-09-16 13:31:58,983 [INFO] DbBoardsPdsc:56 - Set plugin database path to: D:\STM32CubeIDE_1.7.0\STM32CubeIDE\plugins\com.st.stm32cube.common.mx_6.3.0.202107141111\\db\/plugins/boardmanager/
2025-09-16 13:31:58,983 [INFO] DbMcus:258 - Set plugin images path to: D:\STM32CubeIDE_1.7.0\STM32CubeIDE\plugins\com.st.stm32cube.common.mx_6.3.0.202107141111\\db\/plugins/mcufinder/images/
2025-09-16 13:31:58,983 [INFO] DbBoards:264 - Set plugin images path to: D:\STM32CubeIDE_1.7.0\STM32CubeIDE\plugins\com.st.stm32cube.common.mx_6.3.0.202107141111\\db\/plugins/mcufinder/images/
2025-09-16 13:31:58,983 [INFO] DbExamples:333 - Set plugin images path to: D:\STM32CubeIDE_1.7.0\STM32CubeIDE\plugins\com.st.stm32cube.common.mx_6.3.0.202107141111\\db\/plugins/mcufinder/images/
2025-09-16 13:31:58,984 [WARN] DbFile:35 - Overriding database path with different value: C:\Users\ACER\.stmcufinder\plugins\mcufinder/ => C:\Users\ACER\.stmcufinder\plugins\mcufinder
2025-09-16 13:31:58,984 [INFO] DbMcusAds:119 - Set database path to: C:\Users\ACER\.stmcufinder\plugins\mcufinder//mcu/
2025-09-16 13:31:58,984 [WARN] DbFile:35 - Overriding database path with different value: C:\Users\ACER\.stmcufinder\plugins\mcufinder/ => C:\Users\ACER\.stmcufinder\plugins\mcufinder
2025-09-16 13:31:58,984 [INFO] DbMcusDocs:110 - Set database path to: C:\Users\ACER\.stmcufinder\plugins\mcufinder//mcu/
2025-09-16 13:31:58,984 [WARN] DbFile:35 - Overriding database path with different value: C:\Users\ACER\.stmcufinder\plugins\mcufinder/ => C:\Users\ACER\.stmcufinder\plugins\mcufinder
2025-09-16 13:31:58,984 [INFO] DbMcusJson:64 - Set database path to: C:\Users\ACER\.stmcufinder\plugins\mcufinder//mcu/
2025-09-16 13:31:58,984 [WARN] DbFile:35 - Overriding database path with different value: C:\Users\ACER\.stmcufinder\plugins\mcufinder/ => C:\Users\ACER\.stmcufinder\plugins\mcufinder
2025-09-16 13:31:58,984 [INFO] DbBoardsDocs:110 - Set database path to: C:\Users\ACER\.stmcufinder\plugins\mcufinder//mcu/
2025-09-16 13:31:58,984 [WARN] DbFile:35 - Overriding database path with different value: C:\Users\ACER\.stmcufinder\plugins\mcufinder/ => C:\Users\ACER\.stmcufinder\plugins\mcufinder
2025-09-16 13:31:58,984 [INFO] DbBoardsJson:57 - Set database path to: C:\Users\ACER\.stmcufinder\plugins\mcufinder//mcu/
2025-09-16 13:31:58,985 [WARN] DbFile:35 - Overriding database path with different value: C:\Users\ACER\.stmcufinder\plugins\mcufinder/ => C:\Users\ACER\.stmcufinder\plugins\mcufinder
2025-09-16 13:31:58,985 [WARN] DbFile:35 - Overriding database path with different value: C:\Users\ACER\.stmcufinder\plugins\mcufinder/ => C:\Users\ACER\.stmcufinder\plugins\mcufinder
2025-09-16 13:31:58,985 [INFO] CrossReferenceDbSqlite:196 - Set database path to: C:\Users\ACER\.stmcufinder\plugins\mcufinder//mcu/cs/
2025-09-16 13:31:58,985 [WARN] DbFile:35 - Overriding database path with different value: C:\Users\ACER\.stmcufinder\plugins\mcufinder/ => C:\Users\ACER\.stmcufinder\plugins\mcufinder
2025-09-16 13:31:58,985 [INFO] DbExamplesSqlite:767 - Set database path to: C:\Users\ACER\.stmcufinder\plugins\mcufinder//mcu/
2025-09-16 13:31:59,009 [INFO] ApplicationProperties:181 - Using Application install path: D:\STM32CubeIDE_1.7.0\STM32CubeIDE\plugins\com.st.stm32cube.common.mx_6.3.0.202107141111
2025-09-16 13:31:59,010 [INFO] PluginManage:188 - Search for loadable plugins [exclusion list=, ]
2025-09-16 13:31:59,012 [INFO] PluginManage:302 - Check plugin analytics
2025-09-16 13:32:10,463 [INFO] AnalyticsPlugin:257 - Accepted Software Licenses: 
2025-09-16 13:32:10,464 [INFO] AnalyticsPlugin:259 - Accepted CMSIS Pack Licenses: 
2025-09-16 13:32:10,465 [INFO] AnalyticsPlugin:261 - Accepted Firmware Licenses: 
2025-09-16 13:32:10,465 [INFO] PluginManage:352 - Loaded plugin analytics (category:tool,tabindex:-1)
2025-09-16 13:32:10,465 [INFO] PluginManage:302 - Check plugin clock
2025-09-16 13:32:10,498 [INFO] PluginManage:352 - Loaded plugin clock (category:base,tabindex:2)
2025-09-16 13:32:10,498 [INFO] PluginManage:302 - Check plugin ddr
2025-09-16 13:32:10,501 [INFO] PluginManage:352 - Loaded plugin ddr (category:tool,tabindex:6)
2025-09-16 13:32:10,501 [INFO] PluginManage:302 - Check plugin filemanager
2025-09-16 13:32:10,694 [INFO] PluginManage:352 - Loaded plugin filemanager (category:base,tabindex:10)
2025-09-16 13:32:10,694 [INFO] PluginManage:302 - Check plugin ipmanager
2025-09-16 13:32:10,706 [INFO] PluginManage:352 - Loaded plugin ipmanager (category:base,tabindex:5)
2025-09-16 13:32:10,707 [INFO] PluginManage:302 - Check plugin pinoutandconfiguration
2025-09-16 13:32:10,734 [INFO] PluginManage:352 - Loaded plugin pinoutandconfiguration (category:base,tabindex:1)
2025-09-16 13:32:10,734 [INFO] PluginManage:302 - Check plugin pinoutconfig
2025-09-16 13:32:10,782 [INFO] PluginManage:352 - Loaded plugin pinoutconfig (category:base,tabindex:0)
2025-09-16 13:32:10,783 [INFO] PluginManage:302 - Check plugin power
2025-09-16 13:32:10,814 [INFO] PluginManage:352 - Loaded plugin power (category:power,tabindex:4)
2025-09-16 13:32:10,814 [INFO] PluginManage:302 - Check plugin projectmanager
2025-09-16 13:32:10,833 [INFO] PluginManage:352 - Loaded plugin projectmanager (category:projectmanager,tabindex:3)
2025-09-16 13:32:10,833 [INFO] PluginManage:302 - Check plugin thirdparty
2025-09-16 13:32:11,141 [WARN] IntegrityCheckThread:78 - waiting for thirdparty lock release [integrity check]
2025-09-16 13:32:11,142 [INFO] PluginManage:352 - Loaded plugin thirdparty (category:base,tabindex:-1)
2025-09-16 13:32:11,143 [INFO] IntegrityCheckThread:80 - entering critical section [integrity check]
2025-09-16 13:32:11,143 [INFO] PluginManage:302 - Check plugin tools
2025-09-16 13:32:11,143 [INFO] ThirdPartyUpdaterWithRetryManager:66 - Updater plugin not ready yet. [1/15]
2025-09-16 13:32:11,253 [INFO] PluginManage:352 - Loaded plugin tools (category:base,tabindex:7)
2025-09-16 13:32:11,253 [INFO] PluginManage:302 - Check plugin tutovideos
2025-09-16 13:32:11,511 [INFO] PluginManage:352 - Loaded plugin tutovideos (category:base,tabindex:-1)
2025-09-16 13:32:11,511 [INFO] PluginManage:302 - Check plugin updater
2025-09-16 13:32:11,525 [INFO] PluginManage:352 - Loaded plugin updater (category:base,tabindex:12)
2025-09-16 13:32:11,526 [INFO] PluginManage:275 - PluginManage : Loaded plugins [13]
2025-09-16 13:32:11,728 [INFO] PinOutPanel:1463 - setPackage(No Configuration,No Configuration)
2025-09-16 13:32:11,848 [INFO] IPUIPlugin:74 - create IPUIPlugin
2025-09-16 13:32:11,848 [INFO] PluginManager:213 - loadIPPluginJar : add adc
2025-09-16 13:32:11,920 [INFO] IPUIPlugin:74 - create IPUIPlugin
2025-09-16 13:32:11,921 [INFO] PluginManager:213 - loadIPPluginJar : add aes
2025-09-16 13:32:12,002 [INFO] IPUIPlugin:74 - create IPUIPlugin
2025-09-16 13:32:12,002 [INFO] PluginManager:213 - loadIPPluginJar : add can
2025-09-16 13:32:12,060 [INFO] IPUIPlugin:74 - create IPUIPlugin
2025-09-16 13:32:12,060 [INFO] PluginManager:213 - loadIPPluginJar : add comp
2025-09-16 13:32:12,121 [INFO] IPUIPlugin:74 - create IPUIPlugin
2025-09-16 13:32:12,122 [INFO] PluginManager:213 - loadIPPluginJar : add cryp
2025-09-16 13:32:12,190 [INFO] IPUIPlugin:74 - create IPUIPlugin
2025-09-16 13:32:12,190 [INFO] PluginManager:213 - loadIPPluginJar : add dfsdm
2025-09-16 13:32:12,212 [INFO] IPUIPlugin:74 - create IPUIPlugin
2025-09-16 13:32:12,212 [INFO] PluginManager:213 - loadIPPluginJar : add dma
2025-09-16 13:32:12,299 [INFO] IPUIPlugin:74 - create IPUIPlugin
2025-09-16 13:32:12,299 [INFO] PluginManager:213 - loadIPPluginJar : add dma3
2025-09-16 13:32:12,367 [INFO] IPUIPlugin:74 - create IPUIPlugin
2025-09-16 13:32:12,368 [INFO] PluginManager:213 - loadIPPluginJar : add fatfs
2025-09-16 13:32:12,472 [INFO] IPUIPlugin:74 - create IPUIPlugin
2025-09-16 13:32:12,472 [INFO] PluginManager:213 - loadIPPluginJar : add fmc
2025-09-16 13:32:12,497 [INFO] IPUIPlugin:74 - create IPUIPlugin
2025-09-16 13:32:12,497 [INFO] PluginManager:213 - loadIPPluginJar : add freertos
2025-09-16 13:32:12,550 [INFO] IPUIPlugin:74 - create IPUIPlugin
2025-09-16 13:32:12,551 [INFO] PluginManager:213 - loadIPPluginJar : add genericplugin
2025-09-16 13:32:12,710 [INFO] IPUIPlugin:74 - create IPUIPlugin
2025-09-16 13:32:12,710 [INFO] PluginManager:213 - loadIPPluginJar : add gfxmmu
2025-09-16 13:32:12,925 [INFO] IPUIPlugin:74 - create IPUIPlugin
2025-09-16 13:32:12,926 [INFO] PluginManager:213 - loadIPPluginJar : add gic
2025-09-16 13:32:12,945 [INFO] IPUIPlugin:74 - create IPUIPlugin
2025-09-16 13:32:12,945 [INFO] PluginManager:213 - loadIPPluginJar : add gpio
2025-09-16 13:32:13,076 [INFO] IPUIPlugin:74 - create IPUIPlugin
2025-09-16 13:32:13,076 [INFO] PluginManager:213 - loadIPPluginJar : add gtzc
2025-09-16 13:32:13,141 [INFO] IPUIPlugin:74 - create IPUIPlugin
2025-09-16 13:32:13,141 [INFO] PluginManager:213 - loadIPPluginJar : add hash
2025-09-16 13:32:13,239 [INFO] IPUIPlugin:74 - create IPUIPlugin
2025-09-16 13:32:13,239 [INFO] PluginManager:213 - loadIPPluginJar : add i2c
2025-09-16 13:32:13,317 [INFO] IPUIPlugin:74 - create IPUIPlugin
2025-09-16 13:32:13,317 [INFO] PluginManager:213 - loadIPPluginJar : add i2s
2025-09-16 13:32:13,336 [INFO] IPUIPlugin:74 - create IPUIPlugin
2025-09-16 13:32:13,336 [INFO] PluginManager:213 - loadIPPluginJar : add ipddr
2025-09-16 13:32:13,769 [INFO] IPUIPlugin:74 - create IPUIPlugin
2025-09-16 13:32:13,770 [INFO] PluginManager:213 - loadIPPluginJar : add linkedlist
2025-09-16 13:32:13,876 [INFO] IPUIPlugin:74 - create IPUIPlugin
2025-09-16 13:32:13,877 [INFO] PluginManager:213 - loadIPPluginJar : add lorawan
2025-09-16 13:32:13,996 [INFO] IPUIPlugin:74 - create IPUIPlugin
2025-09-16 13:32:13,996 [INFO] PluginManager:213 - loadIPPluginJar : add ltdc
2025-09-16 13:32:14,015 [INFO] IPUIPlugin:74 - create IPUIPlugin
2025-09-16 13:32:14,016 [INFO] PluginManager:213 - loadIPPluginJar : add mdma
2025-09-16 13:32:14,035 [INFO] IPUIPlugin:74 - create IPUIPlugin
2025-09-16 13:32:14,036 [INFO] PluginManager:213 - loadIPPluginJar : add nvic
2025-09-16 13:32:14,143 [INFO] IPUIPlugin:74 - create IPUIPlugin
2025-09-16 13:32:14,143 [INFO] PluginManager:213 - loadIPPluginJar : add opamp
2025-09-16 13:32:14,154 [INFO] ThirdPartyUpdaterWithRetryManager:66 - Updater plugin not ready yet. [2/15]
2025-09-16 13:32:14,287 [INFO] IPUIPlugin:74 - create IPUIPlugin
2025-09-16 13:32:14,288 [INFO] PluginManager:213 - loadIPPluginJar : add openamp
2025-09-16 13:32:14,439 [INFO] IPUIPlugin:74 - create IPUIPlugin
2025-09-16 13:32:14,440 [INFO] PluginManager:213 - loadIPPluginJar : add pdm2pcm
2025-09-16 13:32:14,467 [INFO] IPUIPlugin:74 - create IPUIPlugin
2025-09-16 13:32:14,472 [INFO] PluginManager:213 - loadIPPluginJar : add plateformsettings
2025-09-16 13:32:14,545 [INFO] IPUIPlugin:74 - create IPUIPlugin
2025-09-16 13:32:14,546 [INFO] PluginManager:213 - loadIPPluginJar : add quadspi
2025-09-16 13:32:14,575 [INFO] IPUIPlugin:74 - create IPUIPlugin
2025-09-16 13:32:14,575 [INFO] PluginManager:213 - loadIPPluginJar : add resmgrutility
2025-09-16 13:32:14,689 [INFO] IPUIPlugin:74 - create IPUIPlugin
2025-09-16 13:32:14,689 [INFO] PluginManager:213 - loadIPPluginJar : add sai
2025-09-16 13:32:14,799 [INFO] IPUIPlugin:74 - create IPUIPlugin
2025-09-16 13:32:14,799 [INFO] PluginManager:213 - loadIPPluginJar : add spi
2025-09-16 13:32:14,927 [INFO] IPUIPlugin:74 - create IPUIPlugin
2025-09-16 13:32:14,927 [INFO] PluginManager:213 - loadIPPluginJar : add stm32_wpan
2025-09-16 13:32:15,013 [INFO] IPUIPlugin:74 - create IPUIPlugin
2025-09-16 13:32:15,013 [INFO] PluginManager:213 - loadIPPluginJar : add tim
2025-09-16 13:32:15,162 [INFO] IPUIPlugin:74 - create IPUIPlugin
2025-09-16 13:32:15,162 [INFO] PluginManager:213 - loadIPPluginJar : add touchsensing
2025-09-16 13:32:15,230 [INFO] IPUIPlugin:74 - create IPUIPlugin
2025-09-16 13:32:15,230 [INFO] PluginManager:213 - loadIPPluginJar : add tracer_emb
2025-09-16 13:32:15,311 [INFO] IPUIPlugin:74 - create IPUIPlugin
2025-09-16 13:32:15,311 [INFO] PluginManager:213 - loadIPPluginJar : add ts
2025-09-16 13:32:15,381 [INFO] IPUIPlugin:74 - create IPUIPlugin
2025-09-16 13:32:15,381 [INFO] PluginManager:213 - loadIPPluginJar : add tsc
2025-09-16 13:32:15,448 [INFO] IPUIPlugin:74 - create IPUIPlugin
2025-09-16 13:32:15,449 [INFO] PluginManager:213 - loadIPPluginJar : add ucpd
2025-09-16 13:32:15,575 [INFO] IPUIPlugin:74 - create IPUIPlugin
2025-09-16 13:32:15,575 [INFO] PluginManager:213 - loadIPPluginJar : add usart
2025-09-16 13:32:15,673 [INFO] IPUIPlugin:74 - create IPUIPlugin
2025-09-16 13:32:15,673 [INFO] PluginManager:213 - loadIPPluginJar : add usbx
2025-09-16 13:32:16,082 [FATAL] Updater:294 - Updater called before beeing initialized
2025-09-16 13:32:16,237 [FATAL] Updater:294 - Updater called before beeing initialized
2025-09-16 13:32:16,245 [INFO] DbMcusAds:47 - JSON generation date=Tue May 11 22:32:49 ICT 2021 (1620747169502)
2025-09-16 13:32:16,245 [FATAL] Updater:294 - Updater called before beeing initialized
2025-09-16 13:32:16,361 [WARN] DetailPanel:314 - Failed to get advertising image, set to default
2025-09-16 13:32:16,533 [FATAL] Updater:294 - Updater called before beeing initialized
2025-09-16 13:32:16,536 [FATAL] Updater:294 - Updater called before beeing initialized
2025-09-16 13:32:16,536 [FATAL] Updater:294 - Updater called before beeing initialized
2025-09-16 13:32:16,536 [WARN] DetailPanel:314 - Failed to get advertising image, set to default
2025-09-16 13:32:16,538 [FATAL] Updater:294 - Updater called before beeing initialized
2025-09-16 13:32:16,627 [ERROR] Updater:1075 - MainUpdater not yet initialized. External WinMGr cannot be set.
2025-09-16 13:32:16,649 [INFO] Updater:1012 - Updater Version found : 6.3.0
2025-09-16 13:32:16,675 [INFO] ApplicationProperties:181 - Using Application install path: D:\STM32CubeIDE_1.7.0\STM32CubeIDE\plugins\com.st.stm32cube.common.mx_6.3.0.202107141111
2025-09-16 13:32:16,741 [INFO] MainUpdater:489 - Copy updater definitions from MX database
2025-09-16 13:32:16,785 [INFO] MainUpdater:522 - Copy flag file definitions from MX database
2025-09-16 13:32:16,788 [INFO] MainUpdater:538 - Copy thirdparty index definitions from MX database
2025-09-16 13:32:16,790 [INFO] MainUpdater:557 - Copy default thirdparty db definitions from MX database
2025-09-16 13:32:16,808 [ERROR] ServerAccessManage:1031 - Warning during Server Connexion :  Unknown host sw-center.st.com
2025-09-16 13:32:16,810 [ERROR] ServerAccessManage:1031 - Warning during Server Connexion :  Unknown host www.ebuc23.com
2025-09-16 13:32:16,812 [INFO] MainUpdater:2671 - connection check result : 22
2025-09-16 13:32:16,813 [INFO] MainUpdater:265 - Updater Check For Update Now.
2025-09-16 13:32:16,813 [INFO] MicroXplorer:478 - Change Database Version : DB.6.0.30
2025-09-16 13:32:17,005 [INFO] CheckServerUpdateThread:112 - End of CheckServer Thread
2025-09-16 13:32:17,085 [ERROR] ServerAccessManage:1031 - Warning during Server Connexion :  Unknown host sw-center.st.com
2025-09-16 13:32:17,087 [ERROR] ServerAccessManage:1031 - Warning during Server Connexion :  Unknown host www.ebuc23.com
2025-09-16 13:32:17,088 [INFO] MainUpdater:2671 - connection check result : 22
2025-09-16 13:32:17,233 [INFO] ThirdParty:915 - Integrity check success = true
2025-09-16 13:32:17,233 [INFO] IntegrityCheckThread:94 - exiting critical section [integrity check]
2025-09-16 13:32:17,234 [INFO] IntegrityCheckThread:97 - End integrity checks thread
2025-09-16 13:32:23,762 [ERROR] ServerAccessManage:1031 - Warning during Server Connexion :  Unknown host sw-center.st.com
2025-09-16 13:32:23,763 [ERROR] ServerAccessManage:1031 - Warning during Server Connexion :  Unknown host www.ebuc23.com
2025-09-16 13:32:23,764 [INFO] MainUpdater:2671 - connection check result : 22
2025-09-16 13:32:25,660 [INFO] McuFinderGlobals:52 - Set McuFinderConnectedMode to false
2025-09-16 13:32:25,825 [INFO] CrossSelectorPresenter:1330 - Cross Selector saved comparison directory: C:\Users\ACER\.stmcufinder\plugins\mcufinder\mcu\cs_comparisons_mx
2025-09-16 13:32:25,832 [INFO] MultiScanPanel:197 - Auto-refresh data requested => check proxy status ongoing
2025-09-16 13:32:25,832 [INFO] MultiScanPanel:201 - Proxy status is invalid
2025-09-16 13:32:25,837 [INFO] FinderPluginLoader:87 - Searching for filters in installed packs
2025-09-16 13:32:25,838 [INFO] DbMcusXml:100 - Load MCU database from D:\STM32CubeIDE_1.7.0\STM32CubeIDE\plugins\com.st.stm32cube.common.mx_6.3.0.202107141111\\db\/mcu/families.xml
2025-09-16 13:32:26,952 [INFO] DbMcusJson:93 - JSON generation date=Mon Jun 07 15:53:21 ICT 2021 (1623056001)
2025-09-16 13:32:27,672 [INFO] DbMcus:175 - Found 1951 MCUs (1903 are supported by CubeMX, 1903 are visible in CubeMX)
2025-09-16 13:32:27,673 [INFO] ApiDb:242 - User favorites file not found: C:\Users\ACER/.stm32cubeide/favorites.mcus.txt
2025-09-16 13:32:27,673 [INFO] DbMcus:187 - Set 0 / 0 favorites MCUs
2025-09-16 13:32:28,166 [WARN] DetailPanel:314 - Failed to get advertising image, set to default
2025-09-16 13:32:28,586 [INFO] DbBoardsPdsc:90 - Found 25 items
2025-09-16 13:32:28,605 [INFO] DbBoardsPdsc:90 - Found 9 items
2025-09-16 13:32:28,628 [INFO] DbBoardsPdsc:90 - Found 33 items
2025-09-16 13:32:28,646 [INFO] DbBoardsPdsc:90 - Found 1 items
2025-09-16 13:32:28,670 [INFO] DbBoardsPdsc:90 - Found 48 items
2025-09-16 13:32:28,694 [INFO] DbBoardsPdsc:90 - Found 43 items
2025-09-16 13:32:28,712 [INFO] DbBoardsPdsc:90 - Found 2 items
2025-09-16 13:32:28,728 [INFO] DbBoardsPdsc:90 - Found 5 items
2025-09-16 13:32:28,733 [WARN] DbBoardsPdsc:254 - Board STM32H7B3I-DK: unknown feature type=Audio, name=, username=Audio stereo codec with Headphone Amp (CS42L51-CNZ), n=1
2025-09-16 13:32:28,733 [WARN] DbBoardsPdsc:254 - Board STM32H735G-DK: unknown feature type=Audio, name=, username=Audio stereo codec with Headphone Amp (WM8994ECS/R), n=1
2025-09-16 13:32:28,736 [WARN] DbBoardsPdsc:254 - Board STM32H7B3I-EVAL: unknown feature type=Audio, name=, username=Multi-Channel Audio Codec (CS42L51-CNZ), n=1
2025-09-16 13:32:28,736 [WARN] DbBoardsPdsc:254 - Board STM32H7B3I-EVAL: unknown feature type=Meter, name=, username=Power-metering and Temperature-monitoring with sigma-delta modulators, n=1
2025-09-16 13:32:28,736 [WARN] DbBoardsPdsc:254 - Board STM32H7B3I-EVAL: unknown feature type=Motor, name=, username=Motor Control, n=1
2025-09-16 13:32:28,737 [WARN] DbBoardsPdsc:254 - Board STM32U575I-EV: unknown feature type=joystick, name=, username=4-direction joystick with selection button, n=1
2025-09-16 13:32:28,778 [INFO] DbBoardsJson:86 - JSON generation date=Tue Jun 01 12:52:40 ICT 2021 (1622526760)
2025-09-16 13:32:28,785 [INFO] DbBoards:117 - Found 166 boards (163 are supported by CubeMX)
2025-09-16 13:32:28,796 [INFO] DbBoardsDocs:143 - JSON generation date=Tue Jun 01 12:52:40 ICT 2021 (1622526760)
2025-09-16 13:32:28,816 [INFO] DbBoardsDocs:79 - Found 193 boards documents
2025-09-16 13:32:28,816 [WARN] DbBoards:127 - board B-L462E-CELL1 has no document id list !
2025-09-16 13:32:28,816 [WARN] DbBoards:127 - board B-L475E-IOT01A2 has no document id list !
2025-09-16 13:32:28,816 [WARN] DbBoards:127 - board B-U585I-IOT02A has no document id list !
2025-09-16 13:32:28,818 [WARN] DbBoards:127 - board NUCLEO-G0B1RE has no document id list !
2025-09-16 13:32:28,818 [WARN] DbBoards:127 - board NUCLEO-H743ZI has no document id list !
2025-09-16 13:32:28,819 [WARN] DbBoards:127 - board NUCLEO-L4A6ZG has no document id list !
2025-09-16 13:32:28,819 [WARN] DbBoards:127 - board NUCLEO-U575ZI-Q has no document id list !
2025-09-16 13:32:28,819 [WARN] DbBoards:127 - board NUCLEO-WB15CC has no document id list !
2025-09-16 13:32:28,819 [WARN] DbBoards:127 - board NUCLEO-WB55RG has no document id list !
2025-09-16 13:32:28,819 [WARN] DbBoards:127 - board NUCLEO-WL55JC2 has no document id list !
2025-09-16 13:32:28,819 [WARN] DbBoards:127 - board P-NUCLEO-WB55-Nucleo has no document id list !
2025-09-16 13:32:28,819 [WARN] DbBoards:127 - board P-NUCLEO-WB55-USBDongle has no document id list !
2025-09-16 13:32:28,819 [WARN] DbBoards:127 - board STEVAL-BFA001V1B has no document id list !
2025-09-16 13:32:28,819 [WARN] DbBoards:127 - board STEVAL-BFA001V2B has no document id list !
2025-09-16 13:32:28,819 [WARN] DbBoards:127 - board STEVAL-IDP005V1 has no document id list !
2025-09-16 13:32:28,819 [WARN] DbBoards:127 - board STEVAL-IDP005V2 has no document id list !
2025-09-16 13:32:28,820 [WARN] DbBoards:127 - board STEVAL-MKSBOX1V1 has no document id list !
2025-09-16 13:32:28,820 [WARN] DbBoards:127 - board STEVAL-STWINKT1 has no document id list !
2025-09-16 13:32:28,820 [WARN] DbBoards:127 - board STEVAL-STWINKT1B has no document id list !
2025-09-16 13:32:28,820 [WARN] DbBoards:127 - board STM32F401C-DISCO has no document id list !
2025-09-16 13:32:28,821 [WARN] DbBoards:127 - board STM32F769I-DISC1 has no document id list !
2025-09-16 13:32:28,821 [WARN] DbBoards:127 - board STM32G0C1E-EV has no document id list !
2025-09-16 13:32:28,821 [WARN] DbBoards:127 - board STM32G474E-EVAL1 has no document id list !
2025-09-16 13:32:28,822 [WARN] DbBoards:127 - board STM32H743I-EVAL2 has no document id list !
2025-09-16 13:32:28,822 [WARN] DbBoards:127 - board STM32H747I-DISC1 has no document id list !
2025-09-16 13:32:28,822 [WARN] DbBoards:127 - board STM32H753I-EVAL2 has no document id list !
2025-09-16 13:32:28,822 [WARN] DbBoards:127 - board STM32L-DISCOVERY has no document id list !
2025-09-16 13:32:28,823 [WARN] DbBoards:127 - board STM32MP157A-DK1 has no document id list !
2025-09-16 13:32:28,823 [WARN] DbBoards:127 - board STM32MP157D-DK1 has no document id list !
2025-09-16 13:32:28,823 [WARN] DbBoards:127 - board STM32MP157D-EV1 has no document id list !
2025-09-16 13:32:28,823 [WARN] DbBoards:127 - board STM32MP157F-DK2 has no document id list !
2025-09-16 13:32:28,823 [WARN] DbBoards:127 - board STM32MP157F-EV1 has no document id list !
2025-09-16 13:32:28,823 [WARN] DbBoards:127 - board STM32U575I-EV has no document id list !
2025-09-16 13:32:28,823 [WARN] DbBoards:127 - board STM32WB5MM-DK has no document id list !
2025-09-16 13:32:31,526 [INFO] ApiDb:242 - User favorites file not found: C:\Users\ACER/.stm32cubeide/favorites.boards.txt
2025-09-16 13:32:31,527 [INFO] DbBoards:206 - Set 0 / 0 favorites Boards
2025-09-16 13:32:45,267 [INFO] DbMcusDocs:143 - JSON generation date=Mon Jun 07 15:53:21 ICT 2021 (1623056001)
2025-09-16 13:32:45,574 [INFO] DbMcusDocs:79 - Found 669 MCUs documents
2025-09-16 13:33:21,578 [INFO] MainUpdater:2671 - connection check result : 10
2025-09-16 13:33:21,578 [INFO] MainUpdater:2671 - connection check result : 10
2025-09-16 13:33:21,656 [INFO] MicroXplorer:448 - Change Database Path : 
2025-09-16 13:33:21,656 [INFO] MicroXplorer:478 - Change Database Version : DB.6.0.30
2025-09-16 13:33:21,657 [WARN] ThirdParty:813 - waiting for thirdparty lock release [close project]
2025-09-16 13:33:21,657 [INFO] ThirdParty:815 - entering critical section [close project]
2025-09-16 13:33:21,658 [INFO] ThirdParty:825 - exiting critical section [close project]
2025-09-16 13:33:21,664 [INFO] PinOutPanel:1463 - setPackage(No Configuration,No Configuration)
2025-09-16 13:33:21,665 [INFO] UtilMem:74 - Begin LoadConfig() Used Memory: 351367088 Bytes (471859200)
2025-09-16 13:33:21,667 [INFO] MicroXplorer:448 - Change Database Path : 
2025-09-16 13:33:21,667 [INFO] MicroXplorer:478 - Change Database Version : DB.6.0.30
2025-09-16 13:33:21,667 [INFO] OpenFileManager:313 - Change cursor
2025-09-16 13:33:22,754 [INFO] Context:592 - Trying to add GPIOservice into a context  which must be forbidden
2025-09-16 13:33:23,009 [INFO] ImportTextPane:167 - (OptionalMessage_ERROR) Unable to find key (Mcu.ThirdPartyNb) in loaded IOC file
2025-09-16 13:33:23,009 [INFO] ImportTextPane:167 - (OptionalMessage_ERROR) Unable to find key (Mcu.PinsNb) in loaded IOC file
2025-09-16 13:33:23,009 [INFO] ImportTextPane:167 - (OptionalMessage_ERROR) Unable to find key (Mcu.IPNb) in loaded IOC file
2025-09-16 13:33:23,056 [INFO] RtosManager:484 - Registered RTOS mode: class=CMSIS, group=RTOS, mode=CMSIS_V1, owner=FREERTOS
2025-09-16 13:33:23,056 [INFO] RtosManager:484 - Registered RTOS mode: class=CMSIS, group=RTOS2, mode=CMSIS_V2, owner=FREERTOS
2025-09-16 13:33:23,057 [INFO] RtosManager:484 - Registered RTOS mode: class=RTOS, group=Core, mode=CMSIS_V1, owner=FREERTOS
2025-09-16 13:33:23,057 [INFO] RtosManager:484 - Registered RTOS mode: class=RTOS, group=Core, mode=CMSIS_V2, owner=FREERTOS
2025-09-16 13:33:23,057 [WARN] ModelIntegratedComponent:181 - Missing modes for component STMicroelectronics:FreeRTOS:0.0.1:STMicroelectronics:RTOS:FreeRTOS:Core:::10.2.0:
2025-09-16 13:33:23,060 [WARN] ModelIntegratedComponent:60 - No mode defined for component null
2025-09-16 13:33:23,061 [WARN] ModelIntegratedComponent:60 - No mode defined for component null
2025-09-16 13:33:23,061 [WARN] ModelIntegratedComponent:60 - No mode defined for component null
2025-09-16 13:33:23,061 [WARN] ModelIntegratedComponent:60 - No mode defined for component null
2025-09-16 13:33:23,061 [WARN] ModelIntegratedComponent:60 - No mode defined for component null
2025-09-16 13:33:23,061 [WARN] ModelIntegratedComponent:60 - No mode defined for component null
2025-09-16 13:33:23,061 [WARN] ModelIntegratedComponent:60 - No mode defined for component null
2025-09-16 13:33:23,062 [WARN] ModelIntegratedComponent:60 - No mode defined for component null
2025-09-16 13:33:23,062 [WARN] ModelIntegratedComponent:60 - No mode defined for component null
2025-09-16 13:33:23,062 [WARN] ModelIntegratedComponent:60 - No mode defined for component null
2025-09-16 13:33:23,062 [WARN] ModelIntegratedComponent:60 - No mode defined for component null
2025-09-16 13:33:23,062 [WARN] ModelIntegratedComponent:60 - No mode defined for component null
2025-09-16 13:33:23,062 [WARN] ModelIntegratedComponent:60 - No mode defined for component null
2025-09-16 13:33:23,062 [WARN] ModelIntegratedComponent:60 - No mode defined for component null
2025-09-16 13:33:23,063 [WARN] ModelIntegratedComponent:60 - No mode defined for component null
2025-09-16 13:33:23,063 [WARN] ModelIntegratedComponent:60 - No mode defined for component null
2025-09-16 13:33:23,063 [WARN] ModelIntegratedComponent:60 - No mode defined for component null
2025-09-16 13:33:23,063 [WARN] ModelIntegratedComponent:60 - No mode defined for component null
2025-09-16 13:33:23,063 [WARN] ModelIntegratedComponent:60 - No mode defined for component null
2025-09-16 13:33:23,063 [WARN] ModelIntegratedComponent:60 - No mode defined for component null
2025-09-16 13:33:23,063 [WARN] ModelIntegratedComponent:60 - No mode defined for component null
2025-09-16 13:33:23,063 [WARN] ModelIntegratedComponent:60 - No mode defined for component null
2025-09-16 13:33:23,063 [WARN] ModelIntegratedComponent:60 - No mode defined for component null
2025-09-16 13:33:23,063 [WARN] ModelIntegratedComponent:60 - No mode defined for component null
2025-09-16 13:33:23,063 [WARN] ModelIntegratedComponent:60 - No mode defined for component null
2025-09-16 13:33:23,064 [WARN] ModelIntegratedComponent:60 - No mode defined for component null
2025-09-16 13:33:23,064 [WARN] ModelIntegratedComponent:60 - No mode defined for component null
2025-09-16 13:33:23,064 [WARN] ModelIntegratedComponent:60 - No mode defined for component null
2025-09-16 13:33:23,064 [WARN] ModelIntegratedComponent:60 - No mode defined for component null
2025-09-16 13:33:23,064 [WARN] ModelIntegratedComponent:60 - No mode defined for component null
2025-09-16 13:33:23,064 [WARN] ModelIntegratedComponent:60 - No mode defined for component null
2025-09-16 13:33:23,197 [INFO] UtilMem:74 - End LoadConfig() Used Memory: 391702144 Bytes (471859200)
2025-09-16 13:33:23,210 [WARN] ThirdParty:779 - waiting for thirdparty lock release [change project]
2025-09-16 13:33:23,210 [INFO] ThirdParty:781 - entering critical section [change project]
2025-09-16 13:33:23,210 [INFO] ThirdParty:967 - CMSIS Pack Vendor :STMicroelectronics USB_HOST 2.0.0
2025-09-16 13:33:23,210 [INFO] ThirdParty:967 - CMSIS Pack Vendor :STMicroelectronics FreeRTOS 0.0.1
2025-09-16 13:33:23,210 [INFO] ThirdParty:967 - CMSIS Pack Vendor :STMicroelectronics USB_DEVICE 1.0.0
2025-09-16 13:33:23,210 [INFO] ThirdParty:967 - CMSIS Pack Vendor :STMicroelectronics USB_DEVICE 3.0.0
2025-09-16 13:33:23,211 [INFO] ThirdParty:967 - CMSIS Pack Vendor :STMicroelectronics HAL Drivers 0.0.0
2025-09-16 13:33:23,211 [INFO] ThirdParty:967 - CMSIS Pack Vendor :STMicroelectronics MBEDTLS 2.16.2
2025-09-16 13:33:23,211 [INFO] ThirdParty:967 - CMSIS Pack Vendor :STMicroelectronics ThreadX 0.0.2
2025-09-16 13:33:23,211 [INFO] ThirdParty:967 - CMSIS Pack Vendor :STMicroelectronics lwIP 2.0.3
2025-09-16 13:33:23,211 [INFO] ThirdParty:967 - CMSIS Pack Vendor :STMicroelectronics lwIP 2.1.2
2025-09-16 13:33:23,211 [INFO] ThirdParty:967 - CMSIS Pack Vendor :STMicroelectronics MBEDTLS 2.14.1
2025-09-16 13:33:23,211 [INFO] ThirdParty:967 - CMSIS Pack Vendor :STMicroelectronics USB_HOST 1.0.0
2025-09-16 13:33:23,211 [INFO] ThirdParty:967 - CMSIS Pack Vendor :STMicroelectronics PDM2PCM 3.1.0
2025-09-16 13:33:23,211 [INFO] ThirdParty:967 - CMSIS Pack Vendor :STMicroelectronics PDM2PCM 3.2.0
2025-09-16 13:33:23,211 [INFO] ThirdParty:967 - CMSIS Pack Vendor :STMicroelectronics USB_DEVICE 2.0.0
2025-09-16 13:33:23,211 [INFO] ThirdParty:967 - CMSIS Pack Vendor :STMicroelectronics PDM2PCM 3.3.0
2025-09-16 13:33:23,212 [INFO] ThirdParty:787 - exiting critical section [change project]
2025-09-16 13:33:23,484 [INFO] PinOutPanel:1463 - setPackage(No Configuration,No Configuration)
2025-09-16 13:33:23,486 [INFO] PinOutPanel:1463 - setPackage(STM32F103C6Ux,UFQFPN48)
2025-09-16 13:33:23,901 [INFO] UtilMem:74 - Before build in PCC Used Memory: 389795200 Bytes (471859200)
2025-09-16 13:33:24,644 [INFO] UtilMem:74 - After build in PCC Used Memory: 370990464 Bytes (471859200)
2025-09-16 13:33:24,671 [INFO] IPUIPlugin:74 - create IPUIPlugin
2025-09-16 13:33:24,672 [INFO] IPUIPlugin:74 - create IPUIPlugin
2025-09-16 13:33:24,672 [INFO] IPUIPlugin:74 - create IPUIPlugin
2025-09-16 13:33:24,672 [INFO] IPUIPlugin:74 - create IPUIPlugin
2025-09-16 13:33:24,672 [INFO] IPUIPlugin:74 - create IPUIPlugin
2025-09-16 13:33:24,672 [INFO] IPUIPlugin:74 - create IPUIPlugin
2025-09-16 13:33:24,673 [INFO] IPUIPlugin:74 - create IPUIPlugin
2025-09-16 13:33:24,673 [INFO] IPUIPlugin:74 - create IPUIPlugin
2025-09-16 13:33:24,673 [INFO] IPUIPlugin:74 - create IPUIPlugin
2025-09-16 13:33:24,673 [INFO] IPUIPlugin:74 - create IPUIPlugin
2025-09-16 13:33:24,673 [INFO] IPUIPlugin:74 - create IPUIPlugin
2025-09-16 13:33:24,674 [INFO] IPUIPlugin:74 - create IPUIPlugin
2025-09-16 13:33:24,674 [INFO] IPUIPlugin:74 - create IPUIPlugin
2025-09-16 13:33:24,674 [INFO] IPUIPlugin:74 - create IPUIPlugin
2025-09-16 13:33:24,675 [INFO] IPUIPlugin:74 - create IPUIPlugin
2025-09-16 13:33:24,675 [INFO] IPUIPlugin:74 - create IPUIPlugin
2025-09-16 13:33:24,675 [INFO] IPUIPlugin:74 - create IPUIPlugin
2025-09-16 13:33:24,676 [INFO] IPUIPlugin:74 - create IPUIPlugin
2025-09-16 13:33:24,676 [INFO] IPUIPlugin:74 - create IPUIPlugin
2025-09-16 13:33:24,676 [INFO] IPUIPlugin:74 - create IPUIPlugin
2025-09-16 13:33:24,677 [INFO] IPUIPlugin:74 - create IPUIPlugin
2025-09-16 13:33:24,677 [INFO] IPUIPlugin:74 - create IPUIPlugin
2025-09-16 13:33:24,677 [INFO] IPUIPlugin:74 - create IPUIPlugin
2025-09-16 13:33:24,819 [INFO] OpenFileManager:333 - Restore cursor
2025-09-16 13:33:25,291 [INFO] UtilMem:74 - End SaveConfig() Used Memory: 349625400 Bytes (471859200)
2025-09-16 13:33:27,786 [ERROR] FileExtend:450 - File entry not found
2025-09-16 13:33:27,786 [INFO] FileExtend:235 - Unzip File : stm32cube_fw_f1_v180.zip
2025-09-16 13:33:27,787 [INFO] FileExtend:250 - Standard Zip Deflate
2025-09-16 13:33:49,490 [INFO] ServerAccessManage:362 - Download File stm32cube_fw_f1_v184.zip
2025-09-16 13:34:38,899 [INFO] FileExtend:235 - Unzip File : stm32cube_fw_f1_v184.zip
2025-09-16 13:34:38,899 [INFO] FileExtend:250 - Standard Zip Deflate
2025-09-16 13:34:45,621 [INFO] MainUpdater:3359 - Updater definition file requires update
2025-09-16 13:34:45,623 [INFO] LoadServerPackagesThread:180 - End of LoadServerPackages Thread
2025-09-16 13:34:46,078 [INFO] ServerAccessManage:362 - Download File updaters.zip
2025-09-16 13:34:46,332 [INFO] FileExtend:235 - Unzip File : updaters.zip
2025-09-16 13:34:46,332 [INFO] FileExtend:250 - Standard Zip Deflate
2025-09-16 13:34:47,529 [INFO] ServerAccessManage:362 - Download File PacksControlFlags.xml
2025-09-16 13:34:47,870 [INFO] ServerAccessManage:362 - Download File cubemx.pidx
2025-09-16 13:34:48,774 [INFO] ServerAccessManage:362 - Download File STMicroelectronics.FP-ATR-ASTRA1.pdsc
2025-09-16 13:34:51,377 [INFO] ServerAccessManage:362 - Download File STMicroelectronics.FP-ATR-SIGFOX1.pdsc
2025-09-16 13:34:52,550 [INFO] ServerAccessManage:362 - Download File STMicroelectronics.FP-SNS-STBOX1.pdsc
2025-09-16 13:34:56,193 [INFO] ServerAccessManage:362 - Download File STMicroelectronics.FP-SNS-FLIGHT1.pdsc
2025-09-16 13:35:03,323 [INFO] ServerAccessManage:362 - Download File STMicroelectronics.FP-SNS-MOTENV1.pdsc
2025-09-16 13:35:11,652 [INFO] ServerAccessManage:362 - Download File STMicroelectronics.FP-SNS-MOTENVWB1.pdsc
2025-09-16 13:35:22,104 [INFO] ServerAccessManage:362 - Download File STMicroelectronics.FP-SNS-SMARTAG2.pdsc
2025-09-16 13:35:23,428 [INFO] ServerAccessManage:362 - Download File STMicroelectronics.FP-SNS-STAIOTCFT.pdsc
2025-09-16 13:35:25,384 [INFO] ServerAccessManage:362 - Download File STMicroelectronics.X-CUBE-AI.pdsc
2025-09-16 13:36:23,726 [INFO] ServerAccessManage:362 - Download File STMicroelectronics.X-CUBE-ALS.pdsc
2025-09-16 13:36:25,904 [INFO] ServerAccessManage:362 - Download File STMicroelectronics.X-CUBE-BLE1.pdsc
2025-09-16 13:36:43,947 [ERROR] ServerAccessManage:974 - Problem, file not found on Server
2025-09-16 13:36:46,352 [INFO] ServerAccessManage:362 - Download File STMicroelectronics.X-CUBE-BLE2.pdsc
2025-09-16 13:36:51,934 [INFO] ServerAccessManage:362 - Download File STMicroelectronics.X-CUBE-BLEMGR.pdsc
2025-09-16 13:37:01,955 [ERROR] ServerAccessManage:974 - Problem, file not found on Server
2025-09-16 13:37:09,673 [INFO] ServerAccessManage:362 - Download File STMicroelectronics.X-CUBE-DISPLAY.pdsc
2025-09-16 13:37:14,266 [INFO] ServerAccessManage:362 - Download File STMicroelectronics.X-CUBE-DPOWER.pdsc
2025-09-16 13:37:18,863 [ERROR] ServerAccessManage:974 - Problem, file not found on Server
2025-09-16 13:37:19,905 [ERROR] ServerAccessManage:974 - Problem, file not found on Server
2025-09-16 13:37:23,608 [ERROR] ServerAccessManage:974 - Problem, file not found on Server
2025-09-16 13:37:24,818 [ERROR] ServerAccessManage:974 - Problem, file not found on Server
2025-09-16 13:37:25,835 [ERROR] ServerAccessManage:974 - Problem, file not found on Server
2025-09-16 13:37:26,861 [ERROR] ServerAccessManage:974 - Problem, file not found on Server
2025-09-16 13:37:27,630 [ERROR] ServerAccessManage:974 - Problem, file not found on Server
2025-09-16 13:37:31,204 [ERROR] ServerAccessManage:974 - Problem, file not found on Server
2025-09-16 13:37:34,921 [ERROR] ServerAccessManage:974 - Problem, file not found on Server
2025-09-16 13:37:36,573 [ERROR] ServerAccessManage:974 - Problem, file not found on Server
2025-09-16 13:37:44,909 [ERROR] ServerAccessManage:974 - Problem, file not found on Server
2025-09-16 13:37:46,656 [INFO] ServerAccessManage:362 - Download File STMicroelectronics.X-CUBE-EEPRMA1.pdsc
2025-09-16 13:37:49,944 [ERROR] ServerAccessManage:974 - Problem, file not found on Server
2025-09-16 13:37:54,657 [ERROR] ServerAccessManage:974 - Problem, file not found on Server
2025-09-16 13:38:04,375 [INFO] ServerAccessManage:362 - Download File STMicroelectronics.X-CUBE-FREERTOS.pdsc
2025-09-16 13:39:54,334 [INFO] Activator:177 - 


2025-09-16 13:39:54,336 [INFO] Activator:178 - !SESSION log4j initialized
2025-09-16 13:39:58,577 [ERROR] ApiDbMcu:1508 - Can't use Application install path:
2025-09-16 13:40:01,446 [WARN] RulesReader:59 - Compatibility file://mcu/compatibility.xml not found
2025-09-16 13:40:38,811 [INFO] McuFinderGlobals:39 - Set McuFinder mode to 2 (CubeIDE integrated)
2025-09-16 13:40:39,218 [INFO] ApplicationProperties:181 - Using Application install path: D:\STM32CubeIDE_1.7.0\STM32CubeIDE\plugins\com.st.stm32cube.common.mx_6.3.0.202107141111
2025-09-16 13:40:39,229 [INFO] DbMcusXml:74 - Set database path to: D:\STM32CubeIDE_1.7.0\STM32CubeIDE\plugins\com.st.stm32cube.common.mx_6.3.0.202107141111\\db\/mcu/
2025-09-16 13:40:39,234 [INFO] DbBoardsPdsc:56 - Set plugin database path to: D:\STM32CubeIDE_1.7.0\STM32CubeIDE\plugins\com.st.stm32cube.common.mx_6.3.0.202107141111\\db\/plugins/boardmanager/
2025-09-16 13:40:39,235 [INFO] DbMcus:258 - Set plugin images path to: D:\STM32CubeIDE_1.7.0\STM32CubeIDE\plugins\com.st.stm32cube.common.mx_6.3.0.202107141111\\db\/plugins/mcufinder/images/
2025-09-16 13:40:39,235 [INFO] DbBoards:264 - Set plugin images path to: D:\STM32CubeIDE_1.7.0\STM32CubeIDE\plugins\com.st.stm32cube.common.mx_6.3.0.202107141111\\db\/plugins/mcufinder/images/
2025-09-16 13:40:39,238 [INFO] DbExamples:333 - Set plugin images path to: D:\STM32CubeIDE_1.7.0\STM32CubeIDE\plugins\com.st.stm32cube.common.mx_6.3.0.202107141111\\db\/plugins/mcufinder/images/
2025-09-16 13:40:39,245 [INFO] DbMcusAds:119 - Set database path to: C:\Users\ACER\.stmcufinder\plugins\mcufinder//mcu/
2025-09-16 13:40:39,247 [INFO] DbMcusDocs:110 - Set database path to: C:\Users\ACER\.stmcufinder\plugins\mcufinder//mcu/
2025-09-16 13:40:39,249 [INFO] DbMcusJson:64 - Set database path to: C:\Users\ACER\.stmcufinder\plugins\mcufinder//mcu/
2025-09-16 13:40:39,250 [INFO] DbBoardsDocs:110 - Set database path to: C:\Users\ACER\.stmcufinder\plugins\mcufinder//mcu/
2025-09-16 13:40:39,252 [INFO] DbBoardsJson:57 - Set database path to: C:\Users\ACER\.stmcufinder\plugins\mcufinder//mcu/
2025-09-16 13:40:39,365 [INFO] CrossReferenceDbSqlite:196 - Set database path to: C:\Users\ACER\.stmcufinder\plugins\mcufinder//mcu/cs/
2025-09-16 13:40:39,370 [INFO] DbExamplesSqlite:767 - Set database path to: C:\Users\ACER\.stmcufinder\plugins\mcufinder//mcu/
2025-09-16 13:40:39,474 [INFO] DbMcusXml:74 - Set database path to: D:\STM32CubeIDE_1.7.0\STM32CubeIDE\plugins\com.st.stm32cube.common.mx_6.3.0.202107141111\\db\/mcu/
2025-09-16 13:40:39,475 [INFO] DbBoardsPdsc:56 - Set plugin database path to: D:\STM32CubeIDE_1.7.0\STM32CubeIDE\plugins\com.st.stm32cube.common.mx_6.3.0.202107141111\\db\/plugins/boardmanager/
2025-09-16 13:40:39,475 [INFO] DbMcus:258 - Set plugin images path to: D:\STM32CubeIDE_1.7.0\STM32CubeIDE\plugins\com.st.stm32cube.common.mx_6.3.0.202107141111\\db\/plugins/mcufinder/images/
2025-09-16 13:40:39,475 [INFO] DbBoards:264 - Set plugin images path to: D:\STM32CubeIDE_1.7.0\STM32CubeIDE\plugins\com.st.stm32cube.common.mx_6.3.0.202107141111\\db\/plugins/mcufinder/images/
2025-09-16 13:40:39,475 [INFO] DbExamples:333 - Set plugin images path to: D:\STM32CubeIDE_1.7.0\STM32CubeIDE\plugins\com.st.stm32cube.common.mx_6.3.0.202107141111\\db\/plugins/mcufinder/images/
2025-09-16 13:40:39,476 [WARN] DbFile:35 - Overriding database path with different value: C:\Users\ACER\.stmcufinder\plugins\mcufinder/ => C:\Users\ACER\.stmcufinder\plugins\mcufinder
2025-09-16 13:40:39,476 [INFO] DbMcusAds:119 - Set database path to: C:\Users\ACER\.stmcufinder\plugins\mcufinder//mcu/
2025-09-16 13:40:39,476 [WARN] DbFile:35 - Overriding database path with different value: C:\Users\ACER\.stmcufinder\plugins\mcufinder/ => C:\Users\ACER\.stmcufinder\plugins\mcufinder
2025-09-16 13:40:39,476 [INFO] DbMcusDocs:110 - Set database path to: C:\Users\ACER\.stmcufinder\plugins\mcufinder//mcu/
2025-09-16 13:40:39,476 [WARN] DbFile:35 - Overriding database path with different value: C:\Users\ACER\.stmcufinder\plugins\mcufinder/ => C:\Users\ACER\.stmcufinder\plugins\mcufinder
2025-09-16 13:40:39,477 [INFO] DbMcusJson:64 - Set database path to: C:\Users\ACER\.stmcufinder\plugins\mcufinder//mcu/
2025-09-16 13:40:39,477 [WARN] DbFile:35 - Overriding database path with different value: C:\Users\ACER\.stmcufinder\plugins\mcufinder/ => C:\Users\ACER\.stmcufinder\plugins\mcufinder
2025-09-16 13:40:39,477 [INFO] DbBoardsDocs:110 - Set database path to: C:\Users\ACER\.stmcufinder\plugins\mcufinder//mcu/
2025-09-16 13:40:39,477 [WARN] DbFile:35 - Overriding database path with different value: C:\Users\ACER\.stmcufinder\plugins\mcufinder/ => C:\Users\ACER\.stmcufinder\plugins\mcufinder
2025-09-16 13:40:39,477 [INFO] DbBoardsJson:57 - Set database path to: C:\Users\ACER\.stmcufinder\plugins\mcufinder//mcu/
2025-09-16 13:40:39,477 [WARN] DbFile:35 - Overriding database path with different value: C:\Users\ACER\.stmcufinder\plugins\mcufinder/ => C:\Users\ACER\.stmcufinder\plugins\mcufinder
2025-09-16 13:40:39,477 [WARN] DbFile:35 - Overriding database path with different value: C:\Users\ACER\.stmcufinder\plugins\mcufinder/ => C:\Users\ACER\.stmcufinder\plugins\mcufinder
2025-09-16 13:40:39,477 [INFO] CrossReferenceDbSqlite:196 - Set database path to: C:\Users\ACER\.stmcufinder\plugins\mcufinder//mcu/cs/
2025-09-16 13:40:39,477 [WARN] DbFile:35 - Overriding database path with different value: C:\Users\ACER\.stmcufinder\plugins\mcufinder/ => C:\Users\ACER\.stmcufinder\plugins\mcufinder
2025-09-16 13:40:39,478 [INFO] DbExamplesSqlite:767 - Set database path to: C:\Users\ACER\.stmcufinder\plugins\mcufinder//mcu/
2025-09-16 13:40:39,559 [INFO] MainPanel:214 - HeapMemory: 268435456
2025-09-16 13:40:39,669 [INFO] DbMcusXml:74 - Set database path to: D:\STM32CubeIDE_1.7.0\STM32CubeIDE\plugins\com.st.stm32cube.common.mx_6.3.0.202107141111\\db\/mcu/
2025-09-16 13:40:39,669 [INFO] DbBoardsPdsc:56 - Set plugin database path to: D:\STM32CubeIDE_1.7.0\STM32CubeIDE\plugins\com.st.stm32cube.common.mx_6.3.0.202107141111\\db\/plugins/boardmanager/
2025-09-16 13:40:39,669 [INFO] DbMcus:258 - Set plugin images path to: D:\STM32CubeIDE_1.7.0\STM32CubeIDE\plugins\com.st.stm32cube.common.mx_6.3.0.202107141111\\db\/plugins/mcufinder/images/
2025-09-16 13:40:39,669 [INFO] DbBoards:264 - Set plugin images path to: D:\STM32CubeIDE_1.7.0\STM32CubeIDE\plugins\com.st.stm32cube.common.mx_6.3.0.202107141111\\db\/plugins/mcufinder/images/
2025-09-16 13:40:39,669 [INFO] DbExamples:333 - Set plugin images path to: D:\STM32CubeIDE_1.7.0\STM32CubeIDE\plugins\com.st.stm32cube.common.mx_6.3.0.202107141111\\db\/plugins/mcufinder/images/
2025-09-16 13:40:39,670 [WARN] DbFile:35 - Overriding database path with different value: C:\Users\ACER\.stmcufinder\plugins\mcufinder/ => C:\Users\ACER\.stmcufinder\plugins\mcufinder
2025-09-16 13:40:39,670 [INFO] DbMcusAds:119 - Set database path to: C:\Users\ACER\.stmcufinder\plugins\mcufinder//mcu/
2025-09-16 13:40:39,670 [WARN] DbFile:35 - Overriding database path with different value: C:\Users\ACER\.stmcufinder\plugins\mcufinder/ => C:\Users\ACER\.stmcufinder\plugins\mcufinder
2025-09-16 13:40:39,670 [INFO] DbMcusDocs:110 - Set database path to: C:\Users\ACER\.stmcufinder\plugins\mcufinder//mcu/
2025-09-16 13:40:39,670 [WARN] DbFile:35 - Overriding database path with different value: C:\Users\ACER\.stmcufinder\plugins\mcufinder/ => C:\Users\ACER\.stmcufinder\plugins\mcufinder
2025-09-16 13:40:39,670 [INFO] DbMcusJson:64 - Set database path to: C:\Users\ACER\.stmcufinder\plugins\mcufinder//mcu/
2025-09-16 13:40:39,670 [WARN] DbFile:35 - Overriding database path with different value: C:\Users\ACER\.stmcufinder\plugins\mcufinder/ => C:\Users\ACER\.stmcufinder\plugins\mcufinder
2025-09-16 13:40:39,670 [INFO] DbBoardsDocs:110 - Set database path to: C:\Users\ACER\.stmcufinder\plugins\mcufinder//mcu/
2025-09-16 13:40:39,671 [WARN] DbFile:35 - Overriding database path with different value: C:\Users\ACER\.stmcufinder\plugins\mcufinder/ => C:\Users\ACER\.stmcufinder\plugins\mcufinder
2025-09-16 13:40:39,671 [INFO] DbBoardsJson:57 - Set database path to: C:\Users\ACER\.stmcufinder\plugins\mcufinder//mcu/
2025-09-16 13:40:39,671 [WARN] DbFile:35 - Overriding database path with different value: C:\Users\ACER\.stmcufinder\plugins\mcufinder/ => C:\Users\ACER\.stmcufinder\plugins\mcufinder
2025-09-16 13:40:39,671 [WARN] DbFile:35 - Overriding database path with different value: C:\Users\ACER\.stmcufinder\plugins\mcufinder/ => C:\Users\ACER\.stmcufinder\plugins\mcufinder
2025-09-16 13:40:39,671 [INFO] CrossReferenceDbSqlite:196 - Set database path to: C:\Users\ACER\.stmcufinder\plugins\mcufinder//mcu/cs/
2025-09-16 13:40:39,671 [WARN] DbFile:35 - Overriding database path with different value: C:\Users\ACER\.stmcufinder\plugins\mcufinder/ => C:\Users\ACER\.stmcufinder\plugins\mcufinder
2025-09-16 13:40:39,671 [INFO] DbExamplesSqlite:767 - Set database path to: C:\Users\ACER\.stmcufinder\plugins\mcufinder//mcu/
2025-09-16 13:40:39,694 [INFO] ApplicationProperties:181 - Using Application install path: D:\STM32CubeIDE_1.7.0\STM32CubeIDE\plugins\com.st.stm32cube.common.mx_6.3.0.202107141111
2025-09-16 13:40:39,695 [INFO] PluginManage:188 - Search for loadable plugins [exclusion list=, ]
2025-09-16 13:40:39,697 [INFO] PluginManage:302 - Check plugin analytics
2025-09-16 13:40:40,076 [INFO] AnalyticsPlugin:257 - Accepted Software Licenses: 
2025-09-16 13:40:40,077 [INFO] AnalyticsPlugin:259 - Accepted CMSIS Pack Licenses: 
2025-09-16 13:40:40,078 [INFO] AnalyticsPlugin:261 - Accepted Firmware Licenses: 
2025-09-16 13:40:40,078 [INFO] PluginManage:352 - Loaded plugin analytics (category:tool,tabindex:-1)
2025-09-16 13:40:40,078 [INFO] PluginManage:302 - Check plugin clock
2025-09-16 13:40:40,111 [INFO] PluginManage:352 - Loaded plugin clock (category:base,tabindex:2)
2025-09-16 13:40:40,112 [INFO] PluginManage:302 - Check plugin ddr
2025-09-16 13:40:40,114 [INFO] PluginManage:352 - Loaded plugin ddr (category:tool,tabindex:6)
2025-09-16 13:40:40,114 [INFO] PluginManage:302 - Check plugin filemanager
2025-09-16 13:40:40,317 [INFO] PluginManage:352 - Loaded plugin filemanager (category:base,tabindex:10)
2025-09-16 13:40:40,318 [INFO] PluginManage:302 - Check plugin ipmanager
2025-09-16 13:40:40,328 [INFO] PluginManage:352 - Loaded plugin ipmanager (category:base,tabindex:5)
2025-09-16 13:40:40,328 [INFO] PluginManage:302 - Check plugin pinoutandconfiguration
2025-09-16 13:40:40,359 [INFO] PluginManage:352 - Loaded plugin pinoutandconfiguration (category:base,tabindex:1)
2025-09-16 13:40:40,360 [INFO] PluginManage:302 - Check plugin pinoutconfig
2025-09-16 13:40:40,411 [INFO] PluginManage:352 - Loaded plugin pinoutconfig (category:base,tabindex:0)
2025-09-16 13:40:40,411 [INFO] PluginManage:302 - Check plugin power
2025-09-16 13:40:40,445 [INFO] PluginManage:352 - Loaded plugin power (category:power,tabindex:4)
2025-09-16 13:40:40,445 [INFO] PluginManage:302 - Check plugin projectmanager
2025-09-16 13:40:40,464 [INFO] PluginManage:352 - Loaded plugin projectmanager (category:projectmanager,tabindex:3)
2025-09-16 13:40:40,464 [INFO] PluginManage:302 - Check plugin thirdparty
2025-09-16 13:40:40,825 [INFO] PluginManage:352 - Loaded plugin thirdparty (category:base,tabindex:-1)
2025-09-16 13:40:40,825 [INFO] PluginManage:302 - Check plugin tools
2025-09-16 13:40:40,825 [WARN] IntegrityCheckThread:78 - waiting for thirdparty lock release [integrity check]
2025-09-16 13:40:40,827 [INFO] IntegrityCheckThread:80 - entering critical section [integrity check]
2025-09-16 13:40:40,827 [INFO] ThirdPartyUpdaterWithRetryManager:66 - Updater plugin not ready yet. [1/15]
2025-09-16 13:40:40,946 [INFO] PluginManage:352 - Loaded plugin tools (category:base,tabindex:7)
2025-09-16 13:40:40,948 [INFO] PluginManage:302 - Check plugin tutovideos
2025-09-16 13:40:41,233 [INFO] PluginManage:352 - Loaded plugin tutovideos (category:base,tabindex:-1)
2025-09-16 13:40:41,233 [INFO] PluginManage:302 - Check plugin updater
2025-09-16 13:40:41,248 [INFO] PluginManage:352 - Loaded plugin updater (category:base,tabindex:12)
2025-09-16 13:40:41,248 [INFO] PluginManage:275 - PluginManage : Loaded plugins [13]
2025-09-16 13:40:41,462 [INFO] PinOutPanel:1463 - setPackage(No Configuration,No Configuration)
2025-09-16 13:40:41,593 [INFO] IPUIPlugin:74 - create IPUIPlugin
2025-09-16 13:40:41,593 [INFO] PluginManager:213 - loadIPPluginJar : add adc
2025-09-16 13:40:41,675 [INFO] IPUIPlugin:74 - create IPUIPlugin
2025-09-16 13:40:41,675 [INFO] PluginManager:213 - loadIPPluginJar : add aes
2025-09-16 13:40:41,773 [INFO] IPUIPlugin:74 - create IPUIPlugin
2025-09-16 13:40:41,775 [INFO] PluginManager:213 - loadIPPluginJar : add can
2025-09-16 13:40:41,848 [INFO] IPUIPlugin:74 - create IPUIPlugin
2025-09-16 13:40:41,848 [INFO] PluginManager:213 - loadIPPluginJar : add comp
2025-09-16 13:40:41,921 [INFO] IPUIPlugin:74 - create IPUIPlugin
2025-09-16 13:40:41,923 [INFO] PluginManager:213 - loadIPPluginJar : add cryp
2025-09-16 13:40:42,008 [INFO] IPUIPlugin:74 - create IPUIPlugin
2025-09-16 13:40:42,008 [INFO] PluginManager:213 - loadIPPluginJar : add dfsdm
2025-09-16 13:40:42,031 [INFO] IPUIPlugin:74 - create IPUIPlugin
2025-09-16 13:40:42,033 [INFO] PluginManager:213 - loadIPPluginJar : add dma
2025-09-16 13:40:42,137 [INFO] IPUIPlugin:74 - create IPUIPlugin
2025-09-16 13:40:42,137 [INFO] PluginManager:213 - loadIPPluginJar : add dma3
2025-09-16 13:40:42,198 [INFO] IPUIPlugin:74 - create IPUIPlugin
2025-09-16 13:40:42,198 [INFO] PluginManager:213 - loadIPPluginJar : add fatfs
2025-09-16 13:40:42,333 [INFO] IPUIPlugin:74 - create IPUIPlugin
2025-09-16 13:40:42,333 [INFO] PluginManager:213 - loadIPPluginJar : add fmc
2025-09-16 13:40:42,358 [INFO] IPUIPlugin:74 - create IPUIPlugin
2025-09-16 13:40:42,358 [INFO] PluginManager:213 - loadIPPluginJar : add freertos
2025-09-16 13:40:42,419 [INFO] IPUIPlugin:74 - create IPUIPlugin
2025-09-16 13:40:42,419 [INFO] PluginManager:213 - loadIPPluginJar : add genericplugin
2025-09-16 13:40:42,614 [INFO] IPUIPlugin:74 - create IPUIPlugin
2025-09-16 13:40:42,614 [INFO] PluginManager:213 - loadIPPluginJar : add gfxmmu
2025-09-16 13:40:42,873 [INFO] IPUIPlugin:74 - create IPUIPlugin
2025-09-16 13:40:42,873 [INFO] PluginManager:213 - loadIPPluginJar : add gic
2025-09-16 13:40:42,894 [INFO] IPUIPlugin:74 - create IPUIPlugin
2025-09-16 13:40:42,895 [INFO] PluginManager:213 - loadIPPluginJar : add gpio
2025-09-16 13:40:43,049 [INFO] IPUIPlugin:74 - create IPUIPlugin
2025-09-16 13:40:43,049 [INFO] PluginManager:213 - loadIPPluginJar : add gtzc
2025-09-16 13:40:43,120 [INFO] IPUIPlugin:74 - create IPUIPlugin
2025-09-16 13:40:43,120 [INFO] PluginManager:213 - loadIPPluginJar : add hash
2025-09-16 13:40:43,234 [INFO] IPUIPlugin:74 - create IPUIPlugin
2025-09-16 13:40:43,234 [INFO] PluginManager:213 - loadIPPluginJar : add i2c
2025-09-16 13:40:43,330 [INFO] IPUIPlugin:74 - create IPUIPlugin
2025-09-16 13:40:43,330 [INFO] PluginManager:213 - loadIPPluginJar : add i2s
2025-09-16 13:40:43,351 [INFO] IPUIPlugin:74 - create IPUIPlugin
2025-09-16 13:40:43,351 [INFO] PluginManager:213 - loadIPPluginJar : add ipddr
2025-09-16 13:40:43,538 [INFO] IPUIPlugin:74 - create IPUIPlugin
2025-09-16 13:40:43,538 [INFO] PluginManager:213 - loadIPPluginJar : add linkedlist
2025-09-16 13:40:43,627 [INFO] IPUIPlugin:74 - create IPUIPlugin
2025-09-16 13:40:43,627 [INFO] PluginManager:213 - loadIPPluginJar : add lorawan
2025-09-16 13:40:43,715 [INFO] IPUIPlugin:74 - create IPUIPlugin
2025-09-16 13:40:43,716 [INFO] PluginManager:213 - loadIPPluginJar : add ltdc
2025-09-16 13:40:43,743 [INFO] IPUIPlugin:74 - create IPUIPlugin
2025-09-16 13:40:43,744 [INFO] PluginManager:213 - loadIPPluginJar : add mdma
2025-09-16 13:40:43,767 [INFO] IPUIPlugin:74 - create IPUIPlugin
2025-09-16 13:40:43,767 [INFO] PluginManager:213 - loadIPPluginJar : add nvic
2025-09-16 13:40:43,828 [INFO] ThirdPartyUpdaterWithRetryManager:66 - Updater plugin not ready yet. [2/15]
2025-09-16 13:40:43,855 [INFO] IPUIPlugin:74 - create IPUIPlugin
2025-09-16 13:40:43,857 [INFO] PluginManager:213 - loadIPPluginJar : add opamp
2025-09-16 13:40:43,985 [INFO] IPUIPlugin:74 - create IPUIPlugin
2025-09-16 13:40:43,986 [INFO] PluginManager:213 - loadIPPluginJar : add openamp
2025-09-16 13:40:44,092 [INFO] IPUIPlugin:74 - create IPUIPlugin
2025-09-16 13:40:44,093 [INFO] PluginManager:213 - loadIPPluginJar : add pdm2pcm
2025-09-16 13:40:44,126 [INFO] IPUIPlugin:74 - create IPUIPlugin
2025-09-16 13:40:44,129 [INFO] PluginManager:213 - loadIPPluginJar : add plateformsettings
2025-09-16 13:40:44,193 [INFO] IPUIPlugin:74 - create IPUIPlugin
2025-09-16 13:40:44,194 [INFO] PluginManager:213 - loadIPPluginJar : add quadspi
2025-09-16 13:40:44,215 [INFO] IPUIPlugin:74 - create IPUIPlugin
2025-09-16 13:40:44,217 [INFO] PluginManager:213 - loadIPPluginJar : add resmgrutility
2025-09-16 13:40:44,321 [INFO] IPUIPlugin:74 - create IPUIPlugin
2025-09-16 13:40:44,321 [INFO] PluginManager:213 - loadIPPluginJar : add sai
2025-09-16 13:40:44,413 [INFO] IPUIPlugin:74 - create IPUIPlugin
2025-09-16 13:40:44,413 [INFO] PluginManager:213 - loadIPPluginJar : add spi
2025-09-16 13:40:44,539 [INFO] IPUIPlugin:74 - create IPUIPlugin
2025-09-16 13:40:44,540 [INFO] PluginManager:213 - loadIPPluginJar : add stm32_wpan
2025-09-16 13:40:44,605 [INFO] IPUIPlugin:74 - create IPUIPlugin
2025-09-16 13:40:44,606 [INFO] PluginManager:213 - loadIPPluginJar : add tim
2025-09-16 13:40:44,728 [INFO] IPUIPlugin:74 - create IPUIPlugin
2025-09-16 13:40:44,728 [INFO] PluginManager:213 - loadIPPluginJar : add touchsensing
2025-09-16 13:40:44,799 [INFO] IPUIPlugin:74 - create IPUIPlugin
2025-09-16 13:40:44,799 [INFO] PluginManager:213 - loadIPPluginJar : add tracer_emb
2025-09-16 13:40:44,868 [INFO] IPUIPlugin:74 - create IPUIPlugin
2025-09-16 13:40:44,868 [INFO] PluginManager:213 - loadIPPluginJar : add ts
2025-09-16 13:40:44,935 [INFO] IPUIPlugin:74 - create IPUIPlugin
2025-09-16 13:40:44,935 [INFO] PluginManager:213 - loadIPPluginJar : add tsc
2025-09-16 13:40:44,997 [INFO] IPUIPlugin:74 - create IPUIPlugin
2025-09-16 13:40:44,997 [INFO] PluginManager:213 - loadIPPluginJar : add ucpd
2025-09-16 13:40:45,099 [INFO] IPUIPlugin:74 - create IPUIPlugin
2025-09-16 13:40:45,099 [INFO] PluginManager:213 - loadIPPluginJar : add usart
2025-09-16 13:40:45,187 [INFO] IPUIPlugin:74 - create IPUIPlugin
2025-09-16 13:40:45,187 [INFO] PluginManager:213 - loadIPPluginJar : add usbx
2025-09-16 13:40:45,564 [FATAL] Updater:294 - Updater called before beeing initialized
2025-09-16 13:40:45,709 [FATAL] Updater:294 - Updater called before beeing initialized
2025-09-16 13:40:45,730 [INFO] DbMcusAds:47 - JSON generation date=Tue May 11 22:32:49 ICT 2021 (1620747169502)
2025-09-16 13:40:45,731 [FATAL] Updater:294 - Updater called before beeing initialized
2025-09-16 13:40:45,844 [WARN] DetailPanel:314 - Failed to get advertising image, set to default
2025-09-16 13:40:46,001 [FATAL] Updater:294 - Updater called before beeing initialized
2025-09-16 13:40:46,005 [FATAL] Updater:294 - Updater called before beeing initialized
2025-09-16 13:40:46,005 [FATAL] Updater:294 - Updater called before beeing initialized
2025-09-16 13:40:46,005 [WARN] DetailPanel:314 - Failed to get advertising image, set to default
2025-09-16 13:40:46,006 [FATAL] Updater:294 - Updater called before beeing initialized
2025-09-16 13:40:46,081 [ERROR] Updater:1075 - MainUpdater not yet initialized. External WinMGr cannot be set.
2025-09-16 13:40:46,097 [INFO] Updater:1012 - Updater Version found : 6.3.0
2025-09-16 13:40:46,122 [INFO] ApplicationProperties:181 - Using Application install path: D:\STM32CubeIDE_1.7.0\STM32CubeIDE\plugins\com.st.stm32cube.common.mx_6.3.0.202107141111
2025-09-16 13:40:46,665 [INFO] MainUpdater:2671 - connection check result : 10
2025-09-16 13:40:46,665 [INFO] MainUpdater:3359 - Updater definition file requires update
2025-09-16 13:40:46,667 [INFO] MainUpdater:265 - Updater Check For Update Now.
2025-09-16 13:40:46,667 [INFO] MicroXplorer:478 - Change Database Version : DB.6.0.30
2025-09-16 13:40:46,838 [WARN] MainUpdater:1122 - Updater busy. Cannot search thirdparties
2025-09-16 13:40:46,838 [INFO] ThirdPartyUpdaterWithRetryManager:92 - Updater plugin is busy. [1/15]
2025-09-16 13:40:46,974 [INFO] ServerAccessManage:362 - Download File updaters.zip
2025-09-16 13:40:47,657 [INFO] FileExtend:235 - Unzip File : updaters.zip
2025-09-16 13:40:47,657 [INFO] FileExtend:250 - Standard Zip Deflate
2025-09-16 13:40:48,868 [INFO] ServerAccessManage:362 - Download File PacksControlFlags.xml
2025-09-16 13:40:49,447 [INFO] ServerAccessManage:362 - Download File cubemx.pidx
2025-09-16 13:40:49,562 [INFO] LoadServerUpdatesThread:339 - End of LoadServerUpdate Thread
2025-09-16 13:40:49,729 [INFO] CheckServerUpdateThread:112 - End of CheckServer Thread
2025-09-16 13:40:49,774 [INFO] MainUpdater:2671 - connection check result : 10
2025-09-16 13:40:49,817 [INFO] McuFinderGlobals:52 - Set McuFinderConnectedMode to true
2025-09-16 13:40:49,851 [WARN] MainUpdater:1122 - Updater busy. Cannot search thirdparties
2025-09-16 13:40:49,851 [INFO] ThirdPartyUpdaterWithRetryManager:92 - Updater plugin is busy. [2/15]
2025-09-16 13:40:50,275 [INFO] ServerAccessManage:362 - Download File mcusAds.json._tmp_
2025-09-16 13:40:50,402 [INFO] LoadUrlFilesThread:145 - End of LoadUrlFiles Thread
2025-09-16 13:40:52,373 [INFO] ServerAccessManage:362 - Download File mcusDocs.json._tmp_
2025-09-16 13:40:52,859 [WARN] MainUpdater:1122 - Updater busy. Cannot search thirdparties
2025-09-16 13:40:52,859 [INFO] ThirdPartyUpdaterWithRetryManager:92 - Updater plugin is busy. [3/15]
2025-09-16 13:40:55,874 [WARN] MainUpdater:1122 - Updater busy. Cannot search thirdparties
2025-09-16 13:40:55,874 [INFO] ThirdPartyUpdaterWithRetryManager:92 - Updater plugin is busy. [4/15]
2025-09-16 13:40:58,889 [WARN] MainUpdater:1122 - Updater busy. Cannot search thirdparties
2025-09-16 13:40:58,890 [INFO] ThirdPartyUpdaterWithRetryManager:92 - Updater plugin is busy. [5/15]
2025-09-16 13:41:01,899 [WARN] MainUpdater:1122 - Updater busy. Cannot search thirdparties
2025-09-16 13:41:01,899 [INFO] ThirdPartyUpdaterWithRetryManager:92 - Updater plugin is busy. [6/15]
2025-09-16 13:41:04,909 [WARN] MainUpdater:1122 - Updater busy. Cannot search thirdparties
2025-09-16 13:41:04,909 [INFO] ThirdPartyUpdaterWithRetryManager:92 - Updater plugin is busy. [7/15]
2025-09-16 13:41:07,917 [WARN] MainUpdater:1122 - Updater busy. Cannot search thirdparties
2025-09-16 13:41:07,917 [INFO] ThirdPartyUpdaterWithRetryManager:92 - Updater plugin is busy. [8/15]
2025-09-16 13:41:10,920 [WARN] MainUpdater:1122 - Updater busy. Cannot search thirdparties
2025-09-16 13:41:10,920 [INFO] ThirdPartyUpdaterWithRetryManager:92 - Updater plugin is busy. [9/15]
2025-09-16 13:41:12,932 [INFO] LoadUrlFilesThread:145 - End of LoadUrlFiles Thread
2025-09-16 13:41:13,931 [WARN] MainUpdater:1122 - Updater busy. Cannot search thirdparties
2025-09-16 13:41:13,932 [INFO] ThirdPartyUpdaterWithRetryManager:92 - Updater plugin is busy. [10/15]
2025-09-16 13:41:14,372 [INFO] ServerAccessManage:362 - Download File mcusFeaturesAndDescription.json._tmp_
2025-09-16 13:41:16,933 [WARN] MainUpdater:1122 - Updater busy. Cannot search thirdparties
2025-09-16 13:41:16,933 [INFO] ThirdPartyUpdaterWithRetryManager:92 - Updater plugin is busy. [11/15]
2025-09-16 13:41:19,938 [WARN] MainUpdater:1122 - Updater busy. Cannot search thirdparties
2025-09-16 13:41:19,938 [INFO] ThirdPartyUpdaterWithRetryManager:92 - Updater plugin is busy. [12/15]
2025-09-16 13:41:22,938 [WARN] MainUpdater:1122 - Updater busy. Cannot search thirdparties
2025-09-16 13:41:22,938 [INFO] ThirdPartyUpdaterWithRetryManager:92 - Updater plugin is busy. [13/15]
2025-09-16 13:41:25,953 [WARN] MainUpdater:1122 - Updater busy. Cannot search thirdparties
2025-09-16 13:41:25,953 [INFO] ThirdPartyUpdaterWithRetryManager:92 - Updater plugin is busy. [14/15]
2025-09-16 13:41:28,957 [WARN] MainUpdater:1122 - Updater busy. Cannot search thirdparties
2025-09-16 13:41:28,957 [INFO] ThirdPartyUpdaterWithRetryManager:92 - Updater plugin is busy. [15/15]
2025-09-16 13:41:28,957 [ERROR] IntegrityCheckThread:124 - Cannot retrieve database content from updater: error -1
2025-09-16 13:41:28,958 [INFO] ThirdParty:915 - Integrity check success = false
2025-09-16 13:41:28,958 [INFO] IntegrityCheckThread:94 - exiting critical section [integrity check]
2025-09-16 13:41:28,958 [INFO] IntegrityCheckThread:97 - End integrity checks thread
2025-09-16 13:41:35,658 [INFO] LoadUrlFilesThread:145 - End of LoadUrlFiles Thread
2025-09-16 13:41:36,112 [INFO] ServerAccessManage:362 - Download File boardsDocs.json._tmp_
2025-09-16 13:41:36,344 [INFO] LoadUrlFilesThread:145 - End of LoadUrlFiles Thread
2025-09-16 13:41:37,624 [INFO] ServerAccessManage:362 - Download File boards.json._tmp_
2025-09-16 13:41:39,251 [INFO] LoadUrlFilesThread:145 - End of LoadUrlFiles Thread
2025-09-16 13:41:39,792 [INFO] ServerAccessManage:362 - Download File cube-finder-db.zip
2025-09-16 13:41:43,841 [ERROR] ServerAccessManage:531 - User Cancel Download : cube-finder-db.zip.
2025-09-16 13:41:43,970 [INFO] LoadUrlFilesThread:145 - End of LoadUrlFiles Thread
2025-09-16 13:41:45,488 [INFO] DbMcusAds:47 - JSON generation date=Tue Jul 08 15:14:23 ICT 2025 (1751962463582)
2025-09-16 13:41:45,515 [INFO] DbMcusDocs:143 - JSON generation date=Tue Nov 16 23:17:54 ICT 2021 (1637079474)
2025-09-16 13:41:45,516 [INFO] DbMcusXml:100 - Load MCU database from D:\STM32CubeIDE_1.7.0\STM32CubeIDE\plugins\com.st.stm32cube.common.mx_6.3.0.202107141111\\db\/mcu/families.xml
2025-09-16 13:41:46,534 [INFO] DbMcusJson:93 - JSON generation date=Tue Nov 16 23:17:54 ICT 2021 (1637079474)
2025-09-16 13:41:47,500 [INFO] DbMcus:175 - Found 1951 MCUs (1903 are supported by CubeMX, 1914 are visible in CubeMX)
2025-09-16 13:41:47,500 [INFO] ApiDb:242 - User favorites file not found: C:\Users\ACER/.stm32cubeide/favorites.mcus.txt
2025-09-16 13:41:47,500 [INFO] DbMcus:187 - Set 0 / 0 favorites MCUs
2025-09-16 13:41:48,057 [INFO] DbMcusDocs:79 - Found 682 MCUs documents
2025-09-16 13:41:48,061 [INFO] ApiDb:276 - Save user favorites file C:\Users\ACER/.stm32cubeide/favorites.mcus.txt: 0 item(s)
2025-09-16 13:41:48,061 [INFO] ApiDb:280 - User favorites MCUs=[]
2025-09-16 13:41:48,062 [INFO] DbMcusXml:100 - Load MCU database from D:\STM32CubeIDE_1.7.0\STM32CubeIDE\plugins\com.st.stm32cube.common.mx_6.3.0.202107141111\\db\/mcu/families.xml
2025-09-16 13:41:48,926 [INFO] DbMcusJson:93 - JSON generation date=Tue Nov 16 23:17:54 ICT 2021 (1637079474)
2025-09-16 13:41:49,586 [INFO] DbMcus:175 - Found 1951 MCUs (1903 are supported by CubeMX, 1914 are visible in CubeMX)
2025-09-16 13:41:49,587 [INFO] ApiDb:251 - Load user favorites file C:\Users\ACER/.stm32cubeide/favorites.mcus.txt: 0 item(s)
2025-09-16 13:41:49,587 [INFO] ApiDb:255 - User favorites MCUs=[]
2025-09-16 13:41:49,587 [INFO] DbMcus:187 - Set 0 / 0 favorites MCUs
2025-09-16 13:41:49,598 [INFO] DbBoardsDocs:143 - JSON generation date=Tue Nov 16 23:17:54 ICT 2021 (1637079474)
2025-09-16 13:41:49,627 [INFO] DbBoardsPdsc:90 - Found 25 items
2025-09-16 13:41:49,646 [INFO] DbBoardsPdsc:90 - Found 9 items
2025-09-16 13:41:49,670 [INFO] DbBoardsPdsc:90 - Found 33 items
2025-09-16 13:41:49,686 [INFO] DbBoardsPdsc:90 - Found 1 items
2025-09-16 13:41:49,710 [INFO] DbBoardsPdsc:90 - Found 48 items
2025-09-16 13:41:49,733 [INFO] DbBoardsPdsc:90 - Found 43 items
2025-09-16 13:41:49,754 [INFO] DbBoardsPdsc:90 - Found 2 items
2025-09-16 13:41:49,775 [INFO] DbBoardsPdsc:90 - Found 5 items
2025-09-16 13:41:49,782 [WARN] DbBoardsPdsc:254 - Board STM32H7B3I-DK: unknown feature type=Audio, name=, username=Audio stereo codec with Headphone Amp (CS42L51-CNZ), n=1
2025-09-16 13:41:49,783 [WARN] DbBoardsPdsc:254 - Board STM32H735G-DK: unknown feature type=Audio, name=, username=Audio stereo codec with Headphone Amp (WM8994ECS/R), n=1
2025-09-16 13:41:49,785 [WARN] DbBoardsPdsc:254 - Board STM32H7B3I-EVAL: unknown feature type=Audio, name=, username=Multi-Channel Audio Codec (CS42L51-CNZ), n=1
2025-09-16 13:41:49,785 [WARN] DbBoardsPdsc:254 - Board STM32H7B3I-EVAL: unknown feature type=Meter, name=, username=Power-metering and Temperature-monitoring with sigma-delta modulators, n=1
2025-09-16 13:41:49,785 [WARN] DbBoardsPdsc:254 - Board STM32H7B3I-EVAL: unknown feature type=Motor, name=, username=Motor Control, n=1
2025-09-16 13:41:49,786 [WARN] DbBoardsPdsc:254 - Board STM32U575I-EV: unknown feature type=joystick, name=, username=4-direction joystick with selection button, n=1
2025-09-16 13:41:49,828 [INFO] DbBoardsJson:86 - JSON generation date=Tue Nov 16 23:17:54 ICT 2021 (1637079474)
2025-09-16 13:41:49,838 [INFO] DbBoards:117 - Found 167 boards (163 are supported by CubeMX)
2025-09-16 13:41:49,840 [INFO] DbBoardsDocs:143 - JSON generation date=Tue Nov 16 23:17:54 ICT 2021 (1637079474)
2025-09-16 13:41:49,844 [INFO] DbBoardsDocs:79 - Found 209 boards documents
2025-09-16 13:41:49,846 [WARN] DbBoards:127 - board B-L475E-IOT01A2 has no document id list !
2025-09-16 13:41:49,847 [WARN] DbBoards:127 - board NUCLEO-H743ZI has no document id list !
2025-09-16 13:41:49,849 [WARN] DbBoards:127 - board NUCLEO-WL55JC2 has no document id list !
2025-09-16 13:41:49,849 [WARN] DbBoards:127 - board P-NUCLEO-WB55-Nucleo has no document id list !
2025-09-16 13:41:49,849 [WARN] DbBoards:127 - board P-NUCLEO-WB55-USBDongle has no document id list !
2025-09-16 13:41:49,849 [WARN] DbBoards:127 - board STEVAL-BFA001V1B has no document id list !
2025-09-16 13:41:49,849 [WARN] DbBoards:127 - board STEVAL-BFA001V2B has no document id list !
2025-09-16 13:41:49,849 [WARN] DbBoards:127 - board STEVAL-IDP005V1 has no document id list !
2025-09-16 13:41:49,849 [WARN] DbBoards:127 - board STEVAL-IDP005V2 has no document id list !
2025-09-16 13:41:49,849 [WARN] DbBoards:127 - board STEVAL-MKSBOX1V1 has no document id list !
2025-09-16 13:41:49,849 [WARN] DbBoards:127 - board STEVAL-STWINKT1 has no document id list !
2025-09-16 13:41:49,849 [WARN] DbBoards:127 - board STEVAL-STWINKT1B has no document id list !
2025-09-16 13:41:49,849 [WARN] DbBoards:127 - board STM32439I-EVAL2 has no document id list !
2025-09-16 13:41:49,850 [WARN] DbBoards:127 - board STM32F401C-DISCO has no document id list !
2025-09-16 13:41:49,850 [WARN] DbBoards:127 - board STM32F769I-DISC1 has no document id list !
2025-09-16 13:41:49,851 [WARN] DbBoards:127 - board STM32G474E-EVAL1 has no document id list !
2025-09-16 13:41:49,851 [WARN] DbBoards:127 - board STM32H743I-EVAL2 has no document id list !
2025-09-16 13:41:49,851 [WARN] DbBoards:127 - board STM32H747I-DISC1 has no document id list !
2025-09-16 13:41:49,852 [WARN] DbBoards:127 - board STM32H753I-EVAL2 has no document id list !
2025-09-16 13:41:49,852 [WARN] DbBoards:127 - board STM32L-DISCOVERY has no document id list !
2025-09-16 13:41:50,061 [ERROR] DbBoards:189 - Image file not found for board B-U585I-IOT02A: D:\STM32CubeIDE_1.7.0\STM32CubeIDE\plugins\com.st.stm32cube.common.mx_6.3.0.202107141111\\db\/plugins/mcufinder/images/boards/B-U585I-IOT02A_small.jpg
2025-09-16 13:41:50,218 [ERROR] DbBoards:189 - Image file not found for board NUCLEO-F413ZH: D:\STM32CubeIDE_1.7.0\STM32CubeIDE\plugins\com.st.stm32cube.common.mx_6.3.0.202107141111\\db\/plugins/mcufinder/images/boards/nucleo-f413zh_small.jpg
2025-09-16 13:41:50,460 [ERROR] DbBoards:189 - Image file not found for board NUCLEO-L552ZE-Q: D:\STM32CubeIDE_1.7.0\STM32CubeIDE\plugins\com.st.stm32cube.common.mx_6.3.0.202107141111\\db\/plugins/mcufinder/images/boards/nucleo_l552ze_q_small.jpg
2025-09-16 13:41:50,460 [ERROR] DbBoards:189 - Image file not found for board NUCLEO-U575ZI-Q: D:\STM32CubeIDE_1.7.0\STM32CubeIDE\plugins\com.st.stm32cube.common.mx_6.3.0.202107141111\\db\/plugins/mcufinder/images/boards/nucleo-u575zi-q_small.jpg
2025-09-16 13:41:50,461 [ERROR] DbBoards:189 - Image file not found for board NUCLEO-WB15CC: D:\STM32CubeIDE_1.7.0\STM32CubeIDE\plugins\com.st.stm32cube.common.mx_6.3.0.202107141111\\db\/plugins/mcufinder/images/boards/nucleo-wb15cc_small.jpg
2025-09-16 13:41:50,461 [ERROR] DbBoards:189 - Image file not found for board NUCLEO-WB55RG: D:\STM32CubeIDE_1.7.0\STM32CubeIDE\plugins\com.st.stm32cube.common.mx_6.3.0.202107141111\\db\/plugins/mcufinder/images/boards/nucleo-wb55rg_small.jpg
2025-09-16 13:41:52,729 [INFO] ApiDb:242 - User favorites file not found: C:\Users\ACER/.stm32cubeide/favorites.boards.txt
2025-09-16 13:41:52,729 [INFO] DbBoards:206 - Set 0 / 0 favorites Boards
2025-09-16 13:41:52,733 [INFO] DbBoardsDocs:79 - Found 418 boards documents
2025-09-16 13:41:52,733 [INFO] ApiDb:276 - Save user favorites file C:\Users\ACER/.stm32cubeide/favorites.boards.txt: 0 item(s)
2025-09-16 13:41:52,733 [INFO] ApiDb:280 - User favorites Boards=[]
2025-09-16 13:41:52,737 [INFO] DbBoardsPdsc:90 - Found 25 items
2025-09-16 13:41:52,738 [INFO] DbBoardsPdsc:90 - Found 9 items
2025-09-16 13:41:52,741 [INFO] DbBoardsPdsc:90 - Found 33 items
2025-09-16 13:41:52,742 [INFO] DbBoardsPdsc:90 - Found 1 items
2025-09-16 13:41:52,749 [INFO] DbBoardsPdsc:90 - Found 48 items
2025-09-16 13:41:52,756 [INFO] DbBoardsPdsc:90 - Found 43 items
2025-09-16 13:41:52,757 [INFO] DbBoardsPdsc:90 - Found 2 items
2025-09-16 13:41:52,759 [INFO] DbBoardsPdsc:90 - Found 5 items
2025-09-16 13:41:52,762 [WARN] DbBoardsPdsc:254 - Board STM32H7B3I-DK: unknown feature type=Audio, name=, username=Audio stereo codec with Headphone Amp (CS42L51-CNZ), n=1
2025-09-16 13:41:52,762 [WARN] DbBoardsPdsc:254 - Board STM32H735G-DK: unknown feature type=Audio, name=, username=Audio stereo codec with Headphone Amp (WM8994ECS/R), n=1
2025-09-16 13:41:52,764 [WARN] DbBoardsPdsc:254 - Board STM32H7B3I-EVAL: unknown feature type=Audio, name=, username=Multi-Channel Audio Codec (CS42L51-CNZ), n=1
2025-09-16 13:41:52,764 [WARN] DbBoardsPdsc:254 - Board STM32H7B3I-EVAL: unknown feature type=Meter, name=, username=Power-metering and Temperature-monitoring with sigma-delta modulators, n=1
2025-09-16 13:41:52,764 [WARN] DbBoardsPdsc:254 - Board STM32H7B3I-EVAL: unknown feature type=Motor, name=, username=Motor Control, n=1
2025-09-16 13:41:52,765 [WARN] DbBoardsPdsc:254 - Board STM32U575I-EV: unknown feature type=joystick, name=, username=4-direction joystick with selection button, n=1
2025-09-16 13:41:52,785 [INFO] DbBoardsJson:86 - JSON generation date=Tue Nov 16 23:17:54 ICT 2021 (1637079474)
2025-09-16 13:41:52,791 [INFO] DbBoards:117 - Found 167 boards (163 are supported by CubeMX)
2025-09-16 13:41:52,792 [WARN] DbBoards:127 - board B-L475E-IOT01A2 has no document id list !
2025-09-16 13:41:52,793 [WARN] DbBoards:127 - board NUCLEO-H743ZI has no document id list !
2025-09-16 13:41:52,794 [WARN] DbBoards:127 - board NUCLEO-WL55JC2 has no document id list !
2025-09-16 13:41:52,794 [WARN] DbBoards:127 - board P-NUCLEO-WB55-Nucleo has no document id list !
2025-09-16 13:41:52,794 [WARN] DbBoards:127 - board P-NUCLEO-WB55-USBDongle has no document id list !
2025-09-16 13:41:52,794 [WARN] DbBoards:127 - board STEVAL-BFA001V1B has no document id list !
2025-09-16 13:41:52,794 [WARN] DbBoards:127 - board STEVAL-BFA001V2B has no document id list !
2025-09-16 13:41:52,794 [WARN] DbBoards:127 - board STEVAL-IDP005V1 has no document id list !
2025-09-16 13:41:52,794 [WARN] DbBoards:127 - board STEVAL-IDP005V2 has no document id list !
2025-09-16 13:41:52,794 [WARN] DbBoards:127 - board STEVAL-MKSBOX1V1 has no document id list !
2025-09-16 13:41:52,794 [WARN] DbBoards:127 - board STEVAL-STWINKT1 has no document id list !
2025-09-16 13:41:52,794 [WARN] DbBoards:127 - board STEVAL-STWINKT1B has no document id list !
2025-09-16 13:41:52,794 [WARN] DbBoards:127 - board STM32439I-EVAL2 has no document id list !
2025-09-16 13:41:52,794 [WARN] DbBoards:127 - board STM32F401C-DISCO has no document id list !
2025-09-16 13:41:52,795 [WARN] DbBoards:127 - board STM32F769I-DISC1 has no document id list !
2025-09-16 13:41:52,795 [WARN] DbBoards:127 - board STM32G474E-EVAL1 has no document id list !
2025-09-16 13:41:52,795 [WARN] DbBoards:127 - board STM32H743I-EVAL2 has no document id list !
2025-09-16 13:41:52,795 [WARN] DbBoards:127 - board STM32H747I-DISC1 has no document id list !
2025-09-16 13:41:52,795 [WARN] DbBoards:127 - board STM32H753I-EVAL2 has no document id list !
2025-09-16 13:41:52,795 [WARN] DbBoards:127 - board STM32L-DISCOVERY has no document id list !
2025-09-16 13:41:52,896 [ERROR] DbBoards:189 - Image file not found for board B-U585I-IOT02A: D:\STM32CubeIDE_1.7.0\STM32CubeIDE\plugins\com.st.stm32cube.common.mx_6.3.0.202107141111\\db\/plugins/mcufinder/images/boards/B-U585I-IOT02A_small.jpg
2025-09-16 13:41:53,009 [ERROR] DbBoards:189 - Image file not found for board NUCLEO-F413ZH: D:\STM32CubeIDE_1.7.0\STM32CubeIDE\plugins\com.st.stm32cube.common.mx_6.3.0.202107141111\\db\/plugins/mcufinder/images/boards/nucleo-f413zh_small.jpg
2025-09-16 13:41:53,258 [ERROR] DbBoards:189 - Image file not found for board NUCLEO-L552ZE-Q: D:\STM32CubeIDE_1.7.0\STM32CubeIDE\plugins\com.st.stm32cube.common.mx_6.3.0.202107141111\\db\/plugins/mcufinder/images/boards/nucleo_l552ze_q_small.jpg
2025-09-16 13:41:53,258 [ERROR] DbBoards:189 - Image file not found for board NUCLEO-U575ZI-Q: D:\STM32CubeIDE_1.7.0\STM32CubeIDE\plugins\com.st.stm32cube.common.mx_6.3.0.202107141111\\db\/plugins/mcufinder/images/boards/nucleo-u575zi-q_small.jpg
2025-09-16 13:41:53,258 [ERROR] DbBoards:189 - Image file not found for board NUCLEO-WB15CC: D:\STM32CubeIDE_1.7.0\STM32CubeIDE\plugins\com.st.stm32cube.common.mx_6.3.0.202107141111\\db\/plugins/mcufinder/images/boards/nucleo-wb15cc_small.jpg
2025-09-16 13:41:53,258 [ERROR] DbBoards:189 - Image file not found for board NUCLEO-WB55RG: D:\STM32CubeIDE_1.7.0\STM32CubeIDE\plugins\com.st.stm32cube.common.mx_6.3.0.202107141111\\db\/plugins/mcufinder/images/boards/nucleo-wb55rg_small.jpg
2025-09-16 13:41:54,260 [INFO] ApiDb:251 - Load user favorites file C:\Users\ACER/.stm32cubeide/favorites.boards.txt: 0 item(s)
2025-09-16 13:41:54,260 [INFO] ApiDb:255 - User favorites Boards=[]
2025-09-16 13:41:54,260 [INFO] DbBoards:206 - Set 0 / 0 favorites Boards
2025-09-16 13:41:54,262 [ERROR] TargetSelectorAdapter:232 - Unable to refresh data
2025-09-16 13:41:54,786 [INFO] McuFinderGlobals:52 - Set McuFinderConnectedMode to false
2025-09-16 13:41:54,941 [INFO] CrossSelectorPresenter:1330 - Cross Selector saved comparison directory: C:\Users\ACER\.stmcufinder\plugins\mcufinder\mcu\cs_comparisons_mx
2025-09-16 13:41:54,950 [INFO] MultiScanPanel:197 - Auto-refresh data requested => check proxy status ongoing
2025-09-16 13:41:54,951 [INFO] MultiScanPanel:201 - Proxy status is invalid
2025-09-16 13:41:54,955 [INFO] FinderPluginLoader:87 - Searching for filters in installed packs
2025-09-16 13:41:55,675 [INFO] DetailPanel:309 - Set advertising image to C:/Users/ACER/STM32Cube/Repository/\en.2400x1350px.jpeg
2025-09-16 13:42:56,926 [INFO] McuFinderGlobals:52 - Set McuFinderConnectedMode to true
2025-09-16 13:42:58,126 [INFO] ApiDb:276 - Save user favorites file C:\Users\ACER/.stm32cubeide/favorites.mcus.txt: 0 item(s)
2025-09-16 13:42:58,127 [INFO] ApiDb:280 - User favorites MCUs=[]
2025-09-16 13:42:58,304 [INFO] McuFinderGlobals:52 - Set McuFinderConnectedMode to true
2025-09-16 13:43:00,182 [INFO] ApiDb:276 - Save user favorites file C:\Users\ACER/.stm32cubeide/favorites.mcus.txt: 0 item(s)
2025-09-16 13:43:00,182 [INFO] ApiDb:280 - User favorites MCUs=[]
2025-09-16 13:43:12,053 [INFO] MainUpdater:2671 - connection check result : 10
2025-09-16 13:43:12,053 [INFO] McuFinderGlobals:52 - Set McuFinderConnectedMode to true
2025-09-16 13:43:12,691 [INFO] ServerAccessManage:362 - Download File mcusAds.json._tmp_
2025-09-16 13:43:12,835 [INFO] LoadUrlFilesThread:145 - End of LoadUrlFiles Thread
2025-09-16 13:43:14,200 [INFO] ServerAccessManage:362 - Download File mcusDocs.json._tmp_
2025-09-16 13:43:15,492 [INFO] LoadUrlFilesThread:145 - End of LoadUrlFiles Thread
2025-09-16 13:43:16,057 [INFO] ServerAccessManage:362 - Download File mcusFeaturesAndDescription.json._tmp_
2025-09-16 13:45:47,979 [INFO] LoadUrlFilesThread:145 - End of LoadUrlFiles Thread
2025-09-16 13:45:49,142 [INFO] ServerAccessManage:362 - Download File boardsDocs.json._tmp_
2025-09-16 13:45:49,301 [INFO] LoadUrlFilesThread:145 - End of LoadUrlFiles Thread
2025-09-16 13:45:49,661 [INFO] ServerAccessManage:362 - Download File boards.json._tmp_
2025-09-16 13:45:50,915 [INFO] LoadUrlFilesThread:145 - End of LoadUrlFiles Thread
2025-09-16 13:45:52,250 [INFO] ServerAccessManage:362 - Download File cube-finder-db.zip
2025-09-16 13:46:29,043 [INFO] FileExtend:235 - Unzip File : cube-finder-db.zip
2025-09-16 13:46:29,043 [INFO] FileExtend:250 - Standard Zip Deflate
2025-09-16 13:46:30,257 [INFO] LoadUrlFilesThread:145 - End of LoadUrlFiles Thread
2025-09-16 13:46:33,376 [INFO] ServerAccessManage:362 - Download File crdb.zip
2025-09-16 13:46:49,521 [INFO] FileExtend:235 - Unzip File : crdb.zip
2025-09-16 13:46:49,521 [INFO] FileExtend:250 - Standard Zip Deflate
2025-09-16 13:46:49,683 [INFO] LoadUrlFilesThread:145 - End of LoadUrlFiles Thread
2025-09-16 13:46:50,341 [INFO] ServerAccessManage:362 - Download File tutoVideoDB.zip
2025-09-16 13:46:51,019 [INFO] FileExtend:235 - Unzip File : tutoVideoDB.zip
2025-09-16 13:46:51,019 [INFO] FileExtend:250 - Standard Zip Deflate
2025-09-16 13:46:51,177 [INFO] LoadUrlFilesThread:145 - End of LoadUrlFiles Thread
2025-09-16 13:46:51,181 [INFO] DbMcusAds:47 - JSON generation date=Tue Jul 08 15:14:23 ICT 2025 (1751962463582)
2025-09-16 13:46:51,196 [INFO] DbMcusDocs:143 - JSON generation date=Tue Nov 16 23:17:54 ICT 2021 (1637079474)
2025-09-16 13:46:51,554 [INFO] DbMcusDocs:79 - Found 682 MCUs documents
2025-09-16 13:46:51,557 [INFO] ApiDb:276 - Save user favorites file C:\Users\ACER/.stm32cubeide/favorites.mcus.txt: 0 item(s)
2025-09-16 13:46:51,557 [INFO] ApiDb:280 - User favorites MCUs=[]
2025-09-16 13:46:51,557 [INFO] DbMcusXml:100 - Load MCU database from D:\STM32CubeIDE_1.7.0\STM32CubeIDE\plugins\com.st.stm32cube.common.mx_6.3.0.202107141111\\db\/mcu/families.xml
2025-09-16 13:46:52,676 [INFO] DbMcusJson:93 - JSON generation date=Tue Nov 16 23:17:54 ICT 2021 (1637079474)
2025-09-16 13:46:53,372 [INFO] DbMcus:175 - Found 1951 MCUs (1903 are supported by CubeMX, 1914 are visible in CubeMX)
2025-09-16 13:46:53,373 [INFO] ApiDb:251 - Load user favorites file C:\Users\ACER/.stm32cubeide/favorites.mcus.txt: 0 item(s)
2025-09-16 13:46:53,373 [INFO] ApiDb:255 - User favorites MCUs=[]
2025-09-16 13:46:53,373 [INFO] DbMcus:187 - Set 0 / 0 favorites MCUs
2025-09-16 13:46:53,377 [INFO] DbBoardsDocs:143 - JSON generation date=Tue Nov 16 23:17:54 ICT 2021 (1637079474)
2025-09-16 13:46:53,381 [INFO] DbBoardsDocs:79 - Found 209 boards documents
2025-09-16 13:46:53,384 [INFO] ApiDb:276 - Save user favorites file C:\Users\ACER/.stm32cubeide/favorites.boards.txt: 0 item(s)
2025-09-16 13:46:53,384 [INFO] ApiDb:280 - User favorites Boards=[]
2025-09-16 13:46:53,388 [INFO] DbBoardsPdsc:90 - Found 25 items
2025-09-16 13:46:53,389 [INFO] DbBoardsPdsc:90 - Found 9 items
2025-09-16 13:46:53,393 [INFO] DbBoardsPdsc:90 - Found 33 items
2025-09-16 13:46:53,393 [INFO] DbBoardsPdsc:90 - Found 1 items
2025-09-16 13:46:53,401 [INFO] DbBoardsPdsc:90 - Found 48 items
2025-09-16 13:46:53,408 [INFO] DbBoardsPdsc:90 - Found 43 items
2025-09-16 13:46:53,411 [INFO] DbBoardsPdsc:90 - Found 2 items
2025-09-16 13:46:53,414 [INFO] DbBoardsPdsc:90 - Found 5 items
2025-09-16 13:46:53,417 [WARN] DbBoardsPdsc:254 - Board STM32H7B3I-DK: unknown feature type=Audio, name=, username=Audio stereo codec with Headphone Amp (CS42L51-CNZ), n=1
2025-09-16 13:46:53,419 [WARN] DbBoardsPdsc:254 - Board STM32H735G-DK: unknown feature type=Audio, name=, username=Audio stereo codec with Headphone Amp (WM8994ECS/R), n=1
2025-09-16 13:46:53,421 [WARN] DbBoardsPdsc:254 - Board STM32H7B3I-EVAL: unknown feature type=Audio, name=, username=Multi-Channel Audio Codec (CS42L51-CNZ), n=1
2025-09-16 13:46:53,421 [WARN] DbBoardsPdsc:254 - Board STM32H7B3I-EVAL: unknown feature type=Meter, name=, username=Power-metering and Temperature-monitoring with sigma-delta modulators, n=1
2025-09-16 13:46:53,421 [WARN] DbBoardsPdsc:254 - Board STM32H7B3I-EVAL: unknown feature type=Motor, name=, username=Motor Control, n=1
2025-09-16 13:46:53,422 [WARN] DbBoardsPdsc:254 - Board STM32U575I-EV: unknown feature type=joystick, name=, username=4-direction joystick with selection button, n=1
2025-09-16 13:46:53,459 [INFO] DbBoardsJson:86 - JSON generation date=Tue Nov 16 23:17:54 ICT 2021 (1637079474)
2025-09-16 13:46:53,466 [INFO] DbBoards:117 - Found 167 boards (163 are supported by CubeMX)
2025-09-16 13:46:53,468 [WARN] DbBoards:127 - board B-L475E-IOT01A2 has no document id list !
2025-09-16 13:46:53,468 [WARN] DbBoards:127 - board NUCLEO-H743ZI has no document id list !
2025-09-16 13:46:53,468 [WARN] DbBoards:127 - board NUCLEO-WL55JC2 has no document id list !
2025-09-16 13:46:53,468 [WARN] DbBoards:127 - board P-NUCLEO-WB55-Nucleo has no document id list !
2025-09-16 13:46:53,468 [WARN] DbBoards:127 - board P-NUCLEO-WB55-USBDongle has no document id list !
2025-09-16 13:46:53,468 [WARN] DbBoards:127 - board STEVAL-BFA001V1B has no document id list !
2025-09-16 13:46:53,468 [WARN] DbBoards:127 - board STEVAL-BFA001V2B has no document id list !
2025-09-16 13:46:53,468 [WARN] DbBoards:127 - board STEVAL-IDP005V1 has no document id list !
2025-09-16 13:46:53,468 [WARN] DbBoards:127 - board STEVAL-IDP005V2 has no document id list !
2025-09-16 13:46:53,469 [WARN] DbBoards:127 - board STEVAL-MKSBOX1V1 has no document id list !
2025-09-16 13:46:53,469 [WARN] DbBoards:127 - board STEVAL-STWINKT1 has no document id list !
2025-09-16 13:46:53,469 [WARN] DbBoards:127 - board STEVAL-STWINKT1B has no document id list !
2025-09-16 13:46:53,469 [WARN] DbBoards:127 - board STM32439I-EVAL2 has no document id list !
2025-09-16 13:46:53,469 [WARN] DbBoards:127 - board STM32F401C-DISCO has no document id list !
2025-09-16 13:46:53,469 [WARN] DbBoards:127 - board STM32F769I-DISC1 has no document id list !
2025-09-16 13:46:53,469 [WARN] DbBoards:127 - board STM32G474E-EVAL1 has no document id list !
2025-09-16 13:46:53,469 [WARN] DbBoards:127 - board STM32H743I-EVAL2 has no document id list !
2025-09-16 13:46:53,469 [WARN] DbBoards:127 - board STM32H747I-DISC1 has no document id list !
2025-09-16 13:46:53,469 [WARN] DbBoards:127 - board STM32H753I-EVAL2 has no document id list !
2025-09-16 13:46:53,469 [WARN] DbBoards:127 - board STM32L-DISCOVERY has no document id list !
2025-09-16 13:46:53,618 [ERROR] DbBoards:189 - Image file not found for board B-U585I-IOT02A: D:\STM32CubeIDE_1.7.0\STM32CubeIDE\plugins\com.st.stm32cube.common.mx_6.3.0.202107141111\\db\/plugins/mcufinder/images/boards/B-U585I-IOT02A_small.jpg
2025-09-16 13:46:53,756 [ERROR] DbBoards:189 - Image file not found for board NUCLEO-F413ZH: D:\STM32CubeIDE_1.7.0\STM32CubeIDE\plugins\com.st.stm32cube.common.mx_6.3.0.202107141111\\db\/plugins/mcufinder/images/boards/nucleo-f413zh_small.jpg
2025-09-16 13:46:54,065 [ERROR] DbBoards:189 - Image file not found for board NUCLEO-L552ZE-Q: D:\STM32CubeIDE_1.7.0\STM32CubeIDE\plugins\com.st.stm32cube.common.mx_6.3.0.202107141111\\db\/plugins/mcufinder/images/boards/nucleo_l552ze_q_small.jpg
2025-09-16 13:46:54,065 [ERROR] DbBoards:189 - Image file not found for board NUCLEO-U575ZI-Q: D:\STM32CubeIDE_1.7.0\STM32CubeIDE\plugins\com.st.stm32cube.common.mx_6.3.0.202107141111\\db\/plugins/mcufinder/images/boards/nucleo-u575zi-q_small.jpg
2025-09-16 13:46:54,065 [ERROR] DbBoards:189 - Image file not found for board NUCLEO-WB15CC: D:\STM32CubeIDE_1.7.0\STM32CubeIDE\plugins\com.st.stm32cube.common.mx_6.3.0.202107141111\\db\/plugins/mcufinder/images/boards/nucleo-wb15cc_small.jpg
2025-09-16 13:46:54,065 [ERROR] DbBoards:189 - Image file not found for board NUCLEO-WB55RG: D:\STM32CubeIDE_1.7.0\STM32CubeIDE\plugins\com.st.stm32cube.common.mx_6.3.0.202107141111\\db\/plugins/mcufinder/images/boards/nucleo-wb55rg_small.jpg
2025-09-16 13:46:55,595 [INFO] ApiDb:251 - Load user favorites file C:\Users\ACER/.stm32cubeide/favorites.boards.txt: 0 item(s)
2025-09-16 13:46:55,595 [INFO] ApiDb:255 - User favorites Boards=[]
2025-09-16 13:46:55,595 [INFO] DbBoards:206 - Set 0 / 0 favorites Boards
2025-09-16 13:46:55,612 [INFO] LoadUrlFilesThread:172 - End of LoadServerUrlFiles without Thread
2025-09-16 13:46:55,612 [INFO] TargetSelectorAdapter:224 - Refresh data is successful
2025-09-16 13:46:55,794 [INFO] ApiDb:479 - Connected to CubeFinder SQLite database (C:\Users\ACER\.stmcufinder\plugins\mcufinder\mcu\cube-finder-db.db)
2025-09-16 13:46:57,178 [ERROR] DbExamplesSqlite:446 - Missing JSON key: board_cpn
2025-09-16 13:46:57,178 [ERROR] DbExamplesSqlite:446 - Missing JSON key: board_cpn
2025-09-16 13:46:57,178 [ERROR] DbExamplesSqlite:446 - Missing JSON key: board_cpn
2025-09-16 13:46:57,178 [ERROR] DbExamplesSqlite:446 - Missing JSON key: board_cpn
2025-09-16 13:46:57,555 [ERROR] DbExamplesSqlite:446 - Missing JSON key: board_cpn
2025-09-16 13:46:57,556 [ERROR] DbExamplesSqlite:446 - Missing JSON key: board_cpn
2025-09-16 13:46:57,560 [INFO] DbExamplesSqlite:411 - Ignored 33 examples not supported by CubeIDE
2025-09-16 13:46:57,560 [INFO] DbExamplesSqlite:412 - Found 10871 examples active
2025-09-16 13:46:57,560 [INFO] DbExamplesSqlite:413 - Found 0 examples obsolete
2025-09-16 13:46:57,560 [INFO] DbExamplesSqlite:414 - Found 0 examples under development
2025-09-16 13:46:57,560 [INFO] DbExamplesSqlite:415 - Found 65 examples not building
2025-09-16 13:46:57,662 [INFO] DbExamplesSqlite:108 - CubeFinder database Data Model version=2.1
2025-09-16 13:46:57,662 [INFO] DbExamplesSqlite:109 - CubeFinder database Configuration version=3.0.39
2025-09-16 13:46:57,663 [INFO] DbExamplesSqlite:110 - CubeFinder database generation date=2025-08-25 (1756130511)
2025-09-16 13:46:57,663 [INFO] DbExamplesSqlite:111 - CubeFinder database FW Pack versions=[FP-ATR-ASTRA1_V2.0.0, FP-SNS-FLIGHT1_V5.1.0, FP-SNS-MOTENV1_V5.0.0, FP-SNS-MOTENVWB1_V1.4.0, FP-SNS-SMARTAG2_V1.2.0, FP-SNS-STBOX1_V2.1.0, STM32Cube_FW_C0_V1.4.0, STM32Cube_FW_F4_V1.28.3, STM32Cube_FW_F7_V1.17.4, STM32Cube_FW_G0_V1.6.2, STM32Cube_FW_G4_V1.6.1, STM32Cube_FW_H5_V1.5.0, STM32Cube_FW_H7RS_V1.2.0, STM32Cube_FW_H7_V1.12.1, STM32Cube_FW_L0_V1.12.2, STM32Cube_FW_L4_V1.18.1, STM32Cube_FW_L5_V1.5.1, STM32Cube_FW_N6_V1.2.0, STM32Cube_FW_U0_V1.3.0, STM32Cube_FW_U3_V1.2.0, STM32Cube_FW_U5_V1.8.0, STM32Cube_FW_WB0_V1.3.0, STM32Cube_FW_WBA_V1.7.0, STM32Cube_FW_WB_V1.23.0, STM32Cube_FW_WL3_V1.2.0, STM32Cube_FW_WL_V1.3.1, X-CUBE-ALGOBUILD_V1.4.0, X-CUBE-ALS_V1.0.2, X-CUBE-AZRTOS-F4_V1.1.0, X-CUBE-AZRTOS-F7_V1.1.0, X-CUBE-AZRTOS-G0_V1.1.0, X-CUBE-AZRTOS-G4_V2.0.0, X-CUBE-AZRTOS-H7RS_V1.1.0, X-CUBE-AZRTOS-H7_V3.4.0, X-CUBE-AZRTOS-L4_V2.0.0, X-CUBE-AZRTOS-L5_V2.0.0, X-CUBE-AZRTOS-WB_V2.0.0, X-CUBE-AZRTOS-WL_V2.0.0, X-CUBE-BLE1_V7.1.0, X-CUBE-BLE2_V3.3.0, X-CUBE-BLEMGR_V4.1.0, X-CUBE-EEPRMA1_V5.2.0, X-CUBE-FREERTOS_V1.3.1, X-CUBE-GNSS1_V6.0.0, X-CUBE-MEMS1_V11.3.0, X-CUBE-NFC4_V3.0.0, X-CUBE-NFC7_V2.0.0, X-CUBE-SFXS2LP1_V4.0.0, X-CUBE-ST67W61_V1.0.0, X-CUBE-SUBG2_V5.0.0, X-CUBE-TOF1_V3.4.3]
2025-09-16 13:46:57,664 [INFO] DbExamples:130 - Found 10903 examples
2025-09-16 13:46:59,668 [ERROR] DbExamples:206 - Found 10903 examples with invalid data (board or MCU)
2025-09-16 13:46:59,669 [INFO] DbExamples:222 - Found 97 boards with related examples
2025-09-16 13:46:59,670 [INFO] DbExamples:235 - Found 0 MCUs with related examples
2025-09-16 13:46:59,715 [INFO] ApiDb:242 - User favorites file not found: C:\Users\ACER/.stm32cubeide/favorites.examples.txt
2025-09-16 13:46:59,715 [INFO] DbExamples:256 - Set 0 / 0 favorites Examples
2025-09-16 13:46:59,801 [INFO] McuFinderGlobals:52 - Set McuFinderConnectedMode to false
2025-09-16 13:46:59,847 [INFO] CrossSelectorPresenter:1330 - Cross Selector saved comparison directory: C:\Users\ACER\.stmcufinder\plugins\mcufinder\mcu\cs_comparisons_mx
2025-09-16 13:46:59,848 [INFO] MultiScanPanel:197 - Auto-refresh data requested => check proxy status ongoing
2025-09-16 13:46:59,848 [INFO] MultiScanPanel:201 - Proxy status is invalid
2025-09-16 13:46:59,848 [INFO] FinderPluginLoader:87 - Searching for filters in installed packs
2025-09-16 13:47:00,232 [INFO] DetailPanel:309 - Set advertising image to C:/Users/ACER/STM32Cube/Repository/\en.2400x1350px.jpeg
2025-09-16 13:47:44,911 [INFO] MainUpdater:2671 - connection check result : 10
2025-09-16 13:47:44,912 [INFO] MainUpdater:2671 - connection check result : 10
2025-09-16 13:47:44,992 [INFO] MicroXplorer:448 - Change Database Path : 
2025-09-16 13:47:44,993 [INFO] MicroXplorer:478 - Change Database Version : DB.6.0.30
2025-09-16 13:47:44,993 [WARN] ThirdParty:813 - waiting for thirdparty lock release [close project]
2025-09-16 13:47:44,993 [INFO] ThirdParty:815 - entering critical section [close project]
2025-09-16 13:47:44,994 [INFO] ThirdParty:825 - exiting critical section [close project]
2025-09-16 13:47:44,996 [INFO] PinOutPanel:1463 - setPackage(No Configuration,No Configuration)
2025-09-16 13:47:44,997 [INFO] UtilMem:74 - Begin LoadConfig() Used Memory: 875729304 Bytes (1073741824)
2025-09-16 13:47:44,998 [INFO] MicroXplorer:448 - Change Database Path : 
2025-09-16 13:47:44,999 [INFO] MicroXplorer:478 - Change Database Version : DB.6.0.30
2025-09-16 13:47:44,999 [INFO] OpenFileManager:313 - Change cursor
2025-09-16 13:47:45,014 [WARN] IntegrityCheckThread:78 - waiting for thirdparty lock release [integrity check]
2025-09-16 13:47:45,015 [INFO] IntegrityCheckThread:80 - entering critical section [integrity check]
2025-09-16 13:47:45,085 [INFO] ThirdParty:915 - Integrity check success = true
2025-09-16 13:47:45,085 [INFO] IntegrityCheckThread:94 - exiting critical section [integrity check]
2025-09-16 13:47:45,085 [INFO] IntegrityCheckThread:97 - End integrity checks thread
2025-09-16 13:47:46,216 [INFO] Context:592 - Trying to add GPIOservice into a context  which must be forbidden
2025-09-16 13:47:46,526 [INFO] ImportTextPane:167 - (OptionalMessage_ERROR) Unable to find key (Mcu.ThirdPartyNb) in loaded IOC file
2025-09-16 13:47:46,526 [INFO] ImportTextPane:167 - (OptionalMessage_ERROR) Unable to find key (Mcu.PinsNb) in loaded IOC file
2025-09-16 13:47:46,526 [INFO] ImportTextPane:167 - (OptionalMessage_ERROR) Unable to find key (Mcu.IPNb) in loaded IOC file
2025-09-16 13:47:46,578 [INFO] RtosManager:484 - Registered RTOS mode: class=CMSIS, group=RTOS, mode=CMSIS_V1, owner=FREERTOS
2025-09-16 13:47:46,578 [INFO] RtosManager:484 - Registered RTOS mode: class=CMSIS, group=RTOS2, mode=CMSIS_V2, owner=FREERTOS
2025-09-16 13:47:46,579 [INFO] RtosManager:484 - Registered RTOS mode: class=RTOS, group=Core, mode=CMSIS_V1, owner=FREERTOS
2025-09-16 13:47:46,579 [INFO] RtosManager:484 - Registered RTOS mode: class=RTOS, group=Core, mode=CMSIS_V2, owner=FREERTOS
2025-09-16 13:47:46,579 [WARN] ModelIntegratedComponent:181 - Missing modes for component STMicroelectronics:FreeRTOS:0.0.1:STMicroelectronics:RTOS:FreeRTOS:Core:::10.2.0:
2025-09-16 13:47:46,583 [WARN] ModelIntegratedComponent:60 - No mode defined for component null
2025-09-16 13:47:46,583 [WARN] ModelIntegratedComponent:60 - No mode defined for component null
2025-09-16 13:47:46,583 [WARN] ModelIntegratedComponent:60 - No mode defined for component null
2025-09-16 13:47:46,583 [WARN] ModelIntegratedComponent:60 - No mode defined for component null
2025-09-16 13:47:46,584 [WARN] ModelIntegratedComponent:60 - No mode defined for component null
2025-09-16 13:47:46,584 [WARN] ModelIntegratedComponent:60 - No mode defined for component null
2025-09-16 13:47:46,584 [WARN] ModelIntegratedComponent:60 - No mode defined for component null
2025-09-16 13:47:46,584 [WARN] ModelIntegratedComponent:60 - No mode defined for component null
2025-09-16 13:47:46,584 [WARN] ModelIntegratedComponent:60 - No mode defined for component null
2025-09-16 13:47:46,584 [WARN] ModelIntegratedComponent:60 - No mode defined for component null
2025-09-16 13:47:46,584 [WARN] ModelIntegratedComponent:60 - No mode defined for component null
2025-09-16 13:47:46,584 [WARN] ModelIntegratedComponent:60 - No mode defined for component null
2025-09-16 13:47:46,584 [WARN] ModelIntegratedComponent:60 - No mode defined for component null
2025-09-16 13:47:46,584 [WARN] ModelIntegratedComponent:60 - No mode defined for component null
2025-09-16 13:47:46,584 [WARN] ModelIntegratedComponent:60 - No mode defined for component null
2025-09-16 13:47:46,584 [WARN] ModelIntegratedComponent:60 - No mode defined for component null
2025-09-16 13:47:46,584 [WARN] ModelIntegratedComponent:60 - No mode defined for component null
2025-09-16 13:47:46,584 [WARN] ModelIntegratedComponent:60 - No mode defined for component null
2025-09-16 13:47:46,584 [WARN] ModelIntegratedComponent:60 - No mode defined for component null
2025-09-16 13:47:46,584 [WARN] ModelIntegratedComponent:60 - No mode defined for component null
2025-09-16 13:47:46,584 [WARN] ModelIntegratedComponent:60 - No mode defined for component null
2025-09-16 13:47:46,586 [WARN] ModelIntegratedComponent:60 - No mode defined for component null
2025-09-16 13:47:46,586 [WARN] ModelIntegratedComponent:60 - No mode defined for component null
2025-09-16 13:47:46,586 [WARN] ModelIntegratedComponent:60 - No mode defined for component null
2025-09-16 13:47:46,586 [WARN] ModelIntegratedComponent:60 - No mode defined for component null
2025-09-16 13:47:46,586 [WARN] ModelIntegratedComponent:60 - No mode defined for component null
2025-09-16 13:47:46,586 [WARN] ModelIntegratedComponent:60 - No mode defined for component null
2025-09-16 13:47:46,586 [WARN] ModelIntegratedComponent:60 - No mode defined for component null
2025-09-16 13:47:46,586 [WARN] ModelIntegratedComponent:60 - No mode defined for component null
2025-09-16 13:47:46,586 [WARN] ModelIntegratedComponent:60 - No mode defined for component null
2025-09-16 13:47:46,586 [WARN] ModelIntegratedComponent:60 - No mode defined for component null
2025-09-16 13:47:46,733 [INFO] UtilMem:74 - End LoadConfig() Used Memory: 915041064 Bytes (1073741824)
2025-09-16 13:47:46,746 [WARN] ThirdParty:779 - waiting for thirdparty lock release [change project]
2025-09-16 13:47:46,747 [INFO] ThirdParty:781 - entering critical section [change project]
2025-09-16 13:47:46,747 [INFO] ThirdParty:967 - CMSIS Pack Vendor :STMicroelectronics USB_HOST 2.0.0
2025-09-16 13:47:46,747 [INFO] ThirdParty:967 - CMSIS Pack Vendor :STMicroelectronics FreeRTOS 0.0.1
2025-09-16 13:47:46,747 [INFO] ThirdParty:967 - CMSIS Pack Vendor :STMicroelectronics USB_DEVICE 1.0.0
2025-09-16 13:47:46,747 [INFO] ThirdParty:967 - CMSIS Pack Vendor :STMicroelectronics USB_DEVICE 3.0.0
2025-09-16 13:47:46,747 [INFO] ThirdParty:967 - CMSIS Pack Vendor :STMicroelectronics HAL Drivers 0.0.0
2025-09-16 13:47:46,747 [INFO] ThirdParty:967 - CMSIS Pack Vendor :STMicroelectronics MBEDTLS 2.16.2
2025-09-16 13:47:46,747 [INFO] ThirdParty:967 - CMSIS Pack Vendor :STMicroelectronics ThreadX 0.0.2
2025-09-16 13:47:46,747 [INFO] ThirdParty:967 - CMSIS Pack Vendor :STMicroelectronics lwIP 2.0.3
2025-09-16 13:47:46,748 [INFO] ThirdParty:967 - CMSIS Pack Vendor :STMicroelectronics lwIP 2.1.2
2025-09-16 13:47:46,748 [INFO] ThirdParty:967 - CMSIS Pack Vendor :STMicroelectronics MBEDTLS 2.14.1
2025-09-16 13:47:46,748 [INFO] ThirdParty:967 - CMSIS Pack Vendor :STMicroelectronics USB_HOST 1.0.0
2025-09-16 13:47:46,748 [INFO] ThirdParty:967 - CMSIS Pack Vendor :STMicroelectronics PDM2PCM 3.1.0
2025-09-16 13:47:46,748 [INFO] ThirdParty:967 - CMSIS Pack Vendor :STMicroelectronics PDM2PCM 3.2.0
2025-09-16 13:47:46,748 [INFO] ThirdParty:967 - CMSIS Pack Vendor :STMicroelectronics USB_DEVICE 2.0.0
2025-09-16 13:47:46,748 [INFO] ThirdParty:967 - CMSIS Pack Vendor :STMicroelectronics PDM2PCM 3.3.0
2025-09-16 13:47:46,748 [INFO] ThirdParty:787 - exiting critical section [change project]
2025-09-16 13:47:47,037 [INFO] PinOutPanel:1463 - setPackage(No Configuration,No Configuration)
2025-09-16 13:47:47,038 [INFO] PinOutPanel:1463 - setPackage(STM32F103C6Ux,UFQFPN48)
2025-09-16 13:47:47,533 [INFO] UtilMem:74 - Before build in PCC Used Memory: 859340376 Bytes (1073741824)
2025-09-16 13:47:48,301 [INFO] UtilMem:74 - After build in PCC Used Memory: 937983576 Bytes (1073741824)
2025-09-16 13:47:48,339 [INFO] IPUIPlugin:74 - create IPUIPlugin
2025-09-16 13:47:48,341 [INFO] IPUIPlugin:74 - create IPUIPlugin
2025-09-16 13:47:48,341 [INFO] IPUIPlugin:74 - create IPUIPlugin
2025-09-16 13:47:48,341 [INFO] IPUIPlugin:74 - create IPUIPlugin
2025-09-16 13:47:48,341 [INFO] IPUIPlugin:74 - create IPUIPlugin
2025-09-16 13:47:48,342 [INFO] IPUIPlugin:74 - create IPUIPlugin
2025-09-16 13:47:48,342 [INFO] IPUIPlugin:74 - create IPUIPlugin
2025-09-16 13:47:48,342 [INFO] IPUIPlugin:74 - create IPUIPlugin
2025-09-16 13:47:48,342 [INFO] IPUIPlugin:74 - create IPUIPlugin
2025-09-16 13:47:48,342 [INFO] IPUIPlugin:74 - create IPUIPlugin
2025-09-16 13:47:48,343 [INFO] IPUIPlugin:74 - create IPUIPlugin
2025-09-16 13:47:48,343 [INFO] IPUIPlugin:74 - create IPUIPlugin
2025-09-16 13:47:48,343 [INFO] IPUIPlugin:74 - create IPUIPlugin
2025-09-16 13:47:48,343 [INFO] IPUIPlugin:74 - create IPUIPlugin
2025-09-16 13:47:48,343 [INFO] IPUIPlugin:74 - create IPUIPlugin
2025-09-16 13:47:48,344 [INFO] IPUIPlugin:74 - create IPUIPlugin
2025-09-16 13:47:48,344 [INFO] IPUIPlugin:74 - create IPUIPlugin
2025-09-16 13:47:48,344 [INFO] IPUIPlugin:74 - create IPUIPlugin
2025-09-16 13:47:48,344 [INFO] IPUIPlugin:74 - create IPUIPlugin
2025-09-16 13:47:48,344 [INFO] IPUIPlugin:74 - create IPUIPlugin
2025-09-16 13:47:48,346 [INFO] IPUIPlugin:74 - create IPUIPlugin
2025-09-16 13:47:48,346 [INFO] IPUIPlugin:74 - create IPUIPlugin
2025-09-16 13:47:48,347 [INFO] IPUIPlugin:74 - create IPUIPlugin
2025-09-16 13:47:48,489 [INFO] OpenFileManager:333 - Restore cursor
2025-09-16 13:47:48,867 [INFO] UtilMem:74 - End SaveConfig() Used Memory: 917003704 Bytes (1073741824)
2025-09-16 13:47:48,922 [INFO] UtilMem:74 - End SaveConfig() Used Memory: 929586616 Bytes (1073741824)
2025-09-16 13:47:49,318 [INFO] BlockDiagram:2740 - set Specific Code input for plugin: NVIC
2025-09-16 13:47:49,318 [INFO] BlockDiagram:2740 - set Specific Code input for plugin: SYS
2025-09-16 13:47:49,318 [INFO] BlockDiagram:2740 - set Specific Code input for plugin: RCC
2025-09-16 13:47:49,318 [INFO] CodeGenerator:663 - code generatio: config db path: D:\STM32CubeIDE_1.7.0\STM32CubeIDE\plugins\com.st.stm32cube.common.mx_6.3.0.202107141111\\db\
2025-09-16 13:47:49,744 [INFO] CodeEngine:239 - oldGeneratedFile, D:\New folder (2)\LAB 1.5\MXTmpFiles\license.tmp_save
2025-09-16 13:47:50,154 [INFO] CodeEngine:257 - Generated code: D:\New folder (2)\LAB 1.5\MXTmpFiles\license.tmp
2025-09-16 13:47:50,363 [INFO] CodeEngine:239 - oldGeneratedFile, D:\New folder (2)\LAB 1.5\Core\Src\stm32f1xx_it.c_save
2025-09-16 13:47:50,537 [INFO] CodeEngine:257 - Generated code: D:\New folder (2)\LAB 1.5\Core\Src\stm32f1xx_it.c
2025-09-16 13:47:50,551 [INFO] CodeEngine:239 - oldGeneratedFile, D:\New folder (2)\LAB 1.5\Core\Inc\stm32f1xx_it.h_save
2025-09-16 13:47:50,667 [INFO] CodeEngine:257 - Generated code: D:\New folder (2)\LAB 1.5\Core\Inc\stm32f1xx_it.h
2025-09-16 13:47:50,687 [INFO] CodeEngine:239 - oldGeneratedFile, D:\New folder (2)\LAB 1.5\Core\Src\stm32f1xx_hal_msp.c_save
2025-09-16 13:47:50,902 [INFO] CodeEngine:257 - Generated code: D:\New folder (2)\LAB 1.5\Core\Src\stm32f1xx_hal_msp.c
2025-09-16 13:47:50,919 [INFO] CodeEngine:239 - oldGeneratedFile, D:\New folder (2)\LAB 1.5\MXTmpFiles\system.tmp_save
2025-09-16 13:47:51,031 [INFO] CodeEngine:257 - Generated code: D:\New folder (2)\LAB 1.5\MXTmpFiles\system.tmp
2025-09-16 13:47:51,052 [INFO] CodeEngine:239 - oldGeneratedFile, D:\New folder (2)\LAB 1.5\Core\Inc\stm32f1xx_hal_conf.h_save
2025-09-16 13:47:51,189 [INFO] CodeEngine:257 - Generated code: D:\New folder (2)\LAB 1.5\Core\Inc\stm32f1xx_hal_conf.h
2025-09-16 13:47:51,262 [INFO] CodeEngine:239 - oldGeneratedFile, D:\New folder (2)\LAB 1.5\Core\Inc\main.h_save
2025-09-16 13:47:51,418 [INFO] CodeEngine:257 - Generated code: D:\New folder (2)\LAB 1.5\Core\Inc\main.h
2025-09-16 13:47:51,432 [INFO] CodeEngine:239 - oldGeneratedFile, D:\New folder (2)\LAB 1.5\Core\Src\main.c_save
2025-09-16 13:47:51,602 [INFO] CodeEngine:257 - Generated code: D:\New folder (2)\LAB 1.5\Core\Src\main.c
2025-09-16 13:47:52,896 [INFO] ProjectBuilder:2578 - Time for Copy HAL[1] : 103mS.
2025-09-16 13:47:52,903 [INFO] ProjectBuilder:3622 - Project Generator version: 3.14.1
2025-09-16 13:47:53,498 [INFO] ConfigFileManager:1271 - The Die is : DIE412
2025-09-16 13:47:53,533 [INFO] ApiDbMcu:468 - Load IP Config File for FATFS
2025-09-16 13:47:53,584 [INFO] ApiDbMcu:468 - Load IP Config File for FREERTOS
2025-09-16 13:47:53,627 [INFO] ApiDbMcu:468 - Load IP Config File for USB_DEVICE
2025-09-16 13:48:01,039 [INFO] ProjectBuilder:3789 - Time for Generating toolchain IDE Files: 8136mS.
2025-09-16 13:48:01,040 [INFO] ProjectBuilder:2457 - Time for Copy CMSIS : 0mS.
2025-09-16 13:48:01,041 [INFO] ProjectBuilder:2457 - Time for Copy CMSIS : 0mS.
2025-09-16 13:48:05,811 [INFO] McuFinderGlobals:52 - Set McuFinderConnectedMode to true
2025-09-16 13:48:05,813 [INFO] ApiDb:276 - Save user favorites file C:\Users\ACER/.stm32cubeide/favorites.mcus.txt: 0 item(s)
2025-09-16 13:48:05,814 [INFO] ApiDb:280 - User favorites MCUs=[]
2025-09-16 13:50:37,313 [INFO] Activator:177 - 


2025-09-16 13:50:37,316 [INFO] Activator:178 - !SESSION log4j initialized
2025-09-16 13:51:16,805 [INFO] McuFinderGlobals:39 - Set McuFinder mode to 2 (CubeIDE integrated)
2025-09-16 13:51:17,549 [INFO] ApplicationProperties:181 - Using Application install path: D:\STM32CubeIDE_1.7.0\STM32CubeIDE\plugins\com.st.stm32cube.common.mx_6.3.0.202107141111
2025-09-16 13:51:17,561 [INFO] DbMcusXml:74 - Set database path to: D:\STM32CubeIDE_1.7.0\STM32CubeIDE\plugins\com.st.stm32cube.common.mx_6.3.0.202107141111\\db\/mcu/
2025-09-16 13:51:17,565 [INFO] DbBoardsPdsc:56 - Set plugin database path to: D:\STM32CubeIDE_1.7.0\STM32CubeIDE\plugins\com.st.stm32cube.common.mx_6.3.0.202107141111\\db\/plugins/boardmanager/
2025-09-16 13:51:17,565 [INFO] DbMcus:258 - Set plugin images path to: D:\STM32CubeIDE_1.7.0\STM32CubeIDE\plugins\com.st.stm32cube.common.mx_6.3.0.202107141111\\db\/plugins/mcufinder/images/
2025-09-16 13:51:17,565 [INFO] DbBoards:264 - Set plugin images path to: D:\STM32CubeIDE_1.7.0\STM32CubeIDE\plugins\com.st.stm32cube.common.mx_6.3.0.202107141111\\db\/plugins/mcufinder/images/
2025-09-16 13:51:17,570 [INFO] DbExamples:333 - Set plugin images path to: D:\STM32CubeIDE_1.7.0\STM32CubeIDE\plugins\com.st.stm32cube.common.mx_6.3.0.202107141111\\db\/plugins/mcufinder/images/
2025-09-16 13:51:17,575 [INFO] DbMcusAds:119 - Set database path to: C:\Users\ACER\.stmcufinder\plugins\mcufinder//mcu/
2025-09-16 13:51:17,576 [INFO] DbMcusDocs:110 - Set database path to: C:\Users\ACER\.stmcufinder\plugins\mcufinder//mcu/
2025-09-16 13:51:17,577 [INFO] DbMcusJson:64 - Set database path to: C:\Users\ACER\.stmcufinder\plugins\mcufinder//mcu/
2025-09-16 13:51:17,578 [INFO] DbBoardsDocs:110 - Set database path to: C:\Users\ACER\.stmcufinder\plugins\mcufinder//mcu/
2025-09-16 13:51:17,579 [INFO] DbBoardsJson:57 - Set database path to: C:\Users\ACER\.stmcufinder\plugins\mcufinder//mcu/
2025-09-16 13:51:17,683 [INFO] CrossReferenceDbSqlite:196 - Set database path to: C:\Users\ACER\.stmcufinder\plugins\mcufinder//mcu/cs/
2025-09-16 13:51:17,687 [INFO] DbExamplesSqlite:767 - Set database path to: C:\Users\ACER\.stmcufinder\plugins\mcufinder//mcu/
2025-09-16 13:51:17,821 [INFO] RulesReader:57 - Compatibility file has been processed (242 Rules)
2025-09-16 13:51:17,920 [INFO] DbMcusXml:74 - Set database path to: D:\STM32CubeIDE_1.7.0\STM32CubeIDE\plugins\com.st.stm32cube.common.mx_6.3.0.202107141111\\db\/mcu/
2025-09-16 13:51:17,923 [INFO] DbBoardsPdsc:56 - Set plugin database path to: D:\STM32CubeIDE_1.7.0\STM32CubeIDE\plugins\com.st.stm32cube.common.mx_6.3.0.202107141111\\db\/plugins/boardmanager/
2025-09-16 13:51:17,923 [INFO] DbMcus:258 - Set plugin images path to: D:\STM32CubeIDE_1.7.0\STM32CubeIDE\plugins\com.st.stm32cube.common.mx_6.3.0.202107141111\\db\/plugins/mcufinder/images/
2025-09-16 13:51:17,923 [INFO] DbBoards:264 - Set plugin images path to: D:\STM32CubeIDE_1.7.0\STM32CubeIDE\plugins\com.st.stm32cube.common.mx_6.3.0.202107141111\\db\/plugins/mcufinder/images/
2025-09-16 13:51:17,923 [INFO] DbExamples:333 - Set plugin images path to: D:\STM32CubeIDE_1.7.0\STM32CubeIDE\plugins\com.st.stm32cube.common.mx_6.3.0.202107141111\\db\/plugins/mcufinder/images/
2025-09-16 13:51:17,923 [WARN] DbFile:35 - Overriding database path with different value: C:\Users\ACER\.stmcufinder\plugins\mcufinder/ => C:\Users\ACER\.stmcufinder\plugins\mcufinder
2025-09-16 13:51:17,924 [INFO] DbMcusAds:119 - Set database path to: C:\Users\ACER\.stmcufinder\plugins\mcufinder//mcu/
2025-09-16 13:51:17,924 [WARN] DbFile:35 - Overriding database path with different value: C:\Users\ACER\.stmcufinder\plugins\mcufinder/ => C:\Users\ACER\.stmcufinder\plugins\mcufinder
2025-09-16 13:51:17,924 [INFO] DbMcusDocs:110 - Set database path to: C:\Users\ACER\.stmcufinder\plugins\mcufinder//mcu/
2025-09-16 13:51:17,924 [WARN] DbFile:35 - Overriding database path with different value: C:\Users\ACER\.stmcufinder\plugins\mcufinder/ => C:\Users\ACER\.stmcufinder\plugins\mcufinder
2025-09-16 13:51:17,924 [INFO] DbMcusJson:64 - Set database path to: C:\Users\ACER\.stmcufinder\plugins\mcufinder//mcu/
2025-09-16 13:51:17,924 [WARN] DbFile:35 - Overriding database path with different value: C:\Users\ACER\.stmcufinder\plugins\mcufinder/ => C:\Users\ACER\.stmcufinder\plugins\mcufinder
2025-09-16 13:51:17,924 [INFO] DbBoardsDocs:110 - Set database path to: C:\Users\ACER\.stmcufinder\plugins\mcufinder//mcu/
2025-09-16 13:51:17,924 [WARN] DbFile:35 - Overriding database path with different value: C:\Users\ACER\.stmcufinder\plugins\mcufinder/ => C:\Users\ACER\.stmcufinder\plugins\mcufinder
2025-09-16 13:51:17,924 [INFO] DbBoardsJson:57 - Set database path to: C:\Users\ACER\.stmcufinder\plugins\mcufinder//mcu/
2025-09-16 13:51:17,924 [WARN] DbFile:35 - Overriding database path with different value: C:\Users\ACER\.stmcufinder\plugins\mcufinder/ => C:\Users\ACER\.stmcufinder\plugins\mcufinder
2025-09-16 13:51:17,924 [WARN] DbFile:35 - Overriding database path with different value: C:\Users\ACER\.stmcufinder\plugins\mcufinder/ => C:\Users\ACER\.stmcufinder\plugins\mcufinder
2025-09-16 13:51:17,924 [INFO] CrossReferenceDbSqlite:196 - Set database path to: C:\Users\ACER\.stmcufinder\plugins\mcufinder//mcu/cs/
2025-09-16 13:51:17,924 [WARN] DbFile:35 - Overriding database path with different value: C:\Users\ACER\.stmcufinder\plugins\mcufinder/ => C:\Users\ACER\.stmcufinder\plugins\mcufinder
2025-09-16 13:51:17,924 [INFO] DbExamplesSqlite:767 - Set database path to: C:\Users\ACER\.stmcufinder\plugins\mcufinder//mcu/
2025-09-16 13:51:17,995 [INFO] MainPanel:214 - HeapMemory: 268435456
2025-09-16 13:51:18,078 [INFO] DbMcusXml:74 - Set database path to: D:\STM32CubeIDE_1.7.0\STM32CubeIDE\plugins\com.st.stm32cube.common.mx_6.3.0.202107141111\\db\/mcu/
2025-09-16 13:51:18,078 [INFO] DbBoardsPdsc:56 - Set plugin database path to: D:\STM32CubeIDE_1.7.0\STM32CubeIDE\plugins\com.st.stm32cube.common.mx_6.3.0.202107141111\\db\/plugins/boardmanager/
2025-09-16 13:51:18,078 [INFO] DbMcus:258 - Set plugin images path to: D:\STM32CubeIDE_1.7.0\STM32CubeIDE\plugins\com.st.stm32cube.common.mx_6.3.0.202107141111\\db\/plugins/mcufinder/images/
2025-09-16 13:51:18,078 [INFO] DbBoards:264 - Set plugin images path to: D:\STM32CubeIDE_1.7.0\STM32CubeIDE\plugins\com.st.stm32cube.common.mx_6.3.0.202107141111\\db\/plugins/mcufinder/images/
2025-09-16 13:51:18,078 [INFO] DbExamples:333 - Set plugin images path to: D:\STM32CubeIDE_1.7.0\STM32CubeIDE\plugins\com.st.stm32cube.common.mx_6.3.0.202107141111\\db\/plugins/mcufinder/images/
2025-09-16 13:51:18,079 [WARN] DbFile:35 - Overriding database path with different value: C:\Users\ACER\.stmcufinder\plugins\mcufinder/ => C:\Users\ACER\.stmcufinder\plugins\mcufinder
2025-09-16 13:51:18,079 [INFO] DbMcusAds:119 - Set database path to: C:\Users\ACER\.stmcufinder\plugins\mcufinder//mcu/
2025-09-16 13:51:18,079 [WARN] DbFile:35 - Overriding database path with different value: C:\Users\ACER\.stmcufinder\plugins\mcufinder/ => C:\Users\ACER\.stmcufinder\plugins\mcufinder
2025-09-16 13:51:18,079 [INFO] DbMcusDocs:110 - Set database path to: C:\Users\ACER\.stmcufinder\plugins\mcufinder//mcu/
2025-09-16 13:51:18,079 [WARN] DbFile:35 - Overriding database path with different value: C:\Users\ACER\.stmcufinder\plugins\mcufinder/ => C:\Users\ACER\.stmcufinder\plugins\mcufinder
2025-09-16 13:51:18,079 [INFO] DbMcusJson:64 - Set database path to: C:\Users\ACER\.stmcufinder\plugins\mcufinder//mcu/
2025-09-16 13:51:18,079 [WARN] DbFile:35 - Overriding database path with different value: C:\Users\ACER\.stmcufinder\plugins\mcufinder/ => C:\Users\ACER\.stmcufinder\plugins\mcufinder
2025-09-16 13:51:18,080 [INFO] DbBoardsDocs:110 - Set database path to: C:\Users\ACER\.stmcufinder\plugins\mcufinder//mcu/
2025-09-16 13:51:18,080 [WARN] DbFile:35 - Overriding database path with different value: C:\Users\ACER\.stmcufinder\plugins\mcufinder/ => C:\Users\ACER\.stmcufinder\plugins\mcufinder
2025-09-16 13:51:18,080 [INFO] DbBoardsJson:57 - Set database path to: C:\Users\ACER\.stmcufinder\plugins\mcufinder//mcu/
2025-09-16 13:51:18,080 [WARN] DbFile:35 - Overriding database path with different value: C:\Users\ACER\.stmcufinder\plugins\mcufinder/ => C:\Users\ACER\.stmcufinder\plugins\mcufinder
2025-09-16 13:51:18,080 [WARN] DbFile:35 - Overriding database path with different value: C:\Users\ACER\.stmcufinder\plugins\mcufinder/ => C:\Users\ACER\.stmcufinder\plugins\mcufinder
2025-09-16 13:51:18,080 [INFO] CrossReferenceDbSqlite:196 - Set database path to: C:\Users\ACER\.stmcufinder\plugins\mcufinder//mcu/cs/
2025-09-16 13:51:18,080 [WARN] DbFile:35 - Overriding database path with different value: C:\Users\ACER\.stmcufinder\plugins\mcufinder/ => C:\Users\ACER\.stmcufinder\plugins\mcufinder
2025-09-16 13:51:18,080 [INFO] DbExamplesSqlite:767 - Set database path to: C:\Users\ACER\.stmcufinder\plugins\mcufinder//mcu/
2025-09-16 13:51:18,101 [INFO] ApplicationProperties:181 - Using Application install path: D:\STM32CubeIDE_1.7.0\STM32CubeIDE\plugins\com.st.stm32cube.common.mx_6.3.0.202107141111
2025-09-16 13:51:18,103 [INFO] PluginManage:188 - Search for loadable plugins [exclusion list=, ]
2025-09-16 13:51:18,105 [INFO] PluginManage:302 - Check plugin analytics
2025-09-16 13:51:18,479 [INFO] AnalyticsPlugin:257 - Accepted Software Licenses: 
2025-09-16 13:51:18,480 [INFO] AnalyticsPlugin:259 - Accepted CMSIS Pack Licenses: 
2025-09-16 13:51:18,481 [INFO] AnalyticsPlugin:261 - Accepted Firmware Licenses: 
2025-09-16 13:51:18,481 [INFO] PluginManage:352 - Loaded plugin analytics (category:tool,tabindex:-1)
2025-09-16 13:51:18,481 [INFO] PluginManage:302 - Check plugin clock
2025-09-16 13:51:18,513 [INFO] PluginManage:352 - Loaded plugin clock (category:base,tabindex:2)
2025-09-16 13:51:18,513 [INFO] PluginManage:302 - Check plugin ddr
2025-09-16 13:51:18,515 [INFO] PluginManage:352 - Loaded plugin ddr (category:tool,tabindex:6)
2025-09-16 13:51:18,515 [INFO] PluginManage:302 - Check plugin filemanager
2025-09-16 13:51:18,662 [INFO] PluginManage:352 - Loaded plugin filemanager (category:base,tabindex:10)
2025-09-16 13:51:18,663 [INFO] PluginManage:302 - Check plugin ipmanager
2025-09-16 13:51:18,672 [INFO] PluginManage:352 - Loaded plugin ipmanager (category:base,tabindex:5)
2025-09-16 13:51:18,672 [INFO] PluginManage:302 - Check plugin pinoutandconfiguration
2025-09-16 13:51:18,705 [INFO] PluginManage:352 - Loaded plugin pinoutandconfiguration (category:base,tabindex:1)
2025-09-16 13:51:18,706 [INFO] PluginManage:302 - Check plugin pinoutconfig
2025-09-16 13:51:18,756 [INFO] PluginManage:352 - Loaded plugin pinoutconfig (category:base,tabindex:0)
2025-09-16 13:51:18,756 [INFO] PluginManage:302 - Check plugin power
2025-09-16 13:51:18,784 [INFO] PluginManage:352 - Loaded plugin power (category:power,tabindex:4)
2025-09-16 13:51:18,784 [INFO] PluginManage:302 - Check plugin projectmanager
2025-09-16 13:51:18,801 [INFO] PluginManage:352 - Loaded plugin projectmanager (category:projectmanager,tabindex:3)
2025-09-16 13:51:18,802 [INFO] PluginManage:302 - Check plugin thirdparty
2025-09-16 13:51:19,172 [INFO] PluginManage:352 - Loaded plugin thirdparty (category:base,tabindex:-1)
2025-09-16 13:51:19,172 [INFO] PluginManage:302 - Check plugin tools
2025-09-16 13:51:19,172 [WARN] IntegrityCheckThread:78 - waiting for thirdparty lock release [integrity check]
2025-09-16 13:51:19,175 [INFO] IntegrityCheckThread:80 - entering critical section [integrity check]
2025-09-16 13:51:19,175 [INFO] ThirdPartyUpdaterWithRetryManager:66 - Updater plugin not ready yet. [1/15]
2025-09-16 13:51:19,287 [INFO] PluginManage:352 - Loaded plugin tools (category:base,tabindex:7)
2025-09-16 13:51:19,287 [INFO] PluginManage:302 - Check plugin tutovideos
2025-09-16 13:51:19,550 [INFO] PluginManage:352 - Loaded plugin tutovideos (category:base,tabindex:-1)
2025-09-16 13:51:19,550 [INFO] PluginManage:302 - Check plugin updater
2025-09-16 13:51:19,564 [INFO] PluginManage:352 - Loaded plugin updater (category:base,tabindex:12)
2025-09-16 13:51:19,564 [INFO] PluginManage:275 - PluginManage : Loaded plugins [13]
2025-09-16 13:51:19,764 [INFO] PinOutPanel:1463 - setPackage(No Configuration,No Configuration)
2025-09-16 13:51:19,877 [INFO] IPUIPlugin:74 - create IPUIPlugin
2025-09-16 13:51:19,877 [INFO] PluginManager:213 - loadIPPluginJar : add adc
2025-09-16 13:51:19,959 [INFO] IPUIPlugin:74 - create IPUIPlugin
2025-09-16 13:51:19,959 [INFO] PluginManager:213 - loadIPPluginJar : add aes
2025-09-16 13:51:20,050 [INFO] IPUIPlugin:74 - create IPUIPlugin
2025-09-16 13:51:20,050 [INFO] PluginManager:213 - loadIPPluginJar : add can
2025-09-16 13:51:20,120 [INFO] IPUIPlugin:74 - create IPUIPlugin
2025-09-16 13:51:20,120 [INFO] PluginManager:213 - loadIPPluginJar : add comp
2025-09-16 13:51:20,193 [INFO] IPUIPlugin:74 - create IPUIPlugin
2025-09-16 13:51:20,194 [INFO] PluginManager:213 - loadIPPluginJar : add cryp
2025-09-16 13:51:20,271 [INFO] IPUIPlugin:74 - create IPUIPlugin
2025-09-16 13:51:20,271 [INFO] PluginManager:213 - loadIPPluginJar : add dfsdm
2025-09-16 13:51:20,296 [INFO] IPUIPlugin:74 - create IPUIPlugin
2025-09-16 13:51:20,296 [INFO] PluginManager:213 - loadIPPluginJar : add dma
2025-09-16 13:51:20,444 [INFO] IPUIPlugin:74 - create IPUIPlugin
2025-09-16 13:51:20,444 [INFO] PluginManager:213 - loadIPPluginJar : add dma3
2025-09-16 13:51:20,508 [INFO] IPUIPlugin:74 - create IPUIPlugin
2025-09-16 13:51:20,508 [INFO] PluginManager:213 - loadIPPluginJar : add fatfs
2025-09-16 13:51:20,612 [INFO] IPUIPlugin:74 - create IPUIPlugin
2025-09-16 13:51:20,612 [INFO] PluginManager:213 - loadIPPluginJar : add fmc
2025-09-16 13:51:20,636 [INFO] IPUIPlugin:74 - create IPUIPlugin
2025-09-16 13:51:20,636 [INFO] PluginManager:213 - loadIPPluginJar : add freertos
2025-09-16 13:51:20,693 [INFO] IPUIPlugin:74 - create IPUIPlugin
2025-09-16 13:51:20,693 [INFO] PluginManager:213 - loadIPPluginJar : add genericplugin
2025-09-16 13:51:20,876 [INFO] IPUIPlugin:74 - create IPUIPlugin
2025-09-16 13:51:20,877 [INFO] PluginManager:213 - loadIPPluginJar : add gfxmmu
2025-09-16 13:51:21,116 [INFO] IPUIPlugin:74 - create IPUIPlugin
2025-09-16 13:51:21,116 [INFO] PluginManager:213 - loadIPPluginJar : add gic
2025-09-16 13:51:21,136 [INFO] IPUIPlugin:74 - create IPUIPlugin
2025-09-16 13:51:21,136 [INFO] PluginManager:213 - loadIPPluginJar : add gpio
2025-09-16 13:51:21,292 [INFO] IPUIPlugin:74 - create IPUIPlugin
2025-09-16 13:51:21,292 [INFO] PluginManager:213 - loadIPPluginJar : add gtzc
2025-09-16 13:51:21,380 [INFO] IPUIPlugin:74 - create IPUIPlugin
2025-09-16 13:51:21,380 [INFO] PluginManager:213 - loadIPPluginJar : add hash
2025-09-16 13:51:21,488 [INFO] IPUIPlugin:74 - create IPUIPlugin
2025-09-16 13:51:21,489 [INFO] PluginManager:213 - loadIPPluginJar : add i2c
2025-09-16 13:51:21,576 [INFO] IPUIPlugin:74 - create IPUIPlugin
2025-09-16 13:51:21,576 [INFO] PluginManager:213 - loadIPPluginJar : add i2s
2025-09-16 13:51:21,596 [INFO] IPUIPlugin:74 - create IPUIPlugin
2025-09-16 13:51:21,596 [INFO] PluginManager:213 - loadIPPluginJar : add ipddr
2025-09-16 13:51:21,778 [INFO] IPUIPlugin:74 - create IPUIPlugin
2025-09-16 13:51:21,778 [INFO] PluginManager:213 - loadIPPluginJar : add linkedlist
2025-09-16 13:51:21,866 [INFO] IPUIPlugin:74 - create IPUIPlugin
2025-09-16 13:51:21,866 [INFO] PluginManager:213 - loadIPPluginJar : add lorawan
2025-09-16 13:51:21,953 [INFO] IPUIPlugin:74 - create IPUIPlugin
2025-09-16 13:51:21,953 [INFO] PluginManager:213 - loadIPPluginJar : add ltdc
2025-09-16 13:51:21,973 [INFO] IPUIPlugin:74 - create IPUIPlugin
2025-09-16 13:51:21,973 [INFO] PluginManager:213 - loadIPPluginJar : add mdma
2025-09-16 13:51:21,991 [INFO] IPUIPlugin:74 - create IPUIPlugin
2025-09-16 13:51:21,992 [INFO] PluginManager:213 - loadIPPluginJar : add nvic
2025-09-16 13:51:22,092 [INFO] IPUIPlugin:74 - create IPUIPlugin
2025-09-16 13:51:22,092 [INFO] PluginManager:213 - loadIPPluginJar : add opamp
2025-09-16 13:51:22,189 [INFO] ThirdPartyUpdaterWithRetryManager:66 - Updater plugin not ready yet. [2/15]
2025-09-16 13:51:22,234 [INFO] IPUIPlugin:74 - create IPUIPlugin
2025-09-16 13:51:22,234 [INFO] PluginManager:213 - loadIPPluginJar : add openamp
2025-09-16 13:51:22,339 [INFO] IPUIPlugin:74 - create IPUIPlugin
2025-09-16 13:51:22,340 [INFO] PluginManager:213 - loadIPPluginJar : add pdm2pcm
2025-09-16 13:51:22,364 [INFO] IPUIPlugin:74 - create IPUIPlugin
2025-09-16 13:51:22,367 [INFO] PluginManager:213 - loadIPPluginJar : add plateformsettings
2025-09-16 13:51:22,431 [INFO] IPUIPlugin:74 - create IPUIPlugin
2025-09-16 13:51:22,431 [INFO] PluginManager:213 - loadIPPluginJar : add quadspi
2025-09-16 13:51:22,452 [INFO] IPUIPlugin:74 - create IPUIPlugin
2025-09-16 13:51:22,452 [INFO] PluginManager:213 - loadIPPluginJar : add resmgrutility
2025-09-16 13:51:22,560 [INFO] IPUIPlugin:74 - create IPUIPlugin
2025-09-16 13:51:22,560 [INFO] PluginManager:213 - loadIPPluginJar : add sai
2025-09-16 13:51:22,653 [INFO] IPUIPlugin:74 - create IPUIPlugin
2025-09-16 13:51:22,653 [INFO] PluginManager:213 - loadIPPluginJar : add spi
2025-09-16 13:51:22,764 [INFO] IPUIPlugin:74 - create IPUIPlugin
2025-09-16 13:51:22,764 [INFO] PluginManager:213 - loadIPPluginJar : add stm32_wpan
2025-09-16 13:51:22,830 [INFO] IPUIPlugin:74 - create IPUIPlugin
2025-09-16 13:51:22,830 [INFO] PluginManager:213 - loadIPPluginJar : add tim
2025-09-16 13:51:22,957 [INFO] IPUIPlugin:74 - create IPUIPlugin
2025-09-16 13:51:22,957 [INFO] PluginManager:213 - loadIPPluginJar : add touchsensing
2025-09-16 13:51:23,020 [INFO] IPUIPlugin:74 - create IPUIPlugin
2025-09-16 13:51:23,021 [INFO] PluginManager:213 - loadIPPluginJar : add tracer_emb
2025-09-16 13:51:23,090 [INFO] IPUIPlugin:74 - create IPUIPlugin
2025-09-16 13:51:23,090 [INFO] PluginManager:213 - loadIPPluginJar : add ts
2025-09-16 13:51:23,157 [INFO] IPUIPlugin:74 - create IPUIPlugin
2025-09-16 13:51:23,157 [INFO] PluginManager:213 - loadIPPluginJar : add tsc
2025-09-16 13:51:23,219 [INFO] IPUIPlugin:74 - create IPUIPlugin
2025-09-16 13:51:23,219 [INFO] PluginManager:213 - loadIPPluginJar : add ucpd
2025-09-16 13:51:23,320 [INFO] IPUIPlugin:74 - create IPUIPlugin
2025-09-16 13:51:23,321 [INFO] PluginManager:213 - loadIPPluginJar : add usart
2025-09-16 13:51:23,409 [INFO] IPUIPlugin:74 - create IPUIPlugin
2025-09-16 13:51:23,409 [INFO] PluginManager:213 - loadIPPluginJar : add usbx
2025-09-16 13:51:23,773 [FATAL] Updater:294 - Updater called before beeing initialized
2025-09-16 13:51:23,926 [FATAL] Updater:294 - Updater called before beeing initialized
2025-09-16 13:51:23,943 [INFO] DbMcusAds:47 - JSON generation date=Tue Jul 08 15:14:23 ICT 2025 (1751962463582)
2025-09-16 13:51:23,943 [FATAL] Updater:294 - Updater called before beeing initialized
2025-09-16 13:51:24,059 [WARN] DetailPanel:314 - Failed to get advertising image, set to default
2025-09-16 13:51:24,201 [FATAL] Updater:294 - Updater called before beeing initialized
2025-09-16 13:51:24,203 [FATAL] Updater:294 - Updater called before beeing initialized
2025-09-16 13:51:24,203 [FATAL] Updater:294 - Updater called before beeing initialized
2025-09-16 13:51:24,203 [WARN] DetailPanel:314 - Failed to get advertising image, set to default
2025-09-16 13:51:24,205 [FATAL] Updater:294 - Updater called before beeing initialized
2025-09-16 13:51:24,294 [ERROR] Updater:1075 - MainUpdater not yet initialized. External WinMGr cannot be set.
2025-09-16 13:51:24,310 [INFO] Updater:1012 - Updater Version found : 6.3.0
2025-09-16 13:51:24,331 [INFO] ApplicationProperties:181 - Using Application install path: D:\STM32CubeIDE_1.7.0\STM32CubeIDE\plugins\com.st.stm32cube.common.mx_6.3.0.202107141111
2025-09-16 13:51:25,201 [INFO] ThirdPartyUpdaterWithRetryManager:66 - Updater plugin not ready yet. [3/15]
2025-09-16 13:51:25,696 [INFO] MainUpdater:2671 - connection check result : 10
2025-09-16 13:51:25,697 [INFO] MainUpdater:265 - Updater Check For Update Now.
2025-09-16 13:51:25,697 [INFO] MicroXplorer:478 - Change Database Version : DB.6.0.30
2025-09-16 13:51:25,891 [INFO] CheckServerUpdateThread:112 - End of CheckServer Thread
2025-09-16 13:51:25,969 [INFO] MainUpdater:2671 - connection check result : 10
2025-09-16 13:51:26,586 [INFO] McuFinderGlobals:52 - Set McuFinderConnectedMode to false
2025-09-16 13:51:26,716 [INFO] CrossSelectorPresenter:1330 - Cross Selector saved comparison directory: C:\Users\ACER\.stmcufinder\plugins\mcufinder\mcu\cs_comparisons_mx
2025-09-16 13:51:26,722 [INFO] MultiScanPanel:197 - Auto-refresh data requested => check proxy status ongoing
2025-09-16 13:51:26,722 [INFO] MultiScanPanel:201 - Proxy status is invalid
2025-09-16 13:51:26,726 [INFO] FinderPluginLoader:87 - Searching for filters in installed packs
2025-09-16 13:51:26,728 [INFO] DbMcusXml:100 - Load MCU database from D:\STM32CubeIDE_1.7.0\STM32CubeIDE\plugins\com.st.stm32cube.common.mx_6.3.0.202107141111\\db\/mcu/families.xml
2025-09-16 13:51:27,747 [INFO] DbMcusJson:93 - JSON generation date=Tue Nov 16 23:17:54 ICT 2021 (1637079474)
2025-09-16 13:51:28,277 [INFO] ThirdParty:915 - Integrity check success = true
2025-09-16 13:51:28,277 [INFO] IntegrityCheckThread:94 - exiting critical section [integrity check]
2025-09-16 13:51:28,277 [INFO] IntegrityCheckThread:97 - End integrity checks thread
2025-09-16 13:51:28,577 [INFO] DbMcus:175 - Found 1951 MCUs (1903 are supported by CubeMX, 1914 are visible in CubeMX)
2025-09-16 13:51:28,578 [INFO] ApiDb:251 - Load user favorites file C:\Users\ACER/.stm32cubeide/favorites.mcus.txt: 0 item(s)
2025-09-16 13:51:28,578 [INFO] ApiDb:255 - User favorites MCUs=[]
2025-09-16 13:51:28,578 [INFO] DbMcus:187 - Set 0 / 0 favorites MCUs
2025-09-16 13:51:29,198 [INFO] DetailPanel:309 - Set advertising image to C:/Users/ACER/STM32Cube/Repository/\en.2400x1350px.jpeg
2025-09-16 13:51:29,626 [INFO] DbBoardsPdsc:90 - Found 25 items
2025-09-16 13:51:29,647 [INFO] DbBoardsPdsc:90 - Found 9 items
2025-09-16 13:51:29,674 [INFO] DbBoardsPdsc:90 - Found 33 items
2025-09-16 13:51:29,691 [INFO] DbBoardsPdsc:90 - Found 1 items
2025-09-16 13:51:29,715 [INFO] DbBoardsPdsc:90 - Found 48 items
2025-09-16 13:51:29,740 [INFO] DbBoardsPdsc:90 - Found 43 items
2025-09-16 13:51:29,759 [INFO] DbBoardsPdsc:90 - Found 2 items
2025-09-16 13:51:29,776 [INFO] DbBoardsPdsc:90 - Found 5 items
2025-09-16 13:51:29,781 [WARN] DbBoardsPdsc:254 - Board STM32H7B3I-DK: unknown feature type=Audio, name=, username=Audio stereo codec with Headphone Amp (CS42L51-CNZ), n=1
2025-09-16 13:51:29,782 [WARN] DbBoardsPdsc:254 - Board STM32H735G-DK: unknown feature type=Audio, name=, username=Audio stereo codec with Headphone Amp (WM8994ECS/R), n=1
2025-09-16 13:51:29,784 [WARN] DbBoardsPdsc:254 - Board STM32H7B3I-EVAL: unknown feature type=Audio, name=, username=Multi-Channel Audio Codec (CS42L51-CNZ), n=1
2025-09-16 13:51:29,784 [WARN] DbBoardsPdsc:254 - Board STM32H7B3I-EVAL: unknown feature type=Meter, name=, username=Power-metering and Temperature-monitoring with sigma-delta modulators, n=1
2025-09-16 13:51:29,784 [WARN] DbBoardsPdsc:254 - Board STM32H7B3I-EVAL: unknown feature type=Motor, name=, username=Motor Control, n=1
2025-09-16 13:51:29,785 [WARN] DbBoardsPdsc:254 - Board STM32U575I-EV: unknown feature type=joystick, name=, username=4-direction joystick with selection button, n=1
2025-09-16 13:51:29,833 [INFO] DbBoardsJson:86 - JSON generation date=Tue Nov 16 23:17:54 ICT 2021 (1637079474)
2025-09-16 13:51:29,859 [INFO] DbBoards:117 - Found 167 boards (163 are supported by CubeMX)
2025-09-16 13:51:29,877 [INFO] DbBoardsDocs:143 - JSON generation date=Tue Nov 16 23:17:54 ICT 2021 (1637079474)
2025-09-16 13:51:29,881 [INFO] DbBoardsDocs:79 - Found 209 boards documents
2025-09-16 13:51:29,883 [WARN] DbBoards:127 - board B-L475E-IOT01A2 has no document id list !
2025-09-16 13:51:29,884 [WARN] DbBoards:127 - board NUCLEO-H743ZI has no document id list !
2025-09-16 13:51:29,885 [WARN] DbBoards:127 - board NUCLEO-WL55JC2 has no document id list !
2025-09-16 13:51:29,885 [WARN] DbBoards:127 - board P-NUCLEO-WB55-Nucleo has no document id list !
2025-09-16 13:51:29,886 [WARN] DbBoards:127 - board P-NUCLEO-WB55-USBDongle has no document id list !
2025-09-16 13:51:29,886 [WARN] DbBoards:127 - board STEVAL-BFA001V1B has no document id list !
2025-09-16 13:51:29,886 [WARN] DbBoards:127 - board STEVAL-BFA001V2B has no document id list !
2025-09-16 13:51:29,886 [WARN] DbBoards:127 - board STEVAL-IDP005V1 has no document id list !
2025-09-16 13:51:29,886 [WARN] DbBoards:127 - board STEVAL-IDP005V2 has no document id list !
2025-09-16 13:51:29,886 [WARN] DbBoards:127 - board STEVAL-MKSBOX1V1 has no document id list !
2025-09-16 13:51:29,886 [WARN] DbBoards:127 - board STEVAL-STWINKT1 has no document id list !
2025-09-16 13:51:29,886 [WARN] DbBoards:127 - board STEVAL-STWINKT1B has no document id list !
2025-09-16 13:51:29,886 [WARN] DbBoards:127 - board STM32439I-EVAL2 has no document id list !
2025-09-16 13:51:29,887 [WARN] DbBoards:127 - board STM32F401C-DISCO has no document id list !
2025-09-16 13:51:29,887 [WARN] DbBoards:127 - board STM32F769I-DISC1 has no document id list !
2025-09-16 13:51:29,888 [WARN] DbBoards:127 - board STM32G474E-EVAL1 has no document id list !
2025-09-16 13:51:29,888 [WARN] DbBoards:127 - board STM32H743I-EVAL2 has no document id list !
2025-09-16 13:51:29,888 [WARN] DbBoards:127 - board STM32H747I-DISC1 has no document id list !
2025-09-16 13:51:29,888 [WARN] DbBoards:127 - board STM32H753I-EVAL2 has no document id list !
2025-09-16 13:51:29,889 [WARN] DbBoards:127 - board STM32L-DISCOVERY has no document id list !
2025-09-16 13:51:30,090 [ERROR] DbBoards:189 - Image file not found for board B-U585I-IOT02A: D:\STM32CubeIDE_1.7.0\STM32CubeIDE\plugins\com.st.stm32cube.common.mx_6.3.0.202107141111\\db\/plugins/mcufinder/images/boards/B-U585I-IOT02A_small.jpg
2025-09-16 13:51:30,241 [ERROR] DbBoards:189 - Image file not found for board NUCLEO-F413ZH: D:\STM32CubeIDE_1.7.0\STM32CubeIDE\plugins\com.st.stm32cube.common.mx_6.3.0.202107141111\\db\/plugins/mcufinder/images/boards/nucleo-f413zh_small.jpg
2025-09-16 13:51:30,499 [ERROR] DbBoards:189 - Image file not found for board NUCLEO-L552ZE-Q: D:\STM32CubeIDE_1.7.0\STM32CubeIDE\plugins\com.st.stm32cube.common.mx_6.3.0.202107141111\\db\/plugins/mcufinder/images/boards/nucleo_l552ze_q_small.jpg
2025-09-16 13:51:30,500 [ERROR] DbBoards:189 - Image file not found for board NUCLEO-U575ZI-Q: D:\STM32CubeIDE_1.7.0\STM32CubeIDE\plugins\com.st.stm32cube.common.mx_6.3.0.202107141111\\db\/plugins/mcufinder/images/boards/nucleo-u575zi-q_small.jpg
2025-09-16 13:51:30,500 [ERROR] DbBoards:189 - Image file not found for board NUCLEO-WB15CC: D:\STM32CubeIDE_1.7.0\STM32CubeIDE\plugins\com.st.stm32cube.common.mx_6.3.0.202107141111\\db\/plugins/mcufinder/images/boards/nucleo-wb15cc_small.jpg
2025-09-16 13:51:30,500 [ERROR] DbBoards:189 - Image file not found for board NUCLEO-WB55RG: D:\STM32CubeIDE_1.7.0\STM32CubeIDE\plugins\com.st.stm32cube.common.mx_6.3.0.202107141111\\db\/plugins/mcufinder/images/boards/nucleo-wb55rg_small.jpg
2025-09-16 13:51:32,765 [INFO] ApiDb:251 - Load user favorites file C:\Users\ACER/.stm32cubeide/favorites.boards.txt: 0 item(s)
2025-09-16 13:51:32,766 [INFO] ApiDb:255 - User favorites Boards=[]
2025-09-16 13:51:32,766 [INFO] DbBoards:206 - Set 0 / 0 favorites Boards
2025-09-16 13:51:50,688 [INFO] DbMcusDocs:143 - JSON generation date=Tue Nov 16 23:17:54 ICT 2021 (1637079474)
2025-09-16 13:51:51,071 [INFO] DbMcusDocs:79 - Found 682 MCUs documents
2025-09-16 13:53:12,263 [INFO] MainUpdater:2671 - connection check result : 10
2025-09-16 13:53:12,263 [INFO] MainUpdater:2671 - connection check result : 10
2025-09-16 13:53:12,354 [INFO] MicroXplorer:448 - Change Database Path : 
2025-09-16 13:53:12,354 [INFO] MicroXplorer:478 - Change Database Version : DB.6.0.30
2025-09-16 13:53:12,356 [WARN] ThirdParty:813 - waiting for thirdparty lock release [close project]
2025-09-16 13:53:12,356 [INFO] ThirdParty:815 - entering critical section [close project]
2025-09-16 13:53:12,357 [INFO] ThirdParty:825 - exiting critical section [close project]
2025-09-16 13:53:12,363 [INFO] PinOutPanel:1463 - setPackage(No Configuration,No Configuration)
2025-09-16 13:53:12,364 [INFO] UtilMem:74 - Begin LoadConfig() Used Memory: 503482776 Bytes (593494016)
2025-09-16 13:53:12,366 [INFO] MicroXplorer:448 - Change Database Path : 
2025-09-16 13:53:12,366 [INFO] MicroXplorer:478 - Change Database Version : DB.6.0.30
2025-09-16 13:53:12,367 [INFO] OpenFileManager:313 - Change cursor
2025-09-16 13:53:13,547 [INFO] Context:592 - Trying to add GPIOservice into a context  which must be forbidden
2025-09-16 13:53:13,834 [INFO] ImportTextPane:167 - (OptionalMessage_ERROR) Unable to find key (Mcu.ThirdPartyNb) in loaded IOC file
2025-09-16 13:53:13,835 [INFO] ImportTextPane:167 - (OptionalMessage_ERROR) Unable to find key (Mcu.PinsNb) in loaded IOC file
2025-09-16 13:53:13,835 [INFO] ImportTextPane:167 - (OptionalMessage_ERROR) Unable to find key (Mcu.IPNb) in loaded IOC file
2025-09-16 13:53:13,888 [INFO] RtosManager:484 - Registered RTOS mode: class=CMSIS, group=RTOS, mode=CMSIS_V1, owner=FREERTOS
2025-09-16 13:53:13,888 [INFO] RtosManager:484 - Registered RTOS mode: class=CMSIS, group=RTOS2, mode=CMSIS_V2, owner=FREERTOS
2025-09-16 13:53:13,889 [INFO] RtosManager:484 - Registered RTOS mode: class=RTOS, group=Core, mode=CMSIS_V1, owner=FREERTOS
2025-09-16 13:53:13,889 [INFO] RtosManager:484 - Registered RTOS mode: class=RTOS, group=Core, mode=CMSIS_V2, owner=FREERTOS
2025-09-16 13:53:13,889 [WARN] ModelIntegratedComponent:181 - Missing modes for component STMicroelectronics:FreeRTOS:0.0.1:STMicroelectronics:RTOS:FreeRTOS:Core:::10.2.0:
2025-09-16 13:53:13,892 [WARN] ModelIntegratedComponent:60 - No mode defined for component null
2025-09-16 13:53:13,892 [WARN] ModelIntegratedComponent:60 - No mode defined for component null
2025-09-16 13:53:13,892 [WARN] ModelIntegratedComponent:60 - No mode defined for component null
2025-09-16 13:53:13,892 [WARN] ModelIntegratedComponent:60 - No mode defined for component null
2025-09-16 13:53:13,893 [WARN] ModelIntegratedComponent:60 - No mode defined for component null
2025-09-16 13:53:13,893 [WARN] ModelIntegratedComponent:60 - No mode defined for component null
2025-09-16 13:53:13,893 [WARN] ModelIntegratedComponent:60 - No mode defined for component null
2025-09-16 13:53:13,893 [WARN] ModelIntegratedComponent:60 - No mode defined for component null
2025-09-16 13:53:13,893 [WARN] ModelIntegratedComponent:60 - No mode defined for component null
2025-09-16 13:53:13,893 [WARN] ModelIntegratedComponent:60 - No mode defined for component null
2025-09-16 13:53:13,893 [WARN] ModelIntegratedComponent:60 - No mode defined for component null
2025-09-16 13:53:13,893 [WARN] ModelIntegratedComponent:60 - No mode defined for component null
2025-09-16 13:53:13,893 [WARN] ModelIntegratedComponent:60 - No mode defined for component null
2025-09-16 13:53:13,894 [WARN] ModelIntegratedComponent:60 - No mode defined for component null
2025-09-16 13:53:13,894 [WARN] ModelIntegratedComponent:60 - No mode defined for component null
2025-09-16 13:53:13,894 [WARN] ModelIntegratedComponent:60 - No mode defined for component null
2025-09-16 13:53:13,894 [WARN] ModelIntegratedComponent:60 - No mode defined for component null
2025-09-16 13:53:13,894 [WARN] ModelIntegratedComponent:60 - No mode defined for component null
2025-09-16 13:53:13,900 [WARN] ModelIntegratedComponent:60 - No mode defined for component null
2025-09-16 13:53:13,900 [WARN] ModelIntegratedComponent:60 - No mode defined for component null
2025-09-16 13:53:13,901 [WARN] ModelIntegratedComponent:60 - No mode defined for component null
2025-09-16 13:53:13,901 [WARN] ModelIntegratedComponent:60 - No mode defined for component null
2025-09-16 13:53:13,901 [WARN] ModelIntegratedComponent:60 - No mode defined for component null
2025-09-16 13:53:13,901 [WARN] ModelIntegratedComponent:60 - No mode defined for component null
2025-09-16 13:53:13,901 [WARN] ModelIntegratedComponent:60 - No mode defined for component null
2025-09-16 13:53:13,901 [WARN] ModelIntegratedComponent:60 - No mode defined for component null
2025-09-16 13:53:13,901 [WARN] ModelIntegratedComponent:60 - No mode defined for component null
2025-09-16 13:53:13,901 [WARN] ModelIntegratedComponent:60 - No mode defined for component null
2025-09-16 13:53:13,901 [WARN] ModelIntegratedComponent:60 - No mode defined for component null
2025-09-16 13:53:13,902 [WARN] ModelIntegratedComponent:60 - No mode defined for component null
2025-09-16 13:53:13,902 [WARN] ModelIntegratedComponent:60 - No mode defined for component null
2025-09-16 13:53:14,067 [INFO] UtilMem:74 - End LoadConfig() Used Memory: 508712616 Bytes (593494016)
2025-09-16 13:53:14,079 [WARN] ThirdParty:779 - waiting for thirdparty lock release [change project]
2025-09-16 13:53:14,079 [INFO] ThirdParty:781 - entering critical section [change project]
2025-09-16 13:53:14,079 [INFO] ThirdParty:967 - CMSIS Pack Vendor :STMicroelectronics USB_HOST 2.0.0
2025-09-16 13:53:14,079 [INFO] ThirdParty:967 - CMSIS Pack Vendor :STMicroelectronics FreeRTOS 0.0.1
2025-09-16 13:53:14,079 [INFO] ThirdParty:967 - CMSIS Pack Vendor :STMicroelectronics USB_DEVICE 1.0.0
2025-09-16 13:53:14,080 [INFO] ThirdParty:967 - CMSIS Pack Vendor :STMicroelectronics USB_DEVICE 3.0.0
2025-09-16 13:53:14,080 [INFO] ThirdParty:967 - CMSIS Pack Vendor :STMicroelectronics HAL Drivers 0.0.0
2025-09-16 13:53:14,080 [INFO] ThirdParty:967 - CMSIS Pack Vendor :STMicroelectronics MBEDTLS 2.16.2
2025-09-16 13:53:14,080 [INFO] ThirdParty:967 - CMSIS Pack Vendor :STMicroelectronics ThreadX 0.0.2
2025-09-16 13:53:14,080 [INFO] ThirdParty:967 - CMSIS Pack Vendor :STMicroelectronics lwIP 2.0.3
2025-09-16 13:53:14,080 [INFO] ThirdParty:967 - CMSIS Pack Vendor :STMicroelectronics lwIP 2.1.2
2025-09-16 13:53:14,080 [INFO] ThirdParty:967 - CMSIS Pack Vendor :STMicroelectronics MBEDTLS 2.14.1
2025-09-16 13:53:14,080 [INFO] ThirdParty:967 - CMSIS Pack Vendor :STMicroelectronics USB_HOST 1.0.0
2025-09-16 13:53:14,080 [INFO] ThirdParty:967 - CMSIS Pack Vendor :STMicroelectronics PDM2PCM 3.1.0
2025-09-16 13:53:14,080 [INFO] ThirdParty:967 - CMSIS Pack Vendor :STMicroelectronics PDM2PCM 3.2.0
2025-09-16 13:53:14,080 [INFO] ThirdParty:967 - CMSIS Pack Vendor :STMicroelectronics USB_DEVICE 2.0.0
2025-09-16 13:53:14,080 [INFO] ThirdParty:967 - CMSIS Pack Vendor :STMicroelectronics PDM2PCM 3.3.0
2025-09-16 13:53:14,080 [INFO] ThirdParty:787 - exiting critical section [change project]
2025-09-16 13:53:14,358 [INFO] PinOutPanel:1463 - setPackage(No Configuration,No Configuration)
2025-09-16 13:53:14,359 [INFO] PinOutPanel:1463 - setPackage(STM32F103C6Ux,UFQFPN48)
2025-09-16 13:53:14,819 [INFO] UtilMem:74 - Before build in PCC Used Memory: 542746968 Bytes (593494016)
2025-09-16 13:53:15,590 [INFO] UtilMem:74 - After build in PCC Used Memory: 567007968 Bytes (613416960)
2025-09-16 13:53:15,629 [INFO] IPUIPlugin:74 - create IPUIPlugin
2025-09-16 13:53:15,629 [INFO] IPUIPlugin:74 - create IPUIPlugin
2025-09-16 13:53:15,629 [INFO] IPUIPlugin:74 - create IPUIPlugin
2025-09-16 13:53:15,631 [INFO] IPUIPlugin:74 - create IPUIPlugin
2025-09-16 13:53:15,631 [INFO] IPUIPlugin:74 - create IPUIPlugin
2025-09-16 13:53:15,631 [INFO] IPUIPlugin:74 - create IPUIPlugin
2025-09-16 13:53:15,631 [INFO] IPUIPlugin:74 - create IPUIPlugin
2025-09-16 13:53:15,631 [INFO] IPUIPlugin:74 - create IPUIPlugin
2025-09-16 13:53:15,631 [INFO] IPUIPlugin:74 - create IPUIPlugin
2025-09-16 13:53:15,632 [INFO] IPUIPlugin:74 - create IPUIPlugin
2025-09-16 13:53:15,632 [INFO] IPUIPlugin:74 - create IPUIPlugin
2025-09-16 13:53:15,632 [INFO] IPUIPlugin:74 - create IPUIPlugin
2025-09-16 13:53:15,633 [INFO] IPUIPlugin:74 - create IPUIPlugin
2025-09-16 13:53:15,633 [INFO] IPUIPlugin:74 - create IPUIPlugin
2025-09-16 13:53:15,633 [INFO] IPUIPlugin:74 - create IPUIPlugin
2025-09-16 13:53:15,634 [INFO] IPUIPlugin:74 - create IPUIPlugin
2025-09-16 13:53:15,634 [INFO] IPUIPlugin:74 - create IPUIPlugin
2025-09-16 13:53:15,634 [INFO] IPUIPlugin:74 - create IPUIPlugin
2025-09-16 13:53:15,635 [INFO] IPUIPlugin:74 - create IPUIPlugin
2025-09-16 13:53:15,636 [INFO] IPUIPlugin:74 - create IPUIPlugin
2025-09-16 13:53:15,636 [INFO] IPUIPlugin:74 - create IPUIPlugin
2025-09-16 13:53:15,637 [INFO] IPUIPlugin:74 - create IPUIPlugin
2025-09-16 13:53:15,637 [INFO] IPUIPlugin:74 - create IPUIPlugin
2025-09-16 13:53:15,808 [INFO] OpenFileManager:333 - Restore cursor
2025-09-16 13:53:16,250 [INFO] UtilMem:74 - End SaveConfig() Used Memory: 577606512 Bytes (613416960)
2025-09-16 13:53:16,305 [INFO] UtilMem:74 - End SaveConfig() Used Memory: 567058776 Bytes (613416960)
2025-09-16 13:53:16,683 [INFO] BlockDiagram:2740 - set Specific Code input for plugin: NVIC
2025-09-16 13:53:16,684 [INFO] BlockDiagram:2740 - set Specific Code input for plugin: SYS
2025-09-16 13:53:16,684 [INFO] BlockDiagram:2740 - set Specific Code input for plugin: RCC
2025-09-16 13:53:16,684 [INFO] CodeGenerator:663 - code generatio: config db path: D:\STM32CubeIDE_1.7.0\STM32CubeIDE\plugins\com.st.stm32cube.common.mx_6.3.0.202107141111\\db\
2025-09-16 13:53:17,079 [INFO] CodeEngine:239 - oldGeneratedFile, D:\New folder (2)\LAB 1.5\MXTmpFiles\license.tmp_save
2025-09-16 13:53:17,489 [INFO] CodeEngine:257 - Generated code: D:\New folder (2)\LAB 1.5\MXTmpFiles\license.tmp
2025-09-16 13:53:17,670 [INFO] CodeEngine:239 - oldGeneratedFile, D:\New folder (2)\LAB 1.5\Core\Src\stm32f1xx_it.c_save
2025-09-16 13:53:17,869 [INFO] CodeEngine:257 - Generated code: D:\New folder (2)\LAB 1.5\Core\Src\stm32f1xx_it.c
2025-09-16 13:53:17,884 [INFO] CodeEngine:239 - oldGeneratedFile, D:\New folder (2)\LAB 1.5\Core\Inc\stm32f1xx_it.h_save
2025-09-16 13:53:17,993 [INFO] CodeEngine:257 - Generated code: D:\New folder (2)\LAB 1.5\Core\Inc\stm32f1xx_it.h
2025-09-16 13:53:18,009 [INFO] CodeEngine:239 - oldGeneratedFile, D:\New folder (2)\LAB 1.5\Core\Src\stm32f1xx_hal_msp.c_save
2025-09-16 13:53:18,174 [INFO] CodeEngine:257 - Generated code: D:\New folder (2)\LAB 1.5\Core\Src\stm32f1xx_hal_msp.c
2025-09-16 13:53:18,186 [INFO] CodeEngine:239 - oldGeneratedFile, D:\New folder (2)\LAB 1.5\MXTmpFiles\system.tmp_save
2025-09-16 13:53:18,274 [INFO] CodeEngine:257 - Generated code: D:\New folder (2)\LAB 1.5\MXTmpFiles\system.tmp
2025-09-16 13:53:18,294 [INFO] CodeEngine:239 - oldGeneratedFile, D:\New folder (2)\LAB 1.5\Core\Inc\stm32f1xx_hal_conf.h_save
2025-09-16 13:53:18,440 [INFO] CodeEngine:257 - Generated code: D:\New folder (2)\LAB 1.5\Core\Inc\stm32f1xx_hal_conf.h
2025-09-16 13:53:18,513 [INFO] CodeEngine:239 - oldGeneratedFile, D:\New folder (2)\LAB 1.5\Core\Inc\main.h_save
2025-09-16 13:53:18,662 [INFO] CodeEngine:257 - Generated code: D:\New folder (2)\LAB 1.5\Core\Inc\main.h
2025-09-16 13:53:18,679 [INFO] CodeEngine:239 - oldGeneratedFile, D:\New folder (2)\LAB 1.5\Core\Src\main.c_save
2025-09-16 13:53:18,851 [INFO] CodeEngine:257 - Generated code: D:\New folder (2)\LAB 1.5\Core\Src\main.c
2025-09-16 13:53:19,852 [INFO] ProjectBuilder:2578 - Time for Copy HAL[1] : 63mS.
2025-09-16 13:53:19,859 [INFO] ProjectBuilder:3622 - Project Generator version: 3.14.1
2025-09-16 13:53:20,391 [INFO] ConfigFileManager:1271 - The Die is : DIE412
2025-09-16 13:53:20,421 [INFO] ApiDbMcu:468 - Load IP Config File for FATFS
2025-09-16 13:53:20,477 [INFO] ApiDbMcu:468 - Load IP Config File for FREERTOS
2025-09-16 13:53:20,571 [INFO] ApiDbMcu:468 - Load IP Config File for USB_DEVICE
2025-09-16 13:53:27,371 [INFO] ProjectBuilder:3789 - Time for Generating toolchain IDE Files: 7512mS.
2025-09-16 13:53:27,372 [INFO] ProjectBuilder:2457 - Time for Copy CMSIS : 1mS.
2025-09-16 13:53:27,374 [INFO] ProjectBuilder:2457 - Time for Copy CMSIS : 0mS.
2025-09-16 13:53:28,755 [INFO] McuFinderGlobals:52 - Set McuFinderConnectedMode to true
2025-09-16 13:53:28,756 [INFO] ApiDb:276 - Save user favorites file C:\Users\ACER/.stm32cubeide/favorites.mcus.txt: 0 item(s)
2025-09-16 13:53:28,756 [INFO] ApiDb:280 - User favorites MCUs=[]
2025-09-16 14:01:57,794 [INFO] UtilMem:74 - End SaveConfig() Used Memory: 953951792 Bytes (1073741824)
2025-09-16 14:01:59,885 [INFO] UtilMem:74 - End SaveConfig() Used Memory: 925035784 Bytes (1073741824)
2025-09-16 14:02:02,079 [INFO] UtilMem:74 - End SaveConfig() Used Memory: 956393976 Bytes (1073741824)
2025-09-16 14:02:02,419 [INFO] BlockDiagram:2740 - set Specific Code input for plugin: NVIC
2025-09-16 14:02:02,420 [INFO] BlockDiagram:2740 - set Specific Code input for plugin: SYS
2025-09-16 14:02:02,420 [INFO] BlockDiagram:2740 - set Specific Code input for plugin: GPIO
2025-09-16 14:02:02,420 [INFO] BlockDiagram:2740 - set Specific Code input for plugin: RCC
2025-09-16 14:02:02,421 [INFO] CodeGenerator:663 - code generatio: config db path: D:\STM32CubeIDE_1.7.0\STM32CubeIDE\plugins\com.st.stm32cube.common.mx_6.3.0.202107141111\\db\
2025-09-16 14:02:02,822 [INFO] CodeEngine:239 - oldGeneratedFile, D:\New folder (2)\LAB 1.5\MXTmpFiles\license.tmp_save
2025-09-16 14:02:02,930 [INFO] CodeEngine:257 - Generated code: D:\New folder (2)\LAB 1.5\MXTmpFiles\license.tmp
2025-09-16 14:02:03,074 [INFO] CodeEngine:239 - oldGeneratedFile, D:\New folder (2)\LAB 1.5\MXTmpFiles\gpio.tmp_save
2025-09-16 14:02:03,202 [INFO] CodeEngine:257 - Generated code: D:\New folder (2)\LAB 1.5\MXTmpFiles\gpio.tmp
2025-09-16 14:02:03,273 [INFO] CodeEngine:239 - oldGeneratedFile, D:\New folder (2)\LAB 1.5\Core\Src\stm32f1xx_it.c_save
2025-09-16 14:02:03,383 [INFO] CodeEngine:257 - Generated code: D:\New folder (2)\LAB 1.5\Core\Src\stm32f1xx_it.c
2025-09-16 14:02:03,388 [INFO] CodeEngine:239 - oldGeneratedFile, D:\New folder (2)\LAB 1.5\Core\Inc\stm32f1xx_it.h_save
2025-09-16 14:02:03,466 [INFO] CodeEngine:257 - Generated code: D:\New folder (2)\LAB 1.5\Core\Inc\stm32f1xx_it.h
2025-09-16 14:02:03,485 [INFO] CodeEngine:239 - oldGeneratedFile, D:\New folder (2)\LAB 1.5\Core\Src\stm32f1xx_hal_msp.c_save
2025-09-16 14:02:03,608 [INFO] CodeEngine:257 - Generated code: D:\New folder (2)\LAB 1.5\Core\Src\stm32f1xx_hal_msp.c
2025-09-16 14:02:03,612 [INFO] CodeEngine:239 - oldGeneratedFile, D:\New folder (2)\LAB 1.5\MXTmpFiles\system.tmp_save
2025-09-16 14:02:03,687 [INFO] CodeEngine:257 - Generated code: D:\New folder (2)\LAB 1.5\MXTmpFiles\system.tmp
2025-09-16 14:02:03,708 [INFO] CodeEngine:239 - oldGeneratedFile, D:\New folder (2)\LAB 1.5\Core\Inc\stm32f1xx_hal_conf.h_save
2025-09-16 14:02:03,833 [INFO] CodeEngine:257 - Generated code: D:\New folder (2)\LAB 1.5\Core\Inc\stm32f1xx_hal_conf.h
2025-09-16 14:02:03,876 [INFO] CodeEngine:239 - oldGeneratedFile, D:\New folder (2)\LAB 1.5\Core\Inc\main.h_save
2025-09-16 14:02:04,005 [INFO] CodeEngine:257 - Generated code: D:\New folder (2)\LAB 1.5\Core\Inc\main.h
2025-09-16 14:02:04,022 [INFO] CodeEngine:239 - oldGeneratedFile, D:\New folder (2)\LAB 1.5\Core\Src\main.c_save
2025-09-16 14:02:04,197 [INFO] CodeEngine:257 - Generated code: D:\New folder (2)\LAB 1.5\Core\Src\main.c
2025-09-16 14:02:05,484 [INFO] ProjectBuilder:2578 - Time for Copy HAL[1] : 79mS.
2025-09-16 14:02:05,489 [INFO] ProjectBuilder:3622 - Project Generator version: 3.14.1
2025-09-16 14:02:06,378 [INFO] ConfigFileManager:1271 - The Die is : DIE412
2025-09-16 14:02:09,039 [INFO] ProjectBuilder:3789 - Time for Generating toolchain IDE Files: 3550mS.
2025-09-16 14:02:09,040 [INFO] ProjectBuilder:2457 - Time for Copy CMSIS : 1mS.
2025-09-16 14:02:09,041 [INFO] ProjectBuilder:2457 - Time for Copy CMSIS : 0mS.
2025-09-16 15:48:43,571 [INFO] Activator:177 - 


2025-09-16 15:48:43,573 [INFO] Activator:178 - !SESSION log4j initialized
2025-09-16 15:50:56,138 [INFO] McuFinderGlobals:39 - Set McuFinder mode to 2 (CubeIDE integrated)
2025-09-16 15:50:57,173 [INFO] ApplicationProperties:181 - Using Application install path: D:\STM32CubeIDE_1.7.0\STM32CubeIDE\plugins\com.st.stm32cube.common.mx_6.3.0.202107141111
2025-09-16 15:50:57,188 [INFO] DbMcusXml:74 - Set database path to: D:\STM32CubeIDE_1.7.0\STM32CubeIDE\plugins\com.st.stm32cube.common.mx_6.3.0.202107141111\\db\/mcu/
2025-09-16 15:50:57,192 [INFO] DbBoardsPdsc:56 - Set plugin database path to: D:\STM32CubeIDE_1.7.0\STM32CubeIDE\plugins\com.st.stm32cube.common.mx_6.3.0.202107141111\\db\/plugins/boardmanager/
2025-09-16 15:50:57,193 [INFO] DbMcus:258 - Set plugin images path to: D:\STM32CubeIDE_1.7.0\STM32CubeIDE\plugins\com.st.stm32cube.common.mx_6.3.0.202107141111\\db\/plugins/mcufinder/images/
2025-09-16 15:50:57,193 [INFO] DbBoards:264 - Set plugin images path to: D:\STM32CubeIDE_1.7.0\STM32CubeIDE\plugins\com.st.stm32cube.common.mx_6.3.0.202107141111\\db\/plugins/mcufinder/images/
2025-09-16 15:50:57,196 [INFO] DbExamples:333 - Set plugin images path to: D:\STM32CubeIDE_1.7.0\STM32CubeIDE\plugins\com.st.stm32cube.common.mx_6.3.0.202107141111\\db\/plugins/mcufinder/images/
2025-09-16 15:50:57,202 [INFO] DbMcusAds:119 - Set database path to: C:\Users\ACER\.stmcufinder\plugins\mcufinder//mcu/
2025-09-16 15:50:57,203 [INFO] DbMcusDocs:110 - Set database path to: C:\Users\ACER\.stmcufinder\plugins\mcufinder//mcu/
2025-09-16 15:50:57,205 [INFO] DbMcusJson:64 - Set database path to: C:\Users\ACER\.stmcufinder\plugins\mcufinder//mcu/
2025-09-16 15:50:57,206 [INFO] DbBoardsDocs:110 - Set database path to: C:\Users\ACER\.stmcufinder\plugins\mcufinder//mcu/
2025-09-16 15:50:57,207 [INFO] DbBoardsJson:57 - Set database path to: C:\Users\ACER\.stmcufinder\plugins\mcufinder//mcu/
2025-09-16 15:50:57,436 [INFO] CrossReferenceDbSqlite:196 - Set database path to: C:\Users\ACER\.stmcufinder\plugins\mcufinder//mcu/cs/
2025-09-16 15:50:57,442 [INFO] DbExamplesSqlite:767 - Set database path to: C:\Users\ACER\.stmcufinder\plugins\mcufinder//mcu/
2025-09-16 15:50:57,564 [INFO] RulesReader:57 - Compatibility file has been processed (242 Rules)
2025-09-16 15:50:57,675 [INFO] DbMcusXml:74 - Set database path to: D:\STM32CubeIDE_1.7.0\STM32CubeIDE\plugins\com.st.stm32cube.common.mx_6.3.0.202107141111\\db\/mcu/
2025-09-16 15:50:57,676 [INFO] DbBoardsPdsc:56 - Set plugin database path to: D:\STM32CubeIDE_1.7.0\STM32CubeIDE\plugins\com.st.stm32cube.common.mx_6.3.0.202107141111\\db\/plugins/boardmanager/
2025-09-16 15:50:57,676 [INFO] DbMcus:258 - Set plugin images path to: D:\STM32CubeIDE_1.7.0\STM32CubeIDE\plugins\com.st.stm32cube.common.mx_6.3.0.202107141111\\db\/plugins/mcufinder/images/
2025-09-16 15:50:57,676 [INFO] DbBoards:264 - Set plugin images path to: D:\STM32CubeIDE_1.7.0\STM32CubeIDE\plugins\com.st.stm32cube.common.mx_6.3.0.202107141111\\db\/plugins/mcufinder/images/
2025-09-16 15:50:57,677 [INFO] DbExamples:333 - Set plugin images path to: D:\STM32CubeIDE_1.7.0\STM32CubeIDE\plugins\com.st.stm32cube.common.mx_6.3.0.202107141111\\db\/plugins/mcufinder/images/
2025-09-16 15:50:57,677 [WARN] DbFile:35 - Overriding database path with different value: C:\Users\ACER\.stmcufinder\plugins\mcufinder/ => C:\Users\ACER\.stmcufinder\plugins\mcufinder
2025-09-16 15:50:57,677 [INFO] DbMcusAds:119 - Set database path to: C:\Users\ACER\.stmcufinder\plugins\mcufinder//mcu/
2025-09-16 15:50:57,677 [WARN] DbFile:35 - Overriding database path with different value: C:\Users\ACER\.stmcufinder\plugins\mcufinder/ => C:\Users\ACER\.stmcufinder\plugins\mcufinder
2025-09-16 15:50:57,677 [INFO] DbMcusDocs:110 - Set database path to: C:\Users\ACER\.stmcufinder\plugins\mcufinder//mcu/
2025-09-16 15:50:57,677 [WARN] DbFile:35 - Overriding database path with different value: C:\Users\ACER\.stmcufinder\plugins\mcufinder/ => C:\Users\ACER\.stmcufinder\plugins\mcufinder
2025-09-16 15:50:57,677 [INFO] DbMcusJson:64 - Set database path to: C:\Users\ACER\.stmcufinder\plugins\mcufinder//mcu/
2025-09-16 15:50:57,678 [WARN] DbFile:35 - Overriding database path with different value: C:\Users\ACER\.stmcufinder\plugins\mcufinder/ => C:\Users\ACER\.stmcufinder\plugins\mcufinder
2025-09-16 15:50:57,678 [INFO] DbBoardsDocs:110 - Set database path to: C:\Users\ACER\.stmcufinder\plugins\mcufinder//mcu/
2025-09-16 15:50:57,678 [WARN] DbFile:35 - Overriding database path with different value: C:\Users\ACER\.stmcufinder\plugins\mcufinder/ => C:\Users\ACER\.stmcufinder\plugins\mcufinder
2025-09-16 15:50:57,678 [INFO] DbBoardsJson:57 - Set database path to: C:\Users\ACER\.stmcufinder\plugins\mcufinder//mcu/
2025-09-16 15:50:57,678 [WARN] DbFile:35 - Overriding database path with different value: C:\Users\ACER\.stmcufinder\plugins\mcufinder/ => C:\Users\ACER\.stmcufinder\plugins\mcufinder
2025-09-16 15:50:57,678 [WARN] DbFile:35 - Overriding database path with different value: C:\Users\ACER\.stmcufinder\plugins\mcufinder/ => C:\Users\ACER\.stmcufinder\plugins\mcufinder
2025-09-16 15:50:57,678 [INFO] CrossReferenceDbSqlite:196 - Set database path to: C:\Users\ACER\.stmcufinder\plugins\mcufinder//mcu/cs/
2025-09-16 15:50:57,678 [WARN] DbFile:35 - Overriding database path with different value: C:\Users\ACER\.stmcufinder\plugins\mcufinder/ => C:\Users\ACER\.stmcufinder\plugins\mcufinder
2025-09-16 15:50:57,679 [INFO] DbExamplesSqlite:767 - Set database path to: C:\Users\ACER\.stmcufinder\plugins\mcufinder//mcu/
2025-09-16 15:50:57,777 [INFO] MainPanel:214 - HeapMemory: 335544320
2025-09-16 15:50:57,879 [INFO] DbMcusXml:74 - Set database path to: D:\STM32CubeIDE_1.7.0\STM32CubeIDE\plugins\com.st.stm32cube.common.mx_6.3.0.202107141111\\db\/mcu/
2025-09-16 15:50:57,880 [INFO] DbBoardsPdsc:56 - Set plugin database path to: D:\STM32CubeIDE_1.7.0\STM32CubeIDE\plugins\com.st.stm32cube.common.mx_6.3.0.202107141111\\db\/plugins/boardmanager/
2025-09-16 15:50:57,880 [INFO] DbMcus:258 - Set plugin images path to: D:\STM32CubeIDE_1.7.0\STM32CubeIDE\plugins\com.st.stm32cube.common.mx_6.3.0.202107141111\\db\/plugins/mcufinder/images/
2025-09-16 15:50:57,880 [INFO] DbBoards:264 - Set plugin images path to: D:\STM32CubeIDE_1.7.0\STM32CubeIDE\plugins\com.st.stm32cube.common.mx_6.3.0.202107141111\\db\/plugins/mcufinder/images/
2025-09-16 15:50:57,880 [INFO] DbExamples:333 - Set plugin images path to: D:\STM32CubeIDE_1.7.0\STM32CubeIDE\plugins\com.st.stm32cube.common.mx_6.3.0.202107141111\\db\/plugins/mcufinder/images/
2025-09-16 15:50:57,880 [WARN] DbFile:35 - Overriding database path with different value: C:\Users\ACER\.stmcufinder\plugins\mcufinder/ => C:\Users\ACER\.stmcufinder\plugins\mcufinder
2025-09-16 15:50:57,881 [INFO] DbMcusAds:119 - Set database path to: C:\Users\ACER\.stmcufinder\plugins\mcufinder//mcu/
2025-09-16 15:50:57,881 [WARN] DbFile:35 - Overriding database path with different value: C:\Users\ACER\.stmcufinder\plugins\mcufinder/ => C:\Users\ACER\.stmcufinder\plugins\mcufinder
2025-09-16 15:50:57,881 [INFO] DbMcusDocs:110 - Set database path to: C:\Users\ACER\.stmcufinder\plugins\mcufinder//mcu/
2025-09-16 15:50:57,881 [WARN] DbFile:35 - Overriding database path with different value: C:\Users\ACER\.stmcufinder\plugins\mcufinder/ => C:\Users\ACER\.stmcufinder\plugins\mcufinder
2025-09-16 15:50:57,881 [INFO] DbMcusJson:64 - Set database path to: C:\Users\ACER\.stmcufinder\plugins\mcufinder//mcu/
2025-09-16 15:50:57,881 [WARN] DbFile:35 - Overriding database path with different value: C:\Users\ACER\.stmcufinder\plugins\mcufinder/ => C:\Users\ACER\.stmcufinder\plugins\mcufinder
2025-09-16 15:50:57,881 [INFO] DbBoardsDocs:110 - Set database path to: C:\Users\ACER\.stmcufinder\plugins\mcufinder//mcu/
2025-09-16 15:50:57,881 [WARN] DbFile:35 - Overriding database path with different value: C:\Users\ACER\.stmcufinder\plugins\mcufinder/ => C:\Users\ACER\.stmcufinder\plugins\mcufinder
2025-09-16 15:50:57,881 [INFO] DbBoardsJson:57 - Set database path to: C:\Users\ACER\.stmcufinder\plugins\mcufinder//mcu/
2025-09-16 15:50:57,882 [WARN] DbFile:35 - Overriding database path with different value: C:\Users\ACER\.stmcufinder\plugins\mcufinder/ => C:\Users\ACER\.stmcufinder\plugins\mcufinder
2025-09-16 15:50:57,882 [WARN] DbFile:35 - Overriding database path with different value: C:\Users\ACER\.stmcufinder\plugins\mcufinder/ => C:\Users\ACER\.stmcufinder\plugins\mcufinder
2025-09-16 15:50:57,882 [INFO] CrossReferenceDbSqlite:196 - Set database path to: C:\Users\ACER\.stmcufinder\plugins\mcufinder//mcu/cs/
2025-09-16 15:50:57,882 [WARN] DbFile:35 - Overriding database path with different value: C:\Users\ACER\.stmcufinder\plugins\mcufinder/ => C:\Users\ACER\.stmcufinder\plugins\mcufinder
2025-09-16 15:50:57,882 [INFO] DbExamplesSqlite:767 - Set database path to: C:\Users\ACER\.stmcufinder\plugins\mcufinder//mcu/
2025-09-16 15:50:57,904 [INFO] ApplicationProperties:181 - Using Application install path: D:\STM32CubeIDE_1.7.0\STM32CubeIDE\plugins\com.st.stm32cube.common.mx_6.3.0.202107141111
2025-09-16 15:50:57,905 [INFO] PluginManage:188 - Search for loadable plugins [exclusion list=, ]
2025-09-16 15:50:57,907 [INFO] PluginManage:302 - Check plugin analytics
2025-09-16 15:50:58,147 [INFO] AnalyticsPlugin:257 - Accepted Software Licenses: 
2025-09-16 15:50:58,148 [INFO] AnalyticsPlugin:259 - Accepted CMSIS Pack Licenses: 
2025-09-16 15:50:58,148 [INFO] AnalyticsPlugin:261 - Accepted Firmware Licenses: 
2025-09-16 15:50:58,148 [INFO] PluginManage:352 - Loaded plugin analytics (category:tool,tabindex:-1)
2025-09-16 15:50:58,149 [INFO] PluginManage:302 - Check plugin clock
2025-09-16 15:50:58,179 [INFO] PluginManage:352 - Loaded plugin clock (category:base,tabindex:2)
2025-09-16 15:50:58,180 [INFO] PluginManage:302 - Check plugin ddr
2025-09-16 15:50:58,182 [INFO] PluginManage:352 - Loaded plugin ddr (category:tool,tabindex:6)
2025-09-16 15:50:58,182 [INFO] PluginManage:302 - Check plugin filemanager
2025-09-16 15:50:58,326 [INFO] PluginManage:352 - Loaded plugin filemanager (category:base,tabindex:10)
2025-09-16 15:50:58,326 [INFO] PluginManage:302 - Check plugin ipmanager
2025-09-16 15:50:58,336 [INFO] PluginManage:352 - Loaded plugin ipmanager (category:base,tabindex:5)
2025-09-16 15:50:58,336 [INFO] PluginManage:302 - Check plugin pinoutandconfiguration
2025-09-16 15:50:58,362 [INFO] PluginManage:352 - Loaded plugin pinoutandconfiguration (category:base,tabindex:1)
2025-09-16 15:50:58,362 [INFO] PluginManage:302 - Check plugin pinoutconfig
2025-09-16 15:50:58,408 [INFO] PluginManage:352 - Loaded plugin pinoutconfig (category:base,tabindex:0)
2025-09-16 15:50:58,408 [INFO] PluginManage:302 - Check plugin power
2025-09-16 15:50:58,440 [INFO] PluginManage:352 - Loaded plugin power (category:power,tabindex:4)
2025-09-16 15:50:58,440 [INFO] PluginManage:302 - Check plugin projectmanager
2025-09-16 15:50:58,458 [INFO] PluginManage:352 - Loaded plugin projectmanager (category:projectmanager,tabindex:3)
2025-09-16 15:50:58,458 [INFO] PluginManage:302 - Check plugin thirdparty
2025-09-16 15:50:58,779 [WARN] IntegrityCheckThread:78 - waiting for thirdparty lock release [integrity check]
2025-09-16 15:50:58,779 [INFO] PluginManage:352 - Loaded plugin thirdparty (category:base,tabindex:-1)
2025-09-16 15:50:58,780 [INFO] IntegrityCheckThread:80 - entering critical section [integrity check]
2025-09-16 15:50:58,780 [INFO] PluginManage:302 - Check plugin tools
2025-09-16 15:50:58,780 [INFO] ThirdPartyUpdaterWithRetryManager:66 - Updater plugin not ready yet. [1/15]
2025-09-16 15:50:58,878 [INFO] PluginManage:352 - Loaded plugin tools (category:base,tabindex:7)
2025-09-16 15:50:58,879 [INFO] PluginManage:302 - Check plugin tutovideos
2025-09-16 15:50:59,247 [INFO] PluginManage:352 - Loaded plugin tutovideos (category:base,tabindex:-1)
2025-09-16 15:50:59,247 [INFO] PluginManage:302 - Check plugin updater
2025-09-16 15:50:59,264 [INFO] PluginManage:352 - Loaded plugin updater (category:base,tabindex:12)
2025-09-16 15:50:59,265 [INFO] PluginManage:275 - PluginManage : Loaded plugins [13]
2025-09-16 15:50:59,495 [INFO] PinOutPanel:1463 - setPackage(No Configuration,No Configuration)
2025-09-16 15:50:59,629 [INFO] IPUIPlugin:74 - create IPUIPlugin
2025-09-16 15:50:59,629 [INFO] PluginManager:213 - loadIPPluginJar : add adc
2025-09-16 15:50:59,724 [INFO] IPUIPlugin:74 - create IPUIPlugin
2025-09-16 15:50:59,724 [INFO] PluginManager:213 - loadIPPluginJar : add aes
2025-09-16 15:50:59,823 [INFO] IPUIPlugin:74 - create IPUIPlugin
2025-09-16 15:50:59,824 [INFO] PluginManager:213 - loadIPPluginJar : add can
2025-09-16 15:50:59,896 [INFO] IPUIPlugin:74 - create IPUIPlugin
2025-09-16 15:50:59,897 [INFO] PluginManager:213 - loadIPPluginJar : add comp
2025-09-16 15:50:59,993 [INFO] IPUIPlugin:74 - create IPUIPlugin
2025-09-16 15:50:59,994 [INFO] PluginManager:213 - loadIPPluginJar : add cryp
2025-09-16 15:51:00,096 [INFO] IPUIPlugin:74 - create IPUIPlugin
2025-09-16 15:51:00,096 [INFO] PluginManager:213 - loadIPPluginJar : add dfsdm
2025-09-16 15:51:00,118 [INFO] IPUIPlugin:74 - create IPUIPlugin
2025-09-16 15:51:00,118 [INFO] PluginManager:213 - loadIPPluginJar : add dma
2025-09-16 15:51:00,204 [INFO] IPUIPlugin:74 - create IPUIPlugin
2025-09-16 15:51:00,204 [INFO] PluginManager:213 - loadIPPluginJar : add dma3
2025-09-16 15:51:00,258 [INFO] IPUIPlugin:74 - create IPUIPlugin
2025-09-16 15:51:00,258 [INFO] PluginManager:213 - loadIPPluginJar : add fatfs
2025-09-16 15:51:00,351 [INFO] IPUIPlugin:74 - create IPUIPlugin
2025-09-16 15:51:00,351 [INFO] PluginManager:213 - loadIPPluginJar : add fmc
2025-09-16 15:51:00,374 [INFO] IPUIPlugin:74 - create IPUIPlugin
2025-09-16 15:51:00,374 [INFO] PluginManager:213 - loadIPPluginJar : add freertos
2025-09-16 15:51:00,437 [INFO] IPUIPlugin:74 - create IPUIPlugin
2025-09-16 15:51:00,437 [INFO] PluginManager:213 - loadIPPluginJar : add genericplugin
2025-09-16 15:51:00,586 [INFO] IPUIPlugin:74 - create IPUIPlugin
2025-09-16 15:51:00,586 [INFO] PluginManager:213 - loadIPPluginJar : add gfxmmu
2025-09-16 15:51:00,802 [INFO] IPUIPlugin:74 - create IPUIPlugin
2025-09-16 15:51:00,803 [INFO] PluginManager:213 - loadIPPluginJar : add gic
2025-09-16 15:51:00,822 [INFO] IPUIPlugin:74 - create IPUIPlugin
2025-09-16 15:51:00,822 [INFO] PluginManager:213 - loadIPPluginJar : add gpio
2025-09-16 15:51:00,954 [INFO] IPUIPlugin:74 - create IPUIPlugin
2025-09-16 15:51:00,955 [INFO] PluginManager:213 - loadIPPluginJar : add gtzc
2025-09-16 15:51:01,016 [INFO] IPUIPlugin:74 - create IPUIPlugin
2025-09-16 15:51:01,017 [INFO] PluginManager:213 - loadIPPluginJar : add hash
2025-09-16 15:51:01,114 [INFO] IPUIPlugin:74 - create IPUIPlugin
2025-09-16 15:51:01,114 [INFO] PluginManager:213 - loadIPPluginJar : add i2c
2025-09-16 15:51:01,192 [INFO] IPUIPlugin:74 - create IPUIPlugin
2025-09-16 15:51:01,193 [INFO] PluginManager:213 - loadIPPluginJar : add i2s
2025-09-16 15:51:01,210 [INFO] IPUIPlugin:74 - create IPUIPlugin
2025-09-16 15:51:01,210 [INFO] PluginManager:213 - loadIPPluginJar : add ipddr
2025-09-16 15:51:01,430 [INFO] IPUIPlugin:74 - create IPUIPlugin
2025-09-16 15:51:01,430 [INFO] PluginManager:213 - loadIPPluginJar : add linkedlist
2025-09-16 15:51:01,510 [INFO] IPUIPlugin:74 - create IPUIPlugin
2025-09-16 15:51:01,511 [INFO] PluginManager:213 - loadIPPluginJar : add lorawan
2025-09-16 15:51:01,588 [INFO] IPUIPlugin:74 - create IPUIPlugin
2025-09-16 15:51:01,588 [INFO] PluginManager:213 - loadIPPluginJar : add ltdc
2025-09-16 15:51:01,607 [INFO] IPUIPlugin:74 - create IPUIPlugin
2025-09-16 15:51:01,607 [INFO] PluginManager:213 - loadIPPluginJar : add mdma
2025-09-16 15:51:01,625 [INFO] IPUIPlugin:74 - create IPUIPlugin
2025-09-16 15:51:01,625 [INFO] PluginManager:213 - loadIPPluginJar : add nvic
2025-09-16 15:51:01,711 [INFO] IPUIPlugin:74 - create IPUIPlugin
2025-09-16 15:51:01,711 [INFO] PluginManager:213 - loadIPPluginJar : add opamp
2025-09-16 15:51:01,789 [INFO] ThirdPartyUpdaterWithRetryManager:66 - Updater plugin not ready yet. [2/15]
2025-09-16 15:51:01,821 [INFO] IPUIPlugin:74 - create IPUIPlugin
2025-09-16 15:51:01,821 [INFO] PluginManager:213 - loadIPPluginJar : add openamp
2025-09-16 15:51:01,911 [INFO] IPUIPlugin:74 - create IPUIPlugin
2025-09-16 15:51:01,912 [INFO] PluginManager:213 - loadIPPluginJar : add pdm2pcm
2025-09-16 15:51:01,934 [INFO] IPUIPlugin:74 - create IPUIPlugin
2025-09-16 15:51:01,937 [INFO] PluginManager:213 - loadIPPluginJar : add plateformsettings
2025-09-16 15:51:02,005 [INFO] IPUIPlugin:74 - create IPUIPlugin
2025-09-16 15:51:02,006 [INFO] PluginManager:213 - loadIPPluginJar : add quadspi
2025-09-16 15:51:02,026 [INFO] IPUIPlugin:74 - create IPUIPlugin
2025-09-16 15:51:02,026 [INFO] PluginManager:213 - loadIPPluginJar : add resmgrutility
2025-09-16 15:51:02,131 [INFO] IPUIPlugin:74 - create IPUIPlugin
2025-09-16 15:51:02,132 [INFO] PluginManager:213 - loadIPPluginJar : add sai
2025-09-16 15:51:02,217 [INFO] IPUIPlugin:74 - create IPUIPlugin
2025-09-16 15:51:02,218 [INFO] PluginManager:213 - loadIPPluginJar : add spi
2025-09-16 15:51:02,316 [INFO] IPUIPlugin:74 - create IPUIPlugin
2025-09-16 15:51:02,317 [INFO] PluginManager:213 - loadIPPluginJar : add stm32_wpan
2025-09-16 15:51:02,390 [INFO] IPUIPlugin:74 - create IPUIPlugin
2025-09-16 15:51:02,390 [INFO] PluginManager:213 - loadIPPluginJar : add tim
2025-09-16 15:51:02,530 [INFO] IPUIPlugin:74 - create IPUIPlugin
2025-09-16 15:51:02,530 [INFO] PluginManager:213 - loadIPPluginJar : add touchsensing
2025-09-16 15:51:02,597 [INFO] IPUIPlugin:74 - create IPUIPlugin
2025-09-16 15:51:02,598 [INFO] PluginManager:213 - loadIPPluginJar : add tracer_emb
2025-09-16 15:51:02,682 [INFO] IPUIPlugin:74 - create IPUIPlugin
2025-09-16 15:51:02,683 [INFO] PluginManager:213 - loadIPPluginJar : add ts
2025-09-16 15:51:02,753 [INFO] IPUIPlugin:74 - create IPUIPlugin
2025-09-16 15:51:02,753 [INFO] PluginManager:213 - loadIPPluginJar : add tsc
2025-09-16 15:51:02,812 [INFO] IPUIPlugin:74 - create IPUIPlugin
2025-09-16 15:51:02,812 [INFO] PluginManager:213 - loadIPPluginJar : add ucpd
2025-09-16 15:51:02,917 [INFO] IPUIPlugin:74 - create IPUIPlugin
2025-09-16 15:51:02,918 [INFO] PluginManager:213 - loadIPPluginJar : add usart
2025-09-16 15:51:03,007 [INFO] IPUIPlugin:74 - create IPUIPlugin
2025-09-16 15:51:03,007 [INFO] PluginManager:213 - loadIPPluginJar : add usbx
2025-09-16 15:51:03,400 [FATAL] Updater:294 - Updater called before beeing initialized
2025-09-16 15:51:03,560 [FATAL] Updater:294 - Updater called before beeing initialized
2025-09-16 15:51:03,581 [INFO] DbMcusAds:47 - JSON generation date=Tue Jul 08 15:14:23 ICT 2025 (1751962463582)
2025-09-16 15:51:03,582 [FATAL] Updater:294 - Updater called before beeing initialized
2025-09-16 15:51:03,701 [WARN] DetailPanel:314 - Failed to get advertising image, set to default
2025-09-16 15:51:03,870 [FATAL] Updater:294 - Updater called before beeing initialized
2025-09-16 15:51:03,873 [FATAL] Updater:294 - Updater called before beeing initialized
2025-09-16 15:51:03,873 [FATAL] Updater:294 - Updater called before beeing initialized
2025-09-16 15:51:03,873 [WARN] DetailPanel:314 - Failed to get advertising image, set to default
2025-09-16 15:51:03,875 [FATAL] Updater:294 - Updater called before beeing initialized
2025-09-16 15:51:03,976 [ERROR] Updater:1075 - MainUpdater not yet initialized. External WinMGr cannot be set.
2025-09-16 15:51:03,993 [INFO] Updater:1012 - Updater Version found : 6.3.0
2025-09-16 15:51:04,020 [INFO] ApplicationProperties:181 - Using Application install path: D:\STM32CubeIDE_1.7.0\STM32CubeIDE\plugins\com.st.stm32cube.common.mx_6.3.0.202107141111
2025-09-16 15:51:04,433 [INFO] MainUpdater:2671 - connection check result : 10
2025-09-16 15:51:04,434 [INFO] MainUpdater:265 - Updater Check For Update Now.
2025-09-16 15:51:04,434 [INFO] MicroXplorer:478 - Change Database Version : DB.6.0.30
2025-09-16 15:51:04,626 [INFO] CheckServerUpdateThread:112 - End of CheckServer Thread
2025-09-16 15:51:04,703 [INFO] MainUpdater:2671 - connection check result : 10
2025-09-16 15:51:04,860 [INFO] ThirdParty:915 - Integrity check success = true
2025-09-16 15:51:04,860 [INFO] IntegrityCheckThread:94 - exiting critical section [integrity check]
2025-09-16 15:51:04,860 [INFO] IntegrityCheckThread:97 - End integrity checks thread
2025-09-16 15:51:05,673 [INFO] McuFinderGlobals:52 - Set McuFinderConnectedMode to false
2025-09-16 15:51:05,791 [INFO] CrossSelectorPresenter:1330 - Cross Selector saved comparison directory: C:\Users\ACER\.stmcufinder\plugins\mcufinder\mcu\cs_comparisons_mx
2025-09-16 15:51:05,798 [INFO] MultiScanPanel:197 - Auto-refresh data requested => check proxy status ongoing
2025-09-16 15:51:05,798 [INFO] MultiScanPanel:201 - Proxy status is invalid
2025-09-16 15:51:05,802 [INFO] FinderPluginLoader:87 - Searching for filters in installed packs
2025-09-16 15:51:05,803 [INFO] DbMcusXml:100 - Load MCU database from D:\STM32CubeIDE_1.7.0\STM32CubeIDE\plugins\com.st.stm32cube.common.mx_6.3.0.202107141111\\db\/mcu/families.xml
2025-09-16 15:51:06,901 [INFO] DbMcusJson:93 - JSON generation date=Tue Nov 16 23:17:54 ICT 2021 (1637079474)
2025-09-16 15:51:07,768 [INFO] DbMcus:175 - Found 1951 MCUs (1903 are supported by CubeMX, 1914 are visible in CubeMX)
2025-09-16 15:51:07,769 [INFO] ApiDb:251 - Load user favorites file C:\Users\ACER/.stm32cubeide/favorites.mcus.txt: 0 item(s)
2025-09-16 15:51:07,769 [INFO] ApiDb:255 - User favorites MCUs=[]
2025-09-16 15:51:07,769 [INFO] DbMcus:187 - Set 0 / 0 favorites MCUs
2025-09-16 15:51:08,430 [INFO] DetailPanel:309 - Set advertising image to C:/Users/ACER/STM32Cube/Repository/\en.2400x1350px.jpeg
2025-09-16 15:51:09,045 [INFO] DbBoardsPdsc:90 - Found 25 items
2025-09-16 15:51:09,070 [INFO] DbBoardsPdsc:90 - Found 9 items
2025-09-16 15:51:09,094 [INFO] DbBoardsPdsc:90 - Found 33 items
2025-09-16 15:51:09,112 [INFO] DbBoardsPdsc:90 - Found 1 items
2025-09-16 15:51:09,147 [INFO] DbBoardsPdsc:90 - Found 48 items
2025-09-16 15:51:09,181 [INFO] DbBoardsPdsc:90 - Found 43 items
2025-09-16 15:51:09,204 [INFO] DbBoardsPdsc:90 - Found 2 items
2025-09-16 15:51:09,228 [INFO] DbBoardsPdsc:90 - Found 5 items
2025-09-16 15:51:09,234 [WARN] DbBoardsPdsc:254 - Board STM32H7B3I-DK: unknown feature type=Audio, name=, username=Audio stereo codec with Headphone Amp (CS42L51-CNZ), n=1
2025-09-16 15:51:09,235 [WARN] DbBoardsPdsc:254 - Board STM32H735G-DK: unknown feature type=Audio, name=, username=Audio stereo codec with Headphone Amp (WM8994ECS/R), n=1
2025-09-16 15:51:09,238 [WARN] DbBoardsPdsc:254 - Board STM32H7B3I-EVAL: unknown feature type=Audio, name=, username=Multi-Channel Audio Codec (CS42L51-CNZ), n=1
2025-09-16 15:51:09,238 [WARN] DbBoardsPdsc:254 - Board STM32H7B3I-EVAL: unknown feature type=Meter, name=, username=Power-metering and Temperature-monitoring with sigma-delta modulators, n=1
2025-09-16 15:51:09,238 [WARN] DbBoardsPdsc:254 - Board STM32H7B3I-EVAL: unknown feature type=Motor, name=, username=Motor Control, n=1
2025-09-16 15:51:09,239 [WARN] DbBoardsPdsc:254 - Board STM32U575I-EV: unknown feature type=joystick, name=, username=4-direction joystick with selection button, n=1
2025-09-16 15:51:09,306 [INFO] DbBoardsJson:86 - JSON generation date=Tue Nov 16 23:17:54 ICT 2021 (1637079474)
2025-09-16 15:51:09,315 [INFO] DbBoards:117 - Found 167 boards (163 are supported by CubeMX)
2025-09-16 15:51:09,335 [INFO] DbBoardsDocs:143 - JSON generation date=Tue Nov 16 23:17:54 ICT 2021 (1637079474)
2025-09-16 15:51:09,342 [INFO] DbBoardsDocs:79 - Found 209 boards documents
2025-09-16 15:51:09,343 [WARN] DbBoards:127 - board B-L475E-IOT01A2 has no document id list !
2025-09-16 15:51:09,344 [WARN] DbBoards:127 - board NUCLEO-H743ZI has no document id list !
2025-09-16 15:51:09,346 [WARN] DbBoards:127 - board NUCLEO-WL55JC2 has no document id list !
2025-09-16 15:51:09,346 [WARN] DbBoards:127 - board P-NUCLEO-WB55-Nucleo has no document id list !
2025-09-16 15:51:09,346 [WARN] DbBoards:127 - board P-NUCLEO-WB55-USBDongle has no document id list !
2025-09-16 15:51:09,347 [WARN] DbBoards:127 - board STEVAL-BFA001V1B has no document id list !
2025-09-16 15:51:09,347 [WARN] DbBoards:127 - board STEVAL-BFA001V2B has no document id list !
2025-09-16 15:51:09,347 [WARN] DbBoards:127 - board STEVAL-IDP005V1 has no document id list !
2025-09-16 15:51:09,347 [WARN] DbBoards:127 - board STEVAL-IDP005V2 has no document id list !
2025-09-16 15:51:09,347 [WARN] DbBoards:127 - board STEVAL-MKSBOX1V1 has no document id list !
2025-09-16 15:51:09,347 [WARN] DbBoards:127 - board STEVAL-STWINKT1 has no document id list !
2025-09-16 15:51:09,347 [WARN] DbBoards:127 - board STEVAL-STWINKT1B has no document id list !
2025-09-16 15:51:09,347 [WARN] DbBoards:127 - board STM32439I-EVAL2 has no document id list !
2025-09-16 15:51:09,348 [WARN] DbBoards:127 - board STM32F401C-DISCO has no document id list !
2025-09-16 15:51:09,348 [WARN] DbBoards:127 - board STM32F769I-DISC1 has no document id list !
2025-09-16 15:51:09,349 [WARN] DbBoards:127 - board STM32G474E-EVAL1 has no document id list !
2025-09-16 15:51:09,349 [WARN] DbBoards:127 - board STM32H743I-EVAL2 has no document id list !
2025-09-16 15:51:09,349 [WARN] DbBoards:127 - board STM32H747I-DISC1 has no document id list !
2025-09-16 15:51:09,350 [WARN] DbBoards:127 - board STM32H753I-EVAL2 has no document id list !
2025-09-16 15:51:09,350 [WARN] DbBoards:127 - board STM32L-DISCOVERY has no document id list !
2025-09-16 15:51:09,590 [ERROR] DbBoards:189 - Image file not found for board B-U585I-IOT02A: D:\STM32CubeIDE_1.7.0\STM32CubeIDE\plugins\com.st.stm32cube.common.mx_6.3.0.202107141111\\db\/plugins/mcufinder/images/boards/B-U585I-IOT02A_small.jpg
2025-09-16 15:51:09,748 [ERROR] DbBoards:189 - Image file not found for board NUCLEO-F413ZH: D:\STM32CubeIDE_1.7.0\STM32CubeIDE\plugins\com.st.stm32cube.common.mx_6.3.0.202107141111\\db\/plugins/mcufinder/images/boards/nucleo-f413zh_small.jpg
2025-09-16 15:51:09,986 [ERROR] DbBoards:189 - Image file not found for board NUCLEO-L552ZE-Q: D:\STM32CubeIDE_1.7.0\STM32CubeIDE\plugins\com.st.stm32cube.common.mx_6.3.0.202107141111\\db\/plugins/mcufinder/images/boards/nucleo_l552ze_q_small.jpg
2025-09-16 15:51:09,986 [ERROR] DbBoards:189 - Image file not found for board NUCLEO-U575ZI-Q: D:\STM32CubeIDE_1.7.0\STM32CubeIDE\plugins\com.st.stm32cube.common.mx_6.3.0.202107141111\\db\/plugins/mcufinder/images/boards/nucleo-u575zi-q_small.jpg
2025-09-16 15:51:09,987 [ERROR] DbBoards:189 - Image file not found for board NUCLEO-WB15CC: D:\STM32CubeIDE_1.7.0\STM32CubeIDE\plugins\com.st.stm32cube.common.mx_6.3.0.202107141111\\db\/plugins/mcufinder/images/boards/nucleo-wb15cc_small.jpg
2025-09-16 15:51:09,987 [ERROR] DbBoards:189 - Image file not found for board NUCLEO-WB55RG: D:\STM32CubeIDE_1.7.0\STM32CubeIDE\plugins\com.st.stm32cube.common.mx_6.3.0.202107141111\\db\/plugins/mcufinder/images/boards/nucleo-wb55rg_small.jpg
2025-09-16 15:51:12,047 [INFO] ApiDb:251 - Load user favorites file C:\Users\ACER/.stm32cubeide/favorites.boards.txt: 0 item(s)
2025-09-16 15:51:12,047 [INFO] ApiDb:255 - User favorites Boards=[]
2025-09-16 15:51:12,047 [INFO] DbBoards:206 - Set 0 / 0 favorites Boards
2025-09-16 15:51:59,420 [INFO] DbMcusDocs:143 - JSON generation date=Tue Nov 16 23:17:54 ICT 2021 (1637079474)
2025-09-16 15:51:59,748 [INFO] DbMcusDocs:79 - Found 682 MCUs documents
2025-09-16 15:52:53,858 [INFO] MainUpdater:2671 - connection check result : 10
2025-09-16 15:52:53,859 [INFO] MainUpdater:2671 - connection check result : 10
2025-09-16 15:52:53,952 [INFO] MicroXplorer:448 - Change Database Path : 
2025-09-16 15:52:53,952 [INFO] MicroXplorer:478 - Change Database Version : DB.6.0.30
2025-09-16 15:52:53,953 [WARN] ThirdParty:813 - waiting for thirdparty lock release [close project]
2025-09-16 15:52:53,953 [INFO] ThirdParty:815 - entering critical section [close project]
2025-09-16 15:52:53,955 [INFO] ThirdParty:825 - exiting critical section [close project]
2025-09-16 15:52:53,961 [INFO] PinOutPanel:1463 - setPackage(No Configuration,No Configuration)
2025-09-16 15:52:53,963 [INFO] UtilMem:74 - Begin LoadConfig() Used Memory: 738284856 Bytes (767557632)
2025-09-16 15:52:53,964 [INFO] MicroXplorer:448 - Change Database Path : 
2025-09-16 15:52:53,965 [INFO] MicroXplorer:478 - Change Database Version : DB.6.0.30
2025-09-16 15:52:53,965 [INFO] OpenFileManager:313 - Change cursor
2025-09-16 15:52:55,200 [INFO] Context:592 - Trying to add GPIOservice into a context  which must be forbidden
2025-09-16 15:52:55,487 [INFO] ImportTextPane:167 - (OptionalMessage_ERROR) Unable to find key (Mcu.ThirdPartyNb) in loaded IOC file
2025-09-16 15:52:55,488 [INFO] ImportTextPane:167 - (OptionalMessage_ERROR) Unable to find key (Mcu.PinsNb) in loaded IOC file
2025-09-16 15:52:55,488 [INFO] ImportTextPane:167 - (OptionalMessage_ERROR) Unable to find key (Mcu.IPNb) in loaded IOC file
2025-09-16 15:52:55,539 [INFO] RtosManager:484 - Registered RTOS mode: class=CMSIS, group=RTOS, mode=CMSIS_V1, owner=FREERTOS
2025-09-16 15:52:55,539 [INFO] RtosManager:484 - Registered RTOS mode: class=CMSIS, group=RTOS2, mode=CMSIS_V2, owner=FREERTOS
2025-09-16 15:52:55,539 [INFO] RtosManager:484 - Registered RTOS mode: class=RTOS, group=Core, mode=CMSIS_V1, owner=FREERTOS
2025-09-16 15:52:55,539 [INFO] RtosManager:484 - Registered RTOS mode: class=RTOS, group=Core, mode=CMSIS_V2, owner=FREERTOS
2025-09-16 15:52:55,540 [WARN] ModelIntegratedComponent:181 - Missing modes for component STMicroelectronics:FreeRTOS:0.0.1:STMicroelectronics:RTOS:FreeRTOS:Core:::10.2.0:
2025-09-16 15:52:55,543 [WARN] ModelIntegratedComponent:60 - No mode defined for component null
2025-09-16 15:52:55,543 [WARN] ModelIntegratedComponent:60 - No mode defined for component null
2025-09-16 15:52:55,543 [WARN] ModelIntegratedComponent:60 - No mode defined for component null
2025-09-16 15:52:55,543 [WARN] ModelIntegratedComponent:60 - No mode defined for component null
2025-09-16 15:52:55,543 [WARN] ModelIntegratedComponent:60 - No mode defined for component null
2025-09-16 15:52:55,543 [WARN] ModelIntegratedComponent:60 - No mode defined for component null
2025-09-16 15:52:55,543 [WARN] ModelIntegratedComponent:60 - No mode defined for component null
2025-09-16 15:52:55,544 [WARN] ModelIntegratedComponent:60 - No mode defined for component null
2025-09-16 15:52:55,544 [WARN] ModelIntegratedComponent:60 - No mode defined for component null
2025-09-16 15:52:55,544 [WARN] ModelIntegratedComponent:60 - No mode defined for component null
2025-09-16 15:52:55,544 [WARN] ModelIntegratedComponent:60 - No mode defined for component null
2025-09-16 15:52:55,544 [WARN] ModelIntegratedComponent:60 - No mode defined for component null
2025-09-16 15:52:55,544 [WARN] ModelIntegratedComponent:60 - No mode defined for component null
2025-09-16 15:52:55,544 [WARN] ModelIntegratedComponent:60 - No mode defined for component null
2025-09-16 15:52:55,544 [WARN] ModelIntegratedComponent:60 - No mode defined for component null
2025-09-16 15:52:55,544 [WARN] ModelIntegratedComponent:60 - No mode defined for component null
2025-09-16 15:52:55,545 [WARN] ModelIntegratedComponent:60 - No mode defined for component null
2025-09-16 15:52:55,545 [WARN] ModelIntegratedComponent:60 - No mode defined for component null
2025-09-16 15:52:55,545 [WARN] ModelIntegratedComponent:60 - No mode defined for component null
2025-09-16 15:52:55,545 [WARN] ModelIntegratedComponent:60 - No mode defined for component null
2025-09-16 15:52:55,545 [WARN] ModelIntegratedComponent:60 - No mode defined for component null
2025-09-16 15:52:55,545 [WARN] ModelIntegratedComponent:60 - No mode defined for component null
2025-09-16 15:52:55,545 [WARN] ModelIntegratedComponent:60 - No mode defined for component null
2025-09-16 15:52:55,545 [WARN] ModelIntegratedComponent:60 - No mode defined for component null
2025-09-16 15:52:55,545 [WARN] ModelIntegratedComponent:60 - No mode defined for component null
2025-09-16 15:52:55,546 [WARN] ModelIntegratedComponent:60 - No mode defined for component null
2025-09-16 15:52:55,546 [WARN] ModelIntegratedComponent:60 - No mode defined for component null
2025-09-16 15:52:55,546 [WARN] ModelIntegratedComponent:60 - No mode defined for component null
2025-09-16 15:52:55,546 [WARN] ModelIntegratedComponent:60 - No mode defined for component null
2025-09-16 15:52:55,546 [WARN] ModelIntegratedComponent:60 - No mode defined for component null
2025-09-16 15:52:55,546 [WARN] ModelIntegratedComponent:60 - No mode defined for component null
2025-09-16 15:52:55,699 [INFO] UtilMem:74 - End LoadConfig() Used Memory: 736321216 Bytes (783286272)
2025-09-16 15:52:55,711 [WARN] ThirdParty:779 - waiting for thirdparty lock release [change project]
2025-09-16 15:52:55,712 [INFO] ThirdParty:781 - entering critical section [change project]
2025-09-16 15:52:55,712 [INFO] ThirdParty:967 - CMSIS Pack Vendor :STMicroelectronics USB_HOST 2.0.0
2025-09-16 15:52:55,712 [INFO] ThirdParty:967 - CMSIS Pack Vendor :STMicroelectronics FreeRTOS 0.0.1
2025-09-16 15:52:55,712 [INFO] ThirdParty:967 - CMSIS Pack Vendor :STMicroelectronics USB_DEVICE 1.0.0
2025-09-16 15:52:55,712 [INFO] ThirdParty:967 - CMSIS Pack Vendor :STMicroelectronics USB_DEVICE 3.0.0
2025-09-16 15:52:55,712 [INFO] ThirdParty:967 - CMSIS Pack Vendor :STMicroelectronics HAL Drivers 0.0.0
2025-09-16 15:52:55,712 [INFO] ThirdParty:967 - CMSIS Pack Vendor :STMicroelectronics MBEDTLS 2.16.2
2025-09-16 15:52:55,712 [INFO] ThirdParty:967 - CMSIS Pack Vendor :STMicroelectronics ThreadX 0.0.2
2025-09-16 15:52:55,712 [INFO] ThirdParty:967 - CMSIS Pack Vendor :STMicroelectronics lwIP 2.0.3
2025-09-16 15:52:55,712 [INFO] ThirdParty:967 - CMSIS Pack Vendor :STMicroelectronics lwIP 2.1.2
2025-09-16 15:52:55,713 [INFO] ThirdParty:967 - CMSIS Pack Vendor :STMicroelectronics MBEDTLS 2.14.1
2025-09-16 15:52:55,713 [INFO] ThirdParty:967 - CMSIS Pack Vendor :STMicroelectronics USB_HOST 1.0.0
2025-09-16 15:52:55,713 [INFO] ThirdParty:967 - CMSIS Pack Vendor :STMicroelectronics PDM2PCM 3.1.0
2025-09-16 15:52:55,713 [INFO] ThirdParty:967 - CMSIS Pack Vendor :STMicroelectronics PDM2PCM 3.2.0
2025-09-16 15:52:55,713 [INFO] ThirdParty:967 - CMSIS Pack Vendor :STMicroelectronics USB_DEVICE 2.0.0
2025-09-16 15:52:55,713 [INFO] ThirdParty:967 - CMSIS Pack Vendor :STMicroelectronics PDM2PCM 3.3.0
2025-09-16 15:52:55,713 [INFO] ThirdParty:787 - exiting critical section [change project]
2025-09-16 15:52:56,018 [INFO] PinOutPanel:1463 - setPackage(No Configuration,No Configuration)
2025-09-16 15:52:56,019 [INFO] PinOutPanel:1463 - setPackage(STM32F103C6Ux,UFQFPN48)
2025-09-16 15:52:56,488 [INFO] UtilMem:74 - Before build in PCC Used Memory: 728015776 Bytes (783286272)
2025-09-16 15:52:57,302 [INFO] UtilMem:74 - After build in PCC Used Memory: 768409576 Bytes (783286272)
2025-09-16 15:52:57,331 [INFO] IPUIPlugin:74 - create IPUIPlugin
2025-09-16 15:52:57,332 [INFO] IPUIPlugin:74 - create IPUIPlugin
2025-09-16 15:52:57,332 [INFO] IPUIPlugin:74 - create IPUIPlugin
2025-09-16 15:52:57,332 [INFO] IPUIPlugin:74 - create IPUIPlugin
2025-09-16 15:52:57,333 [INFO] IPUIPlugin:74 - create IPUIPlugin
2025-09-16 15:52:57,333 [INFO] IPUIPlugin:74 - create IPUIPlugin
2025-09-16 15:52:57,333 [INFO] IPUIPlugin:74 - create IPUIPlugin
2025-09-16 15:52:57,334 [INFO] IPUIPlugin:74 - create IPUIPlugin
2025-09-16 15:52:57,334 [INFO] IPUIPlugin:74 - create IPUIPlugin
2025-09-16 15:52:57,334 [INFO] IPUIPlugin:74 - create IPUIPlugin
2025-09-16 15:52:57,335 [INFO] IPUIPlugin:74 - create IPUIPlugin
2025-09-16 15:52:57,335 [INFO] IPUIPlugin:74 - create IPUIPlugin
2025-09-16 15:52:57,336 [INFO] IPUIPlugin:74 - create IPUIPlugin
2025-09-16 15:52:57,336 [INFO] IPUIPlugin:74 - create IPUIPlugin
2025-09-16 15:52:57,337 [INFO] IPUIPlugin:74 - create IPUIPlugin
2025-09-16 15:52:57,337 [INFO] IPUIPlugin:74 - create IPUIPlugin
2025-09-16 15:52:57,347 [INFO] IPUIPlugin:74 - create IPUIPlugin
2025-09-16 15:52:57,350 [INFO] IPUIPlugin:74 - create IPUIPlugin
2025-09-16 15:52:57,350 [INFO] IPUIPlugin:74 - create IPUIPlugin
2025-09-16 15:52:57,351 [INFO] IPUIPlugin:74 - create IPUIPlugin
2025-09-16 15:52:57,352 [INFO] IPUIPlugin:74 - create IPUIPlugin
2025-09-16 15:52:57,353 [INFO] IPUIPlugin:74 - create IPUIPlugin
2025-09-16 15:52:57,354 [INFO] IPUIPlugin:74 - create IPUIPlugin
2025-09-16 15:52:57,519 [INFO] OpenFileManager:333 - Restore cursor
2025-09-16 15:52:57,938 [INFO] UtilMem:74 - End SaveConfig() Used Memory: 777133560 Bytes (785383424)
2025-09-16 15:52:58,006 [INFO] UtilMem:74 - End SaveConfig() Used Memory: 750931248 Bytes (790626304)
2025-09-16 15:52:58,371 [INFO] BlockDiagram:2740 - set Specific Code input for plugin: NVIC
2025-09-16 15:52:58,371 [INFO] BlockDiagram:2740 - set Specific Code input for plugin: SYS
2025-09-16 15:52:58,371 [INFO] BlockDiagram:2740 - set Specific Code input for plugin: RCC
2025-09-16 15:52:58,373 [INFO] CodeGenerator:663 - code generatio: config db path: D:\STM32CubeIDE_1.7.0\STM32CubeIDE\plugins\com.st.stm32cube.common.mx_6.3.0.202107141111\\db\
2025-09-16 15:52:58,818 [INFO] CodeEngine:239 - oldGeneratedFile, D:\New folder (2)\LAB 1\Code\LAB 1.5.1\MXTmpFiles\license.tmp_save
2025-09-16 15:52:59,270 [INFO] CodeEngine:257 - Generated code: D:\New folder (2)\LAB 1\Code\LAB 1.5.1\MXTmpFiles\license.tmp
2025-09-16 15:52:59,457 [INFO] CodeEngine:239 - oldGeneratedFile, D:\New folder (2)\LAB 1\Code\LAB 1.5.1\Core\Src\stm32f1xx_it.c_save
2025-09-16 15:52:59,662 [INFO] CodeEngine:257 - Generated code: D:\New folder (2)\LAB 1\Code\LAB 1.5.1\Core\Src\stm32f1xx_it.c
2025-09-16 15:52:59,675 [INFO] CodeEngine:239 - oldGeneratedFile, D:\New folder (2)\LAB 1\Code\LAB 1.5.1\Core\Inc\stm32f1xx_it.h_save
2025-09-16 15:52:59,802 [INFO] CodeEngine:257 - Generated code: D:\New folder (2)\LAB 1\Code\LAB 1.5.1\Core\Inc\stm32f1xx_it.h
2025-09-16 15:52:59,828 [INFO] CodeEngine:239 - oldGeneratedFile, D:\New folder (2)\LAB 1\Code\LAB 1.5.1\Core\Src\stm32f1xx_hal_msp.c_save
2025-09-16 15:52:59,976 [INFO] CodeEngine:257 - Generated code: D:\New folder (2)\LAB 1\Code\LAB 1.5.1\Core\Src\stm32f1xx_hal_msp.c
2025-09-16 15:52:59,988 [INFO] CodeEngine:239 - oldGeneratedFile, D:\New folder (2)\LAB 1\Code\LAB 1.5.1\MXTmpFiles\system.tmp_save
2025-09-16 15:53:00,086 [INFO] CodeEngine:257 - Generated code: D:\New folder (2)\LAB 1\Code\LAB 1.5.1\MXTmpFiles\system.tmp
2025-09-16 15:53:00,104 [INFO] CodeEngine:239 - oldGeneratedFile, D:\New folder (2)\LAB 1\Code\LAB 1.5.1\Core\Inc\stm32f1xx_hal_conf.h_save
2025-09-16 15:53:00,218 [INFO] CodeEngine:257 - Generated code: D:\New folder (2)\LAB 1\Code\LAB 1.5.1\Core\Inc\stm32f1xx_hal_conf.h
2025-09-16 15:53:00,294 [INFO] CodeEngine:239 - oldGeneratedFile, D:\New folder (2)\LAB 1\Code\LAB 1.5.1\Core\Inc\main.h_save
2025-09-16 15:53:00,430 [INFO] CodeEngine:257 - Generated code: D:\New folder (2)\LAB 1\Code\LAB 1.5.1\Core\Inc\main.h
2025-09-16 15:53:00,442 [INFO] CodeEngine:239 - oldGeneratedFile, D:\New folder (2)\LAB 1\Code\LAB 1.5.1\Core\Src\main.c_save
2025-09-16 15:53:00,591 [INFO] CodeEngine:257 - Generated code: D:\New folder (2)\LAB 1\Code\LAB 1.5.1\Core\Src\main.c
2025-09-16 15:53:01,670 [INFO] ProjectBuilder:2578 - Time for Copy HAL[1] : 87mS.
2025-09-16 15:53:01,678 [INFO] ProjectBuilder:3622 - Project Generator version: 3.14.1
2025-09-16 15:53:02,236 [INFO] ConfigFileManager:1271 - The Die is : DIE412
2025-09-16 15:53:02,267 [INFO] ApiDbMcu:468 - Load IP Config File for FATFS
2025-09-16 15:53:02,314 [INFO] ApiDbMcu:468 - Load IP Config File for FREERTOS
2025-09-16 15:53:02,357 [INFO] ApiDbMcu:468 - Load IP Config File for USB_DEVICE
2025-09-16 15:53:09,038 [INFO] ProjectBuilder:3789 - Time for Generating toolchain IDE Files: 7360mS.
2025-09-16 15:53:09,039 [INFO] ProjectBuilder:2457 - Time for Copy CMSIS : 0mS.
2025-09-16 15:53:09,041 [INFO] ProjectBuilder:2457 - Time for Copy CMSIS : 0mS.
2025-09-16 15:53:10,806 [INFO] McuFinderGlobals:52 - Set McuFinderConnectedMode to true
2025-09-16 15:53:10,808 [INFO] ApiDb:276 - Save user favorites file C:\Users\ACER/.stm32cubeide/favorites.mcus.txt: 0 item(s)
2025-09-16 15:53:10,809 [INFO] ApiDb:280 - User favorites MCUs=[]
2025-09-16 15:54:49,619 [INFO] Activator:177 - 


2025-09-16 15:54:49,621 [INFO] Activator:178 - !SESSION log4j initialized
2025-09-16 15:55:32,517 [INFO] Activator:177 - 


2025-09-16 15:55:32,519 [INFO] Activator:178 - !SESSION log4j initialized
2025-09-16 15:56:02,618 [INFO] McuFinderGlobals:39 - Set McuFinder mode to 2 (CubeIDE integrated)
2025-09-16 15:56:02,869 [INFO] ApplicationProperties:181 - Using Application install path: D:\STM32CubeIDE_1.7.0\STM32CubeIDE\plugins\com.st.stm32cube.common.mx_6.3.0.202107141111
2025-09-16 15:56:02,882 [INFO] DbMcusXml:74 - Set database path to: D:\STM32CubeIDE_1.7.0\STM32CubeIDE\plugins\com.st.stm32cube.common.mx_6.3.0.202107141111\\db\/mcu/
2025-09-16 15:56:02,886 [INFO] DbBoardsPdsc:56 - Set plugin database path to: D:\STM32CubeIDE_1.7.0\STM32CubeIDE\plugins\com.st.stm32cube.common.mx_6.3.0.202107141111\\db\/plugins/boardmanager/
2025-09-16 15:56:02,886 [INFO] DbMcus:258 - Set plugin images path to: D:\STM32CubeIDE_1.7.0\STM32CubeIDE\plugins\com.st.stm32cube.common.mx_6.3.0.202107141111\\db\/plugins/mcufinder/images/
2025-09-16 15:56:02,886 [INFO] DbBoards:264 - Set plugin images path to: D:\STM32CubeIDE_1.7.0\STM32CubeIDE\plugins\com.st.stm32cube.common.mx_6.3.0.202107141111\\db\/plugins/mcufinder/images/
2025-09-16 15:56:02,889 [INFO] DbExamples:333 - Set plugin images path to: D:\STM32CubeIDE_1.7.0\STM32CubeIDE\plugins\com.st.stm32cube.common.mx_6.3.0.202107141111\\db\/plugins/mcufinder/images/
2025-09-16 15:56:02,893 [INFO] DbMcusAds:119 - Set database path to: C:\Users\ACER\.stmcufinder\plugins\mcufinder//mcu/
2025-09-16 15:56:02,894 [INFO] DbMcusDocs:110 - Set database path to: C:\Users\ACER\.stmcufinder\plugins\mcufinder//mcu/
2025-09-16 15:56:02,896 [INFO] DbMcusJson:64 - Set database path to: C:\Users\ACER\.stmcufinder\plugins\mcufinder//mcu/
2025-09-16 15:56:02,897 [INFO] DbBoardsDocs:110 - Set database path to: C:\Users\ACER\.stmcufinder\plugins\mcufinder//mcu/
2025-09-16 15:56:02,898 [INFO] DbBoardsJson:57 - Set database path to: C:\Users\ACER\.stmcufinder\plugins\mcufinder//mcu/
2025-09-16 15:56:04,029 [INFO] CrossReferenceDbSqlite:196 - Set database path to: C:\Users\ACER\.stmcufinder\plugins\mcufinder//mcu/cs/
2025-09-16 15:56:04,034 [INFO] DbExamplesSqlite:767 - Set database path to: C:\Users\ACER\.stmcufinder\plugins\mcufinder//mcu/
2025-09-16 15:56:04,138 [INFO] RulesReader:57 - Compatibility file has been processed (242 Rules)
2025-09-16 15:56:04,225 [INFO] DbMcusXml:74 - Set database path to: D:\STM32CubeIDE_1.7.0\STM32CubeIDE\plugins\com.st.stm32cube.common.mx_6.3.0.202107141111\\db\/mcu/
2025-09-16 15:56:04,226 [INFO] DbBoardsPdsc:56 - Set plugin database path to: D:\STM32CubeIDE_1.7.0\STM32CubeIDE\plugins\com.st.stm32cube.common.mx_6.3.0.202107141111\\db\/plugins/boardmanager/
2025-09-16 15:56:04,226 [INFO] DbMcus:258 - Set plugin images path to: D:\STM32CubeIDE_1.7.0\STM32CubeIDE\plugins\com.st.stm32cube.common.mx_6.3.0.202107141111\\db\/plugins/mcufinder/images/
2025-09-16 15:56:04,226 [INFO] DbBoards:264 - Set plugin images path to: D:\STM32CubeIDE_1.7.0\STM32CubeIDE\plugins\com.st.stm32cube.common.mx_6.3.0.202107141111\\db\/plugins/mcufinder/images/
2025-09-16 15:56:04,226 [INFO] DbExamples:333 - Set plugin images path to: D:\STM32CubeIDE_1.7.0\STM32CubeIDE\plugins\com.st.stm32cube.common.mx_6.3.0.202107141111\\db\/plugins/mcufinder/images/
2025-09-16 15:56:04,226 [WARN] DbFile:35 - Overriding database path with different value: C:\Users\ACER\.stmcufinder\plugins\mcufinder/ => C:\Users\ACER\.stmcufinder\plugins\mcufinder
2025-09-16 15:56:04,227 [INFO] DbMcusAds:119 - Set database path to: C:\Users\ACER\.stmcufinder\plugins\mcufinder//mcu/
2025-09-16 15:56:04,227 [WARN] DbFile:35 - Overriding database path with different value: C:\Users\ACER\.stmcufinder\plugins\mcufinder/ => C:\Users\ACER\.stmcufinder\plugins\mcufinder
2025-09-16 15:56:04,227 [INFO] DbMcusDocs:110 - Set database path to: C:\Users\ACER\.stmcufinder\plugins\mcufinder//mcu/
2025-09-16 15:56:04,227 [WARN] DbFile:35 - Overriding database path with different value: C:\Users\ACER\.stmcufinder\plugins\mcufinder/ => C:\Users\ACER\.stmcufinder\plugins\mcufinder
2025-09-16 15:56:04,227 [INFO] DbMcusJson:64 - Set database path to: C:\Users\ACER\.stmcufinder\plugins\mcufinder//mcu/
2025-09-16 15:56:04,227 [WARN] DbFile:35 - Overriding database path with different value: C:\Users\ACER\.stmcufinder\plugins\mcufinder/ => C:\Users\ACER\.stmcufinder\plugins\mcufinder
2025-09-16 15:56:04,227 [INFO] DbBoardsDocs:110 - Set database path to: C:\Users\ACER\.stmcufinder\plugins\mcufinder//mcu/
2025-09-16 15:56:04,227 [WARN] DbFile:35 - Overriding database path with different value: C:\Users\ACER\.stmcufinder\plugins\mcufinder/ => C:\Users\ACER\.stmcufinder\plugins\mcufinder
2025-09-16 15:56:04,228 [INFO] DbBoardsJson:57 - Set database path to: C:\Users\ACER\.stmcufinder\plugins\mcufinder//mcu/
2025-09-16 15:56:04,228 [WARN] DbFile:35 - Overriding database path with different value: C:\Users\ACER\.stmcufinder\plugins\mcufinder/ => C:\Users\ACER\.stmcufinder\plugins\mcufinder
2025-09-16 15:56:04,228 [WARN] DbFile:35 - Overriding database path with different value: C:\Users\ACER\.stmcufinder\plugins\mcufinder/ => C:\Users\ACER\.stmcufinder\plugins\mcufinder
2025-09-16 15:56:04,228 [INFO] CrossReferenceDbSqlite:196 - Set database path to: C:\Users\ACER\.stmcufinder\plugins\mcufinder//mcu/cs/
2025-09-16 15:56:04,228 [WARN] DbFile:35 - Overriding database path with different value: C:\Users\ACER\.stmcufinder\plugins\mcufinder/ => C:\Users\ACER\.stmcufinder\plugins\mcufinder
2025-09-16 15:56:04,228 [INFO] DbExamplesSqlite:767 - Set database path to: C:\Users\ACER\.stmcufinder\plugins\mcufinder//mcu/
2025-09-16 15:56:04,292 [INFO] MainPanel:214 - HeapMemory: 268435456
2025-09-16 15:56:04,362 [INFO] DbMcusXml:74 - Set database path to: D:\STM32CubeIDE_1.7.0\STM32CubeIDE\plugins\com.st.stm32cube.common.mx_6.3.0.202107141111\\db\/mcu/
2025-09-16 15:56:04,362 [INFO] DbBoardsPdsc:56 - Set plugin database path to: D:\STM32CubeIDE_1.7.0\STM32CubeIDE\plugins\com.st.stm32cube.common.mx_6.3.0.202107141111\\db\/plugins/boardmanager/
2025-09-16 15:56:04,362 [INFO] DbMcus:258 - Set plugin images path to: D:\STM32CubeIDE_1.7.0\STM32CubeIDE\plugins\com.st.stm32cube.common.mx_6.3.0.202107141111\\db\/plugins/mcufinder/images/
2025-09-16 15:56:04,362 [INFO] DbBoards:264 - Set plugin images path to: D:\STM32CubeIDE_1.7.0\STM32CubeIDE\plugins\com.st.stm32cube.common.mx_6.3.0.202107141111\\db\/plugins/mcufinder/images/
2025-09-16 15:56:04,362 [INFO] DbExamples:333 - Set plugin images path to: D:\STM32CubeIDE_1.7.0\STM32CubeIDE\plugins\com.st.stm32cube.common.mx_6.3.0.202107141111\\db\/plugins/mcufinder/images/
2025-09-16 15:56:04,362 [WARN] DbFile:35 - Overriding database path with different value: C:\Users\ACER\.stmcufinder\plugins\mcufinder/ => C:\Users\ACER\.stmcufinder\plugins\mcufinder
2025-09-16 15:56:04,363 [INFO] DbMcusAds:119 - Set database path to: C:\Users\ACER\.stmcufinder\plugins\mcufinder//mcu/
2025-09-16 15:56:04,363 [WARN] DbFile:35 - Overriding database path with different value: C:\Users\ACER\.stmcufinder\plugins\mcufinder/ => C:\Users\ACER\.stmcufinder\plugins\mcufinder
2025-09-16 15:56:04,363 [INFO] DbMcusDocs:110 - Set database path to: C:\Users\ACER\.stmcufinder\plugins\mcufinder//mcu/
2025-09-16 15:56:04,363 [WARN] DbFile:35 - Overriding database path with different value: C:\Users\ACER\.stmcufinder\plugins\mcufinder/ => C:\Users\ACER\.stmcufinder\plugins\mcufinder
2025-09-16 15:56:04,363 [INFO] DbMcusJson:64 - Set database path to: C:\Users\ACER\.stmcufinder\plugins\mcufinder//mcu/
2025-09-16 15:56:04,363 [WARN] DbFile:35 - Overriding database path with different value: C:\Users\ACER\.stmcufinder\plugins\mcufinder/ => C:\Users\ACER\.stmcufinder\plugins\mcufinder
2025-09-16 15:56:04,363 [INFO] DbBoardsDocs:110 - Set database path to: C:\Users\ACER\.stmcufinder\plugins\mcufinder//mcu/
2025-09-16 15:56:04,363 [WARN] DbFile:35 - Overriding database path with different value: C:\Users\ACER\.stmcufinder\plugins\mcufinder/ => C:\Users\ACER\.stmcufinder\plugins\mcufinder
2025-09-16 15:56:04,364 [INFO] DbBoardsJson:57 - Set database path to: C:\Users\ACER\.stmcufinder\plugins\mcufinder//mcu/
2025-09-16 15:56:04,364 [WARN] DbFile:35 - Overriding database path with different value: C:\Users\ACER\.stmcufinder\plugins\mcufinder/ => C:\Users\ACER\.stmcufinder\plugins\mcufinder
2025-09-16 15:56:04,364 [WARN] DbFile:35 - Overriding database path with different value: C:\Users\ACER\.stmcufinder\plugins\mcufinder/ => C:\Users\ACER\.stmcufinder\plugins\mcufinder
2025-09-16 15:56:04,364 [INFO] CrossReferenceDbSqlite:196 - Set database path to: C:\Users\ACER\.stmcufinder\plugins\mcufinder//mcu/cs/
2025-09-16 15:56:04,364 [WARN] DbFile:35 - Overriding database path with different value: C:\Users\ACER\.stmcufinder\plugins\mcufinder/ => C:\Users\ACER\.stmcufinder\plugins\mcufinder
2025-09-16 15:56:04,364 [INFO] DbExamplesSqlite:767 - Set database path to: C:\Users\ACER\.stmcufinder\plugins\mcufinder//mcu/
2025-09-16 15:56:04,385 [INFO] ApplicationProperties:181 - Using Application install path: D:\STM32CubeIDE_1.7.0\STM32CubeIDE\plugins\com.st.stm32cube.common.mx_6.3.0.202107141111
2025-09-16 15:56:04,386 [INFO] PluginManage:188 - Search for loadable plugins [exclusion list=, ]
2025-09-16 15:56:04,387 [INFO] PluginManage:302 - Check plugin analytics
2025-09-16 15:56:05,043 [INFO] AnalyticsPlugin:257 - Accepted Software Licenses: 
2025-09-16 15:56:05,044 [INFO] AnalyticsPlugin:259 - Accepted CMSIS Pack Licenses: 
2025-09-16 15:56:05,044 [INFO] AnalyticsPlugin:261 - Accepted Firmware Licenses: 
2025-09-16 15:56:05,044 [INFO] PluginManage:352 - Loaded plugin analytics (category:tool,tabindex:-1)
2025-09-16 15:56:05,044 [INFO] PluginManage:302 - Check plugin clock
2025-09-16 15:56:05,055 [INFO] PluginManage:352 - Loaded plugin clock (category:base,tabindex:2)
2025-09-16 15:56:05,055 [INFO] PluginManage:302 - Check plugin ddr
2025-09-16 15:56:05,057 [INFO] PluginManage:352 - Loaded plugin ddr (category:tool,tabindex:6)
2025-09-16 15:56:05,057 [INFO] PluginManage:302 - Check plugin filemanager
2025-09-16 15:56:05,178 [INFO] PluginManage:352 - Loaded plugin filemanager (category:base,tabindex:10)
2025-09-16 15:56:05,178 [INFO] PluginManage:302 - Check plugin ipmanager
2025-09-16 15:56:05,187 [INFO] PluginManage:352 - Loaded plugin ipmanager (category:base,tabindex:5)
2025-09-16 15:56:05,187 [INFO] PluginManage:302 - Check plugin pinoutandconfiguration
2025-09-16 15:56:05,196 [INFO] PluginManage:352 - Loaded plugin pinoutandconfiguration (category:base,tabindex:1)
2025-09-16 15:56:05,196 [INFO] PluginManage:302 - Check plugin pinoutconfig
2025-09-16 15:56:05,223 [INFO] PluginManage:352 - Loaded plugin pinoutconfig (category:base,tabindex:0)
2025-09-16 15:56:05,223 [INFO] PluginManage:302 - Check plugin power
2025-09-16 15:56:05,253 [INFO] PluginManage:352 - Loaded plugin power (category:power,tabindex:4)
2025-09-16 15:56:05,254 [INFO] PluginManage:302 - Check plugin projectmanager
2025-09-16 15:56:05,271 [INFO] PluginManage:352 - Loaded plugin projectmanager (category:projectmanager,tabindex:3)
2025-09-16 15:56:05,271 [INFO] PluginManage:302 - Check plugin thirdparty
2025-09-16 15:56:05,395 [WARN] IntegrityCheckThread:78 - waiting for thirdparty lock release [integrity check]
2025-09-16 15:56:05,395 [INFO] PluginManage:352 - Loaded plugin thirdparty (category:base,tabindex:-1)
2025-09-16 15:56:05,395 [INFO] IntegrityCheckThread:80 - entering critical section [integrity check]
2025-09-16 15:56:05,395 [INFO] PluginManage:302 - Check plugin tools
2025-09-16 15:56:05,396 [INFO] ThirdPartyUpdaterWithRetryManager:66 - Updater plugin not ready yet. [1/15]
2025-09-16 15:56:05,397 [INFO] PluginManage:352 - Loaded plugin tools (category:base,tabindex:7)
2025-09-16 15:56:05,397 [INFO] PluginManage:302 - Check plugin tutovideos
2025-09-16 15:56:05,632 [INFO] PluginManage:352 - Loaded plugin tutovideos (category:base,tabindex:-1)
2025-09-16 15:56:05,633 [INFO] PluginManage:302 - Check plugin updater
2025-09-16 15:56:05,646 [INFO] PluginManage:352 - Loaded plugin updater (category:base,tabindex:12)
2025-09-16 15:56:05,646 [INFO] PluginManage:275 - PluginManage : Loaded plugins [13]
2025-09-16 15:56:05,822 [INFO] PinOutPanel:1463 - setPackage(No Configuration,No Configuration)
2025-09-16 15:56:05,914 [INFO] IPUIPlugin:74 - create IPUIPlugin
2025-09-16 15:56:05,914 [INFO] PluginManager:213 - loadIPPluginJar : add adc
2025-09-16 15:56:05,916 [INFO] IPUIPlugin:74 - create IPUIPlugin
2025-09-16 15:56:05,917 [INFO] PluginManager:213 - loadIPPluginJar : add aes
2025-09-16 15:56:05,919 [INFO] IPUIPlugin:74 - create IPUIPlugin
2025-09-16 15:56:05,919 [INFO] PluginManager:213 - loadIPPluginJar : add can
2025-09-16 15:56:05,920 [INFO] IPUIPlugin:74 - create IPUIPlugin
2025-09-16 15:56:05,920 [INFO] PluginManager:213 - loadIPPluginJar : add comp
2025-09-16 15:56:05,922 [INFO] IPUIPlugin:74 - create IPUIPlugin
2025-09-16 15:56:05,922 [INFO] PluginManager:213 - loadIPPluginJar : add cryp
2025-09-16 15:56:05,925 [INFO] IPUIPlugin:74 - create IPUIPlugin
2025-09-16 15:56:05,925 [INFO] PluginManager:213 - loadIPPluginJar : add dfsdm
2025-09-16 15:56:05,930 [INFO] IPUIPlugin:74 - create IPUIPlugin
2025-09-16 15:56:05,931 [INFO] PluginManager:213 - loadIPPluginJar : add dma
2025-09-16 15:56:05,933 [INFO] IPUIPlugin:74 - create IPUIPlugin
2025-09-16 15:56:05,933 [INFO] PluginManager:213 - loadIPPluginJar : add dma3
2025-09-16 15:56:05,934 [INFO] IPUIPlugin:74 - create IPUIPlugin
2025-09-16 15:56:05,935 [INFO] PluginManager:213 - loadIPPluginJar : add fatfs
2025-09-16 15:56:05,939 [INFO] IPUIPlugin:74 - create IPUIPlugin
2025-09-16 15:56:05,939 [INFO] PluginManager:213 - loadIPPluginJar : add fmc
2025-09-16 15:56:05,944 [INFO] IPUIPlugin:74 - create IPUIPlugin
2025-09-16 15:56:05,944 [INFO] PluginManager:213 - loadIPPluginJar : add freertos
2025-09-16 15:56:05,946 [INFO] IPUIPlugin:74 - create IPUIPlugin
2025-09-16 15:56:05,946 [INFO] PluginManager:213 - loadIPPluginJar : add genericplugin
2025-09-16 15:56:05,947 [INFO] IPUIPlugin:74 - create IPUIPlugin
2025-09-16 15:56:05,948 [INFO] PluginManager:213 - loadIPPluginJar : add gfxmmu
2025-09-16 15:56:05,952 [INFO] IPUIPlugin:74 - create IPUIPlugin
2025-09-16 15:56:05,953 [INFO] PluginManager:213 - loadIPPluginJar : add gic
2025-09-16 15:56:05,956 [INFO] IPUIPlugin:74 - create IPUIPlugin
2025-09-16 15:56:05,956 [INFO] PluginManager:213 - loadIPPluginJar : add gpio
2025-09-16 15:56:05,958 [INFO] IPUIPlugin:74 - create IPUIPlugin
2025-09-16 15:56:05,958 [INFO] PluginManager:213 - loadIPPluginJar : add gtzc
2025-09-16 15:56:05,960 [INFO] IPUIPlugin:74 - create IPUIPlugin
2025-09-16 15:56:05,960 [INFO] PluginManager:213 - loadIPPluginJar : add hash
2025-09-16 15:56:05,963 [INFO] IPUIPlugin:74 - create IPUIPlugin
2025-09-16 15:56:05,964 [INFO] PluginManager:213 - loadIPPluginJar : add i2c
2025-09-16 15:56:05,966 [INFO] IPUIPlugin:74 - create IPUIPlugin
2025-09-16 15:56:05,966 [INFO] PluginManager:213 - loadIPPluginJar : add i2s
2025-09-16 15:56:05,969 [INFO] IPUIPlugin:74 - create IPUIPlugin
2025-09-16 15:56:05,969 [INFO] PluginManager:213 - loadIPPluginJar : add ipddr
2025-09-16 15:56:05,975 [INFO] IPUIPlugin:74 - create IPUIPlugin
2025-09-16 15:56:05,976 [INFO] PluginManager:213 - loadIPPluginJar : add linkedlist
2025-09-16 15:56:05,978 [INFO] IPUIPlugin:74 - create IPUIPlugin
2025-09-16 15:56:05,978 [INFO] PluginManager:213 - loadIPPluginJar : add lorawan
2025-09-16 15:56:05,979 [INFO] IPUIPlugin:74 - create IPUIPlugin
2025-09-16 15:56:05,979 [INFO] PluginManager:213 - loadIPPluginJar : add ltdc
2025-09-16 15:56:05,982 [INFO] IPUIPlugin:74 - create IPUIPlugin
2025-09-16 15:56:05,983 [INFO] PluginManager:213 - loadIPPluginJar : add mdma
2025-09-16 15:56:05,985 [INFO] IPUIPlugin:74 - create IPUIPlugin
2025-09-16 15:56:05,986 [INFO] PluginManager:213 - loadIPPluginJar : add nvic
2025-09-16 15:56:05,988 [INFO] IPUIPlugin:74 - create IPUIPlugin
2025-09-16 15:56:05,988 [INFO] PluginManager:213 - loadIPPluginJar : add opamp
2025-09-16 15:56:05,990 [INFO] IPUIPlugin:74 - create IPUIPlugin
2025-09-16 15:56:05,991 [INFO] PluginManager:213 - loadIPPluginJar : add openamp
2025-09-16 15:56:05,993 [INFO] IPUIPlugin:74 - create IPUIPlugin
2025-09-16 15:56:05,993 [INFO] PluginManager:213 - loadIPPluginJar : add pdm2pcm
2025-09-16 15:56:06,000 [INFO] IPUIPlugin:74 - create IPUIPlugin
2025-09-16 15:56:06,003 [INFO] PluginManager:213 - loadIPPluginJar : add plateformsettings
2025-09-16 15:56:06,004 [INFO] IPUIPlugin:74 - create IPUIPlugin
2025-09-16 15:56:06,004 [INFO] PluginManager:213 - loadIPPluginJar : add quadspi
2025-09-16 15:56:06,007 [INFO] IPUIPlugin:74 - create IPUIPlugin
2025-09-16 15:56:06,007 [INFO] PluginManager:213 - loadIPPluginJar : add resmgrutility
2025-09-16 15:56:06,009 [INFO] IPUIPlugin:74 - create IPUIPlugin
2025-09-16 15:56:06,010 [INFO] PluginManager:213 - loadIPPluginJar : add sai
2025-09-16 15:56:06,011 [INFO] IPUIPlugin:74 - create IPUIPlugin
2025-09-16 15:56:06,012 [INFO] PluginManager:213 - loadIPPluginJar : add spi
2025-09-16 15:56:06,015 [INFO] IPUIPlugin:74 - create IPUIPlugin
2025-09-16 15:56:06,016 [INFO] PluginManager:213 - loadIPPluginJar : add stm32_wpan
2025-09-16 15:56:06,017 [INFO] IPUIPlugin:74 - create IPUIPlugin
2025-09-16 15:56:06,017 [INFO] PluginManager:213 - loadIPPluginJar : add tim
2025-09-16 15:56:06,020 [INFO] IPUIPlugin:74 - create IPUIPlugin
2025-09-16 15:56:06,020 [INFO] PluginManager:213 - loadIPPluginJar : add touchsensing
2025-09-16 15:56:06,021 [INFO] IPUIPlugin:74 - create IPUIPlugin
2025-09-16 15:56:06,022 [INFO] PluginManager:213 - loadIPPluginJar : add tracer_emb
2025-09-16 15:56:06,023 [INFO] IPUIPlugin:74 - create IPUIPlugin
2025-09-16 15:56:06,023 [INFO] PluginManager:213 - loadIPPluginJar : add ts
2025-09-16 15:56:06,024 [INFO] IPUIPlugin:74 - create IPUIPlugin
2025-09-16 15:56:06,025 [INFO] PluginManager:213 - loadIPPluginJar : add tsc
2025-09-16 15:56:06,026 [INFO] IPUIPlugin:74 - create IPUIPlugin
2025-09-16 15:56:06,026 [INFO] PluginManager:213 - loadIPPluginJar : add ucpd
2025-09-16 15:56:06,028 [INFO] IPUIPlugin:74 - create IPUIPlugin
2025-09-16 15:56:06,029 [INFO] PluginManager:213 - loadIPPluginJar : add usart
2025-09-16 15:56:06,031 [INFO] IPUIPlugin:74 - create IPUIPlugin
2025-09-16 15:56:06,031 [INFO] PluginManager:213 - loadIPPluginJar : add usbx
2025-09-16 15:56:06,356 [FATAL] Updater:294 - Updater called before beeing initialized
2025-09-16 15:56:06,478 [FATAL] Updater:294 - Updater called before beeing initialized
2025-09-16 15:56:06,482 [INFO] DbMcusAds:47 - JSON generation date=Tue Jul 08 15:14:23 ICT 2025 (1751962463582)
2025-09-16 15:56:06,483 [FATAL] Updater:294 - Updater called before beeing initialized
2025-09-16 15:56:06,522 [WARN] DetailPanel:314 - Failed to get advertising image, set to default
2025-09-16 15:56:06,676 [FATAL] Updater:294 - Updater called before beeing initialized
2025-09-16 15:56:06,679 [FATAL] Updater:294 - Updater called before beeing initialized
2025-09-16 15:56:06,679 [FATAL] Updater:294 - Updater called before beeing initialized
2025-09-16 15:56:06,679 [WARN] DetailPanel:314 - Failed to get advertising image, set to default
2025-09-16 15:56:06,681 [FATAL] Updater:294 - Updater called before beeing initialized
2025-09-16 15:56:06,738 [ERROR] Updater:1075 - MainUpdater not yet initialized. External WinMGr cannot be set.
2025-09-16 15:56:06,741 [INFO] Updater:1012 - Updater Version found : 6.3.0
2025-09-16 15:56:06,759 [INFO] ApplicationProperties:181 - Using Application install path: D:\STM32CubeIDE_1.7.0\STM32CubeIDE\plugins\com.st.stm32cube.common.mx_6.3.0.202107141111
2025-09-16 15:56:08,405 [INFO] ThirdPartyUpdaterWithRetryManager:66 - Updater plugin not ready yet. [2/15]
2025-09-16 15:56:08,842 [WARN] ServerAccessManage:1053 - Warning during Server Connexion :  timeout connect timed out
2025-09-16 15:56:10,855 [WARN] ServerAccessManage:1053 - Warning during Server Connexion :  timeout connect timed out
2025-09-16 15:56:11,418 [FATAL] Updater:294 - Updater called before beeing initialized
2025-09-16 15:56:11,418 [ERROR] IntegrityCheckThread:124 - Cannot retrieve database content from updater: error 21
2025-09-16 15:56:11,418 [INFO] ThirdParty:915 - Integrity check success = false
2025-09-16 15:56:11,418 [INFO] IntegrityCheckThread:94 - exiting critical section [integrity check]
2025-09-16 15:56:11,418 [INFO] IntegrityCheckThread:97 - End integrity checks thread
2025-09-16 15:56:12,696 [ERROR] ServerAccessManage:1031 - Warning during Server Connexion :  Unknown host www.ebuc23.com
2025-09-16 15:56:12,697 [INFO] MainUpdater:2671 - connection check result : 22
2025-09-16 15:56:12,698 [INFO] MainUpdater:265 - Updater Check For Update Now.
2025-09-16 15:56:12,698 [INFO] MicroXplorer:478 - Change Database Version : DB.6.0.30
2025-09-16 15:56:12,864 [INFO] CheckServerUpdateThread:112 - End of CheckServer Thread
2025-09-16 15:56:12,925 [INFO] MainUpdater:2671 - connection check result : 22
2025-09-16 15:56:24,892 [INFO] McuFinderGlobals:52 - Set McuFinderConnectedMode to false
2025-09-16 15:56:25,011 [INFO] CrossSelectorPresenter:1330 - Cross Selector saved comparison directory: C:\Users\ACER\.stmcufinder\plugins\mcufinder\mcu\cs_comparisons_mx
2025-09-16 15:56:25,016 [INFO] MultiScanPanel:197 - Auto-refresh data requested => check proxy status ongoing
2025-09-16 15:56:25,017 [INFO] MultiScanPanel:201 - Proxy status is invalid
2025-09-16 15:56:25,021 [INFO] FinderPluginLoader:87 - Searching for filters in installed packs
2025-09-16 15:56:25,022 [INFO] DbMcusXml:100 - Load MCU database from D:\STM32CubeIDE_1.7.0\STM32CubeIDE\plugins\com.st.stm32cube.common.mx_6.3.0.202107141111\\db\/mcu/families.xml
2025-09-16 15:56:25,983 [INFO] DbMcusJson:93 - JSON generation date=Tue Nov 16 23:17:54 ICT 2021 (1637079474)
2025-09-16 15:56:26,762 [INFO] DbMcus:175 - Found 1951 MCUs (1903 are supported by CubeMX, 1914 are visible in CubeMX)
2025-09-16 15:56:26,762 [INFO] ApiDb:251 - Load user favorites file C:\Users\ACER/.stm32cubeide/favorites.mcus.txt: 0 item(s)
2025-09-16 15:56:26,762 [INFO] ApiDb:255 - User favorites MCUs=[]
2025-09-16 15:56:26,763 [INFO] DbMcus:187 - Set 0 / 0 favorites MCUs
2025-09-16 15:56:27,386 [INFO] DetailPanel:309 - Set advertising image to C:/Users/ACER/STM32Cube/Repository/\en.2400x1350px.jpeg
2025-09-16 15:56:27,791 [INFO] DbBoardsPdsc:90 - Found 25 items
2025-09-16 15:56:27,793 [INFO] DbBoardsPdsc:90 - Found 9 items
2025-09-16 15:56:27,798 [INFO] DbBoardsPdsc:90 - Found 33 items
2025-09-16 15:56:27,799 [INFO] DbBoardsPdsc:90 - Found 1 items
2025-09-16 15:56:27,806 [INFO] DbBoardsPdsc:90 - Found 48 items
2025-09-16 15:56:27,813 [INFO] DbBoardsPdsc:90 - Found 43 items
2025-09-16 15:56:27,814 [INFO] DbBoardsPdsc:90 - Found 2 items
2025-09-16 15:56:27,816 [INFO] DbBoardsPdsc:90 - Found 5 items
2025-09-16 15:56:27,821 [WARN] DbBoardsPdsc:254 - Board STM32H7B3I-DK: unknown feature type=Audio, name=, username=Audio stereo codec with Headphone Amp (CS42L51-CNZ), n=1
2025-09-16 15:56:27,821 [WARN] DbBoardsPdsc:254 - Board STM32H735G-DK: unknown feature type=Audio, name=, username=Audio stereo codec with Headphone Amp (WM8994ECS/R), n=1
2025-09-16 15:56:27,823 [WARN] DbBoardsPdsc:254 - Board STM32H7B3I-EVAL: unknown feature type=Audio, name=, username=Multi-Channel Audio Codec (CS42L51-CNZ), n=1
2025-09-16 15:56:27,824 [WARN] DbBoardsPdsc:254 - Board STM32H7B3I-EVAL: unknown feature type=Meter, name=, username=Power-metering and Temperature-monitoring with sigma-delta modulators, n=1
2025-09-16 15:56:27,824 [WARN] DbBoardsPdsc:254 - Board STM32H7B3I-EVAL: unknown feature type=Motor, name=, username=Motor Control, n=1
2025-09-16 15:56:27,824 [WARN] DbBoardsPdsc:254 - Board STM32U575I-EV: unknown feature type=joystick, name=, username=4-direction joystick with selection button, n=1
2025-09-16 15:56:27,867 [INFO] DbBoardsJson:86 - JSON generation date=Tue Nov 16 23:17:54 ICT 2021 (1637079474)
2025-09-16 15:56:27,877 [INFO] DbBoards:117 - Found 167 boards (163 are supported by CubeMX)
2025-09-16 15:56:27,881 [INFO] DbBoardsDocs:143 - JSON generation date=Tue Nov 16 23:17:54 ICT 2021 (1637079474)
2025-09-16 15:56:27,888 [INFO] DbBoardsDocs:79 - Found 209 boards documents
2025-09-16 15:56:27,889 [WARN] DbBoards:127 - board B-L475E-IOT01A2 has no document id list !
2025-09-16 15:56:27,890 [WARN] DbBoards:127 - board NUCLEO-H743ZI has no document id list !
2025-09-16 15:56:27,892 [WARN] DbBoards:127 - board NUCLEO-WL55JC2 has no document id list !
2025-09-16 15:56:27,892 [WARN] DbBoards:127 - board P-NUCLEO-WB55-Nucleo has no document id list !
2025-09-16 15:56:27,892 [WARN] DbBoards:127 - board P-NUCLEO-WB55-USBDongle has no document id list !
2025-09-16 15:56:27,893 [WARN] DbBoards:127 - board STEVAL-BFA001V1B has no document id list !
2025-09-16 15:56:27,893 [WARN] DbBoards:127 - board STEVAL-BFA001V2B has no document id list !
2025-09-16 15:56:27,893 [WARN] DbBoards:127 - board STEVAL-IDP005V1 has no document id list !
2025-09-16 15:56:27,893 [WARN] DbBoards:127 - board STEVAL-IDP005V2 has no document id list !
2025-09-16 15:56:27,893 [WARN] DbBoards:127 - board STEVAL-MKSBOX1V1 has no document id list !
2025-09-16 15:56:27,893 [WARN] DbBoards:127 - board STEVAL-STWINKT1 has no document id list !
2025-09-16 15:56:27,893 [WARN] DbBoards:127 - board STEVAL-STWINKT1B has no document id list !
2025-09-16 15:56:27,893 [WARN] DbBoards:127 - board STM32439I-EVAL2 has no document id list !
2025-09-16 15:56:27,894 [WARN] DbBoards:127 - board STM32F401C-DISCO has no document id list !
2025-09-16 15:56:27,895 [WARN] DbBoards:127 - board STM32F769I-DISC1 has no document id list !
2025-09-16 15:56:27,895 [WARN] DbBoards:127 - board STM32G474E-EVAL1 has no document id list !
2025-09-16 15:56:27,896 [WARN] DbBoards:127 - board STM32H743I-EVAL2 has no document id list !
2025-09-16 15:56:27,896 [WARN] DbBoards:127 - board STM32H747I-DISC1 has no document id list !
2025-09-16 15:56:27,896 [WARN] DbBoards:127 - board STM32H753I-EVAL2 has no document id list !
2025-09-16 15:56:27,897 [WARN] DbBoards:127 - board STM32L-DISCOVERY has no document id list !
2025-09-16 15:56:28,054 [ERROR] DbBoards:189 - Image file not found for board B-U585I-IOT02A: D:\STM32CubeIDE_1.7.0\STM32CubeIDE\plugins\com.st.stm32cube.common.mx_6.3.0.202107141111\\db\/plugins/mcufinder/images/boards/B-U585I-IOT02A_small.jpg
2025-09-16 15:56:28,168 [ERROR] DbBoards:189 - Image file not found for board NUCLEO-F413ZH: D:\STM32CubeIDE_1.7.0\STM32CubeIDE\plugins\com.st.stm32cube.common.mx_6.3.0.202107141111\\db\/plugins/mcufinder/images/boards/nucleo-f413zh_small.jpg
2025-09-16 15:56:28,389 [ERROR] DbBoards:189 - Image file not found for board NUCLEO-L552ZE-Q: D:\STM32CubeIDE_1.7.0\STM32CubeIDE\plugins\com.st.stm32cube.common.mx_6.3.0.202107141111\\db\/plugins/mcufinder/images/boards/nucleo_l552ze_q_small.jpg
2025-09-16 15:56:28,389 [ERROR] DbBoards:189 - Image file not found for board NUCLEO-U575ZI-Q: D:\STM32CubeIDE_1.7.0\STM32CubeIDE\plugins\com.st.stm32cube.common.mx_6.3.0.202107141111\\db\/plugins/mcufinder/images/boards/nucleo-u575zi-q_small.jpg
2025-09-16 15:56:28,390 [ERROR] DbBoards:189 - Image file not found for board NUCLEO-WB15CC: D:\STM32CubeIDE_1.7.0\STM32CubeIDE\plugins\com.st.stm32cube.common.mx_6.3.0.202107141111\\db\/plugins/mcufinder/images/boards/nucleo-wb15cc_small.jpg
2025-09-16 15:56:28,390 [ERROR] DbBoards:189 - Image file not found for board NUCLEO-WB55RG: D:\STM32CubeIDE_1.7.0\STM32CubeIDE\plugins\com.st.stm32cube.common.mx_6.3.0.202107141111\\db\/plugins/mcufinder/images/boards/nucleo-wb55rg_small.jpg
2025-09-16 15:56:29,699 [INFO] ApiDb:251 - Load user favorites file C:\Users\ACER/.stm32cubeide/favorites.boards.txt: 0 item(s)
2025-09-16 15:56:29,699 [INFO] ApiDb:255 - User favorites Boards=[]
2025-09-16 15:56:29,699 [INFO] DbBoards:206 - Set 0 / 0 favorites Boards
2025-09-16 15:57:06,936 [INFO] DbMcusDocs:143 - JSON generation date=Tue Nov 16 23:17:54 ICT 2021 (1637079474)
2025-09-16 15:57:07,284 [INFO] DbMcusDocs:79 - Found 682 MCUs documents
2025-09-16 15:57:34,221 [INFO] MainUpdater:2671 - connection check result : 22
2025-09-16 15:57:34,222 [INFO] MainUpdater:2671 - connection check result : 22
2025-09-16 15:57:37,865 [INFO] MicroXplorer:448 - Change Database Path : 
2025-09-16 15:57:37,865 [INFO] MicroXplorer:478 - Change Database Version : DB.6.0.30
2025-09-16 15:57:37,867 [WARN] ThirdParty:813 - waiting for thirdparty lock release [close project]
2025-09-16 15:57:37,867 [INFO] ThirdParty:815 - entering critical section [close project]
2025-09-16 15:57:37,869 [INFO] ThirdParty:825 - exiting critical section [close project]
2025-09-16 15:57:37,874 [INFO] PinOutPanel:1463 - setPackage(No Configuration,No Configuration)
2025-09-16 15:57:37,875 [INFO] UtilMem:74 - Begin LoadConfig() Used Memory: 351769088 Bytes (538968064)
2025-09-16 15:57:37,876 [INFO] MicroXplorer:448 - Change Database Path : 
2025-09-16 15:57:37,876 [INFO] MicroXplorer:478 - Change Database Version : DB.6.0.30
2025-09-16 15:57:37,876 [INFO] OpenFileManager:313 - Change cursor
2025-09-16 15:57:37,885 [WARN] IntegrityCheckThread:78 - waiting for thirdparty lock release [integrity check]
2025-09-16 15:57:37,886 [INFO] IntegrityCheckThread:80 - entering critical section [integrity check]
2025-09-16 15:57:37,957 [INFO] ThirdParty:915 - Integrity check success = true
2025-09-16 15:57:37,957 [INFO] IntegrityCheckThread:94 - exiting critical section [integrity check]
2025-09-16 15:57:37,957 [INFO] IntegrityCheckThread:97 - End integrity checks thread
2025-09-16 15:57:38,703 [INFO] Context:592 - Trying to add GPIOservice into a context  which must be forbidden
2025-09-16 15:57:38,919 [INFO] ImportTextPane:167 - (OptionalMessage_ERROR) Unable to find key (Mcu.ThirdPartyNb) in loaded IOC file
2025-09-16 15:57:38,919 [INFO] ImportTextPane:167 - (OptionalMessage_ERROR) Unable to find key (Mcu.PinsNb) in loaded IOC file
2025-09-16 15:57:38,919 [INFO] ImportTextPane:167 - (OptionalMessage_ERROR) Unable to find key (Mcu.IPNb) in loaded IOC file
2025-09-16 15:57:38,963 [INFO] RtosManager:484 - Registered RTOS mode: class=CMSIS, group=RTOS, mode=CMSIS_V1, owner=FREERTOS
2025-09-16 15:57:38,963 [INFO] RtosManager:484 - Registered RTOS mode: class=CMSIS, group=RTOS2, mode=CMSIS_V2, owner=FREERTOS
2025-09-16 15:57:38,964 [INFO] RtosManager:484 - Registered RTOS mode: class=RTOS, group=Core, mode=CMSIS_V1, owner=FREERTOS
2025-09-16 15:57:38,964 [INFO] RtosManager:484 - Registered RTOS mode: class=RTOS, group=Core, mode=CMSIS_V2, owner=FREERTOS
2025-09-16 15:57:38,964 [WARN] ModelIntegratedComponent:181 - Missing modes for component STMicroelectronics:FreeRTOS:0.0.1:STMicroelectronics:RTOS:FreeRTOS:Core:::10.2.0:
2025-09-16 15:57:38,967 [WARN] ModelIntegratedComponent:60 - No mode defined for component null
2025-09-16 15:57:38,967 [WARN] ModelIntegratedComponent:60 - No mode defined for component null
2025-09-16 15:57:38,967 [WARN] ModelIntegratedComponent:60 - No mode defined for component null
2025-09-16 15:57:38,967 [WARN] ModelIntegratedComponent:60 - No mode defined for component null
2025-09-16 15:57:38,967 [WARN] ModelIntegratedComponent:60 - No mode defined for component null
2025-09-16 15:57:38,967 [WARN] ModelIntegratedComponent:60 - No mode defined for component null
2025-09-16 15:57:38,968 [WARN] ModelIntegratedComponent:60 - No mode defined for component null
2025-09-16 15:57:38,968 [WARN] ModelIntegratedComponent:60 - No mode defined for component null
2025-09-16 15:57:38,968 [WARN] ModelIntegratedComponent:60 - No mode defined for component null
2025-09-16 15:57:38,968 [WARN] ModelIntegratedComponent:60 - No mode defined for component null
2025-09-16 15:57:38,968 [WARN] ModelIntegratedComponent:60 - No mode defined for component null
2025-09-16 15:57:38,968 [WARN] ModelIntegratedComponent:60 - No mode defined for component null
2025-09-16 15:57:38,968 [WARN] ModelIntegratedComponent:60 - No mode defined for component null
2025-09-16 15:57:38,968 [WARN] ModelIntegratedComponent:60 - No mode defined for component null
2025-09-16 15:57:38,968 [WARN] ModelIntegratedComponent:60 - No mode defined for component null
2025-09-16 15:57:38,968 [WARN] ModelIntegratedComponent:60 - No mode defined for component null
2025-09-16 15:57:38,968 [WARN] ModelIntegratedComponent:60 - No mode defined for component null
2025-09-16 15:57:38,968 [WARN] ModelIntegratedComponent:60 - No mode defined for component null
2025-09-16 15:57:38,969 [WARN] ModelIntegratedComponent:60 - No mode defined for component null
2025-09-16 15:57:38,969 [WARN] ModelIntegratedComponent:60 - No mode defined for component null
2025-09-16 15:57:38,969 [WARN] ModelIntegratedComponent:60 - No mode defined for component null
2025-09-16 15:57:38,969 [WARN] ModelIntegratedComponent:60 - No mode defined for component null
2025-09-16 15:57:38,969 [WARN] ModelIntegratedComponent:60 - No mode defined for component null
2025-09-16 15:57:38,969 [WARN] ModelIntegratedComponent:60 - No mode defined for component null
2025-09-16 15:57:38,969 [WARN] ModelIntegratedComponent:60 - No mode defined for component null
2025-09-16 15:57:38,969 [WARN] ModelIntegratedComponent:60 - No mode defined for component null
2025-09-16 15:57:38,969 [WARN] ModelIntegratedComponent:60 - No mode defined for component null
2025-09-16 15:57:38,969 [WARN] ModelIntegratedComponent:60 - No mode defined for component null
2025-09-16 15:57:38,969 [WARN] ModelIntegratedComponent:60 - No mode defined for component null
2025-09-16 15:57:38,970 [WARN] ModelIntegratedComponent:60 - No mode defined for component null
2025-09-16 15:57:38,970 [WARN] ModelIntegratedComponent:60 - No mode defined for component null
2025-09-16 15:57:39,116 [INFO] UtilMem:74 - End LoadConfig() Used Memory: 317171120 Bytes (538968064)
2025-09-16 15:57:39,117 [WARN] ThirdParty:779 - waiting for thirdparty lock release [change project]
2025-09-16 15:57:39,117 [INFO] ThirdParty:781 - entering critical section [change project]
2025-09-16 15:57:39,117 [INFO] ThirdParty:967 - CMSIS Pack Vendor :STMicroelectronics USB_HOST 2.0.0
2025-09-16 15:57:39,117 [INFO] ThirdParty:967 - CMSIS Pack Vendor :STMicroelectronics FreeRTOS 0.0.1
2025-09-16 15:57:39,117 [INFO] ThirdParty:967 - CMSIS Pack Vendor :STMicroelectronics USB_DEVICE 1.0.0
2025-09-16 15:57:39,117 [INFO] ThirdParty:967 - CMSIS Pack Vendor :STMicroelectronics USB_DEVICE 3.0.0
2025-09-16 15:57:39,118 [INFO] ThirdParty:967 - CMSIS Pack Vendor :STMicroelectronics HAL Drivers 0.0.0
2025-09-16 15:57:39,118 [INFO] ThirdParty:967 - CMSIS Pack Vendor :STMicroelectronics MBEDTLS 2.16.2
2025-09-16 15:57:39,118 [INFO] ThirdParty:967 - CMSIS Pack Vendor :STMicroelectronics ThreadX 0.0.2
2025-09-16 15:57:39,118 [INFO] ThirdParty:967 - CMSIS Pack Vendor :STMicroelectronics lwIP 2.0.3
2025-09-16 15:57:39,118 [INFO] ThirdParty:967 - CMSIS Pack Vendor :STMicroelectronics lwIP 2.1.2
2025-09-16 15:57:39,118 [INFO] ThirdParty:967 - CMSIS Pack Vendor :STMicroelectronics MBEDTLS 2.14.1
2025-09-16 15:57:39,118 [INFO] ThirdParty:967 - CMSIS Pack Vendor :STMicroelectronics USB_HOST 1.0.0
2025-09-16 15:57:39,118 [INFO] ThirdParty:967 - CMSIS Pack Vendor :STMicroelectronics PDM2PCM 3.1.0
2025-09-16 15:57:39,118 [INFO] ThirdParty:967 - CMSIS Pack Vendor :STMicroelectronics PDM2PCM 3.2.0
2025-09-16 15:57:39,118 [INFO] ThirdParty:967 - CMSIS Pack Vendor :STMicroelectronics USB_DEVICE 2.0.0
2025-09-16 15:57:39,118 [INFO] ThirdParty:967 - CMSIS Pack Vendor :STMicroelectronics PDM2PCM 3.3.0
2025-09-16 15:57:39,118 [INFO] ThirdParty:787 - exiting critical section [change project]
2025-09-16 15:57:39,355 [INFO] PinOutPanel:1463 - setPackage(No Configuration,No Configuration)
2025-09-16 15:57:39,357 [INFO] PinOutPanel:1463 - setPackage(STM32F103C6Ux,UFQFPN48)
2025-09-16 15:57:39,744 [INFO] UtilMem:74 - Before build in PCC Used Memory: 314125616 Bytes (538968064)
2025-09-16 15:57:40,282 [INFO] UtilMem:74 - After build in PCC Used Memory: 394865992 Bytes (538968064)
2025-09-16 15:57:40,304 [INFO] IPUIPlugin:74 - create IPUIPlugin
2025-09-16 15:57:40,304 [INFO] IPUIPlugin:74 - create IPUIPlugin
2025-09-16 15:57:40,304 [INFO] IPUIPlugin:74 - create IPUIPlugin
2025-09-16 15:57:40,305 [INFO] IPUIPlugin:74 - create IPUIPlugin
2025-09-16 15:57:40,305 [INFO] IPUIPlugin:74 - create IPUIPlugin
2025-09-16 15:57:40,305 [INFO] IPUIPlugin:74 - create IPUIPlugin
2025-09-16 15:57:40,305 [INFO] IPUIPlugin:74 - create IPUIPlugin
2025-09-16 15:57:40,305 [INFO] IPUIPlugin:74 - create IPUIPlugin
2025-09-16 15:57:40,306 [INFO] IPUIPlugin:74 - create IPUIPlugin
2025-09-16 15:57:40,306 [INFO] IPUIPlugin:74 - create IPUIPlugin
2025-09-16 15:57:40,306 [INFO] IPUIPlugin:74 - create IPUIPlugin
2025-09-16 15:57:40,306 [INFO] IPUIPlugin:74 - create IPUIPlugin
2025-09-16 15:57:40,307 [INFO] IPUIPlugin:74 - create IPUIPlugin
2025-09-16 15:57:40,307 [INFO] IPUIPlugin:74 - create IPUIPlugin
2025-09-16 15:57:40,307 [INFO] IPUIPlugin:74 - create IPUIPlugin
2025-09-16 15:57:40,308 [INFO] IPUIPlugin:74 - create IPUIPlugin
2025-09-16 15:57:40,308 [INFO] IPUIPlugin:74 - create IPUIPlugin
2025-09-16 15:57:40,308 [INFO] IPUIPlugin:74 - create IPUIPlugin
2025-09-16 15:57:40,309 [INFO] IPUIPlugin:74 - create IPUIPlugin
2025-09-16 15:57:40,309 [INFO] IPUIPlugin:74 - create IPUIPlugin
2025-09-16 15:57:40,309 [INFO] IPUIPlugin:74 - create IPUIPlugin
2025-09-16 15:57:40,311 [INFO] IPUIPlugin:74 - create IPUIPlugin
2025-09-16 15:57:40,311 [INFO] IPUIPlugin:74 - create IPUIPlugin
2025-09-16 15:57:40,424 [INFO] OpenFileManager:333 - Restore cursor
2025-09-16 15:57:40,737 [INFO] UtilMem:74 - End SaveConfig() Used Memory: 329690968 Bytes (538968064)
2025-09-16 15:57:40,796 [INFO] UtilMem:74 - End SaveConfig() Used Memory: 348663224 Bytes (538968064)
2025-09-16 15:57:41,230 [INFO] BlockDiagram:2740 - set Specific Code input for plugin: NVIC
2025-09-16 15:57:41,230 [INFO] BlockDiagram:2740 - set Specific Code input for plugin: SYS
2025-09-16 15:57:41,230 [INFO] BlockDiagram:2740 - set Specific Code input for plugin: RCC
2025-09-16 15:57:41,231 [INFO] CodeGenerator:663 - code generatio: config db path: D:\STM32CubeIDE_1.7.0\STM32CubeIDE\plugins\com.st.stm32cube.common.mx_6.3.0.202107141111\\db\
2025-09-16 15:57:41,589 [INFO] CodeEngine:239 - oldGeneratedFile, D:\New folder (2)\LAB 1\Code\LAB 1.5\MXTmpFiles\license.tmp_save
2025-09-16 15:57:41,966 [INFO] CodeEngine:257 - Generated code: D:\New folder (2)\LAB 1\Code\LAB 1.5\MXTmpFiles\license.tmp
2025-09-16 15:57:42,056 [INFO] CodeEngine:239 - oldGeneratedFile, D:\New folder (2)\LAB 1\Code\LAB 1.5\Core\Src\stm32f1xx_it.c_save
2025-09-16 15:57:42,221 [INFO] CodeEngine:257 - Generated code: D:\New folder (2)\LAB 1\Code\LAB 1.5\Core\Src\stm32f1xx_it.c
2025-09-16 15:57:42,224 [INFO] CodeEngine:239 - oldGeneratedFile, D:\New folder (2)\LAB 1\Code\LAB 1.5\Core\Inc\stm32f1xx_it.h_save
2025-09-16 15:57:42,297 [INFO] CodeEngine:257 - Generated code: D:\New folder (2)\LAB 1\Code\LAB 1.5\Core\Inc\stm32f1xx_it.h
2025-09-16 15:57:42,304 [INFO] CodeEngine:239 - oldGeneratedFile, D:\New folder (2)\LAB 1\Code\LAB 1.5\Core\Src\stm32f1xx_hal_msp.c_save
2025-09-16 15:57:42,460 [INFO] CodeEngine:257 - Generated code: D:\New folder (2)\LAB 1\Code\LAB 1.5\Core\Src\stm32f1xx_hal_msp.c
2025-09-16 15:57:42,463 [INFO] CodeEngine:239 - oldGeneratedFile, D:\New folder (2)\LAB 1\Code\LAB 1.5\MXTmpFiles\system.tmp_save
2025-09-16 15:57:42,530 [INFO] CodeEngine:257 - Generated code: D:\New folder (2)\LAB 1\Code\LAB 1.5\MXTmpFiles\system.tmp
2025-09-16 15:57:42,537 [INFO] CodeEngine:239 - oldGeneratedFile, D:\New folder (2)\LAB 1\Code\LAB 1.5\Core\Inc\stm32f1xx_hal_conf.h_save
2025-09-16 15:57:42,651 [INFO] CodeEngine:257 - Generated code: D:\New folder (2)\LAB 1\Code\LAB 1.5\Core\Inc\stm32f1xx_hal_conf.h
2025-09-16 15:57:42,695 [INFO] CodeEngine:239 - oldGeneratedFile, D:\New folder (2)\LAB 1\Code\LAB 1.5\Core\Inc\main.h_save
2025-09-16 15:57:42,811 [INFO] CodeEngine:257 - Generated code: D:\New folder (2)\LAB 1\Code\LAB 1.5\Core\Inc\main.h
2025-09-16 15:57:42,813 [INFO] CodeEngine:239 - oldGeneratedFile, D:\New folder (2)\LAB 1\Code\LAB 1.5\Core\Src\main.c_save
2025-09-16 15:57:42,963 [INFO] CodeEngine:257 - Generated code: D:\New folder (2)\LAB 1\Code\LAB 1.5\Core\Src\main.c
2025-09-16 15:57:43,859 [INFO] ProjectBuilder:2578 - Time for Copy HAL[1] : 59mS.
2025-09-16 15:57:43,874 [INFO] ProjectBuilder:3622 - Project Generator version: 3.14.1
2025-09-16 15:57:44,372 [INFO] ConfigFileManager:1271 - The Die is : DIE412
2025-09-16 15:57:44,388 [INFO] ApiDbMcu:468 - Load IP Config File for FATFS
2025-09-16 15:57:44,418 [INFO] ApiDbMcu:468 - Load IP Config File for FREERTOS
2025-09-16 15:57:44,453 [INFO] ApiDbMcu:468 - Load IP Config File for USB_DEVICE
2025-09-16 15:57:47,166 [INFO] ProjectBuilder:3789 - Time for Generating toolchain IDE Files: 3292mS.
2025-09-16 15:57:47,167 [INFO] ProjectBuilder:2457 - Time for Copy CMSIS : 1mS.
2025-09-16 15:57:47,168 [INFO] ProjectBuilder:2457 - Time for Copy CMSIS : 0mS.
2025-09-16 15:57:52,078 [INFO] McuFinderGlobals:52 - Set McuFinderConnectedMode to true
2025-09-16 15:57:52,080 [INFO] ApiDb:276 - Save user favorites file C:\Users\ACER/.stm32cubeide/favorites.mcus.txt: 0 item(s)
2025-09-16 15:57:52,081 [INFO] ApiDb:280 - User favorites MCUs=[]
2025-09-16 15:57:52,213 [INFO] UtilMem:74 - End SaveConfig() Used Memory: 325049296 Bytes (872415232)
2025-09-16 15:57:52,245 [INFO] UtilMem:74 - End SaveConfig() Used Memory: 336583632 Bytes (872415232)
2025-09-16 15:57:52,626 [INFO] BlockDiagram:2740 - set Specific Code input for plugin: NVIC
2025-09-16 15:57:52,627 [INFO] BlockDiagram:2740 - set Specific Code input for plugin: SYS
2025-09-16 15:57:52,627 [INFO] BlockDiagram:2740 - set Specific Code input for plugin: RCC
2025-09-16 15:57:52,628 [INFO] CodeGenerator:663 - code generatio: config db path: D:\STM32CubeIDE_1.7.0\STM32CubeIDE\plugins\com.st.stm32cube.common.mx_6.3.0.202107141111\\db\
2025-09-16 15:57:53,000 [INFO] CodeEngine:239 - oldGeneratedFile, D:\New folder (2)\LAB 1\Code\LAB 1.5\MXTmpFiles\license.tmp_save
2025-09-16 15:57:53,084 [INFO] CodeEngine:257 - Generated code: D:\New folder (2)\LAB 1\Code\LAB 1.5\MXTmpFiles\license.tmp
2025-09-16 15:57:53,093 [INFO] CodeEngine:239 - oldGeneratedFile, D:\New folder (2)\LAB 1\Code\LAB 1.5\Core\Src\stm32f1xx_it.c_save
2025-09-16 15:57:53,187 [INFO] CodeEngine:257 - Generated code: D:\New folder (2)\LAB 1\Code\LAB 1.5\Core\Src\stm32f1xx_it.c
2025-09-16 15:57:53,191 [INFO] CodeEngine:239 - oldGeneratedFile, D:\New folder (2)\LAB 1\Code\LAB 1.5\Core\Inc\stm32f1xx_it.h_save
2025-09-16 15:57:53,268 [INFO] CodeEngine:257 - Generated code: D:\New folder (2)\LAB 1\Code\LAB 1.5\Core\Inc\stm32f1xx_it.h
2025-09-16 15:57:53,277 [INFO] CodeEngine:239 - oldGeneratedFile, D:\New folder (2)\LAB 1\Code\LAB 1.5\Core\Src\stm32f1xx_hal_msp.c_save
2025-09-16 15:57:53,390 [INFO] CodeEngine:257 - Generated code: D:\New folder (2)\LAB 1\Code\LAB 1.5\Core\Src\stm32f1xx_hal_msp.c
2025-09-16 15:57:53,392 [INFO] CodeEngine:239 - oldGeneratedFile, D:\New folder (2)\LAB 1\Code\LAB 1.5\MXTmpFiles\system.tmp_save
2025-09-16 15:57:53,459 [INFO] CodeEngine:257 - Generated code: D:\New folder (2)\LAB 1\Code\LAB 1.5\MXTmpFiles\system.tmp
2025-09-16 15:57:53,466 [INFO] CodeEngine:239 - oldGeneratedFile, D:\New folder (2)\LAB 1\Code\LAB 1.5\Core\Inc\stm32f1xx_hal_conf.h_save
2025-09-16 15:57:53,585 [INFO] CodeEngine:257 - Generated code: D:\New folder (2)\LAB 1\Code\LAB 1.5\Core\Inc\stm32f1xx_hal_conf.h
2025-09-16 15:57:53,612 [INFO] CodeEngine:239 - oldGeneratedFile, D:\New folder (2)\LAB 1\Code\LAB 1.5\Core\Inc\main.h_save
2025-09-16 15:57:53,697 [INFO] CodeEngine:257 - Generated code: D:\New folder (2)\LAB 1\Code\LAB 1.5\Core\Inc\main.h
2025-09-16 15:57:53,699 [INFO] CodeEngine:239 - oldGeneratedFile, D:\New folder (2)\LAB 1\Code\LAB 1.5\Core\Src\main.c_save
2025-09-16 15:57:53,895 [INFO] CodeEngine:257 - Generated code: D:\New folder (2)\LAB 1\Code\LAB 1.5\Core\Src\main.c
2025-09-16 15:57:54,820 [INFO] ProjectBuilder:2578 - Time for Copy HAL[1] : 65mS.
2025-09-16 15:57:54,823 [INFO] ProjectBuilder:3622 - Project Generator version: 3.14.1
2025-09-16 15:57:55,360 [INFO] ConfigFileManager:1271 - The Die is : DIE412
2025-09-16 15:57:56,368 [INFO] ProjectBuilder:3789 - Time for Generating toolchain IDE Files: 1545mS.
2025-09-16 15:57:56,369 [INFO] ProjectBuilder:2457 - Time for Copy CMSIS : 1mS.
2025-09-16 15:57:56,370 [INFO] ProjectBuilder:2457 - Time for Copy CMSIS : 0mS.
2025-09-16 15:57:56,431 [ERROR] LogOutputStream:74 - [STDERR_REDIRECT] Exception in thread "AWT-EventQueue-0" java.lang.NullPointerException
2025-09-16 15:57:56,432 [ERROR] LogOutputStream:74 - [STDERR_REDIRECT] 	at com.st.stm32cube.common.mx.targetselector.TargetSelectorAdapter$6.run(TargetSelectorAdapter.java:310)
2025-09-16 15:57:56,434 [ERROR] LogOutputStream:74 - [STDERR_REDIRECT] 	at com.st.stm32cube.common.mx.oss.core.awtswtbridge.AwtEnvironment$2.run(AwtEnvironment.java:166)
2025-09-16 15:57:56,436 [ERROR] LogOutputStream:74 - [STDERR_REDIRECT] 	at java.desktop/java.awt.event.InvocationEvent.dispatch(InvocationEvent.java:313)
2025-09-16 15:57:56,437 [ERROR] LogOutputStream:74 - [STDERR_REDIRECT] 	at java.desktop/java.awt.EventQueue.dispatchEventImpl(EventQueue.java:770)
2025-09-16 15:57:56,438 [ERROR] LogOutputStream:74 - [STDERR_REDIRECT] 	at java.desktop/java.awt.EventQueue$4.run(EventQueue.java:721)
2025-09-16 15:57:56,439 [ERROR] LogOutputStream:74 - [STDERR_REDIRECT] 	at java.desktop/java.awt.EventQueue$4.run(EventQueue.java:715)
2025-09-16 15:57:56,441 [ERROR] LogOutputStream:74 - [STDERR_REDIRECT] 	at java.base/java.security.AccessController.doPrivileged(Native Method)
2025-09-16 15:57:56,443 [ERROR] LogOutputStream:74 - [STDERR_REDIRECT] 	at java.base/java.security.ProtectionDomain$JavaSecurityAccessImpl.doIntersectionPrivilege(ProtectionDomain.java:85)
2025-09-16 15:57:56,444 [ERROR] LogOutputStream:74 - [STDERR_REDIRECT] 	at java.desktop/java.awt.EventQueue.dispatchEvent(EventQueue.java:740)
2025-09-16 15:57:56,445 [ERROR] LogOutputStream:74 - [STDERR_REDIRECT] 	at java.desktop/java.awt.EventDispatchThread.pumpOneEventForFilters(EventDispatchThread.java:203)
2025-09-16 15:57:56,447 [ERROR] LogOutputStream:74 - [STDERR_REDIRECT] 	at java.desktop/java.awt.EventDispatchThread.pumpEventsForFilter(EventDispatchThread.java:124)
2025-09-16 15:57:56,449 [ERROR] LogOutputStream:74 - [STDERR_REDIRECT] 	at java.desktop/java.awt.EventDispatchThread.pumpEventsForHierarchy(EventDispatchThread.java:113)
2025-09-16 15:57:56,450 [ERROR] LogOutputStream:74 - [STDERR_REDIRECT] 	at java.desktop/java.awt.EventDispatchThread.pumpEvents(EventDispatchThread.java:109)
2025-09-16 15:57:56,452 [ERROR] LogOutputStream:74 - [STDERR_REDIRECT] 	at java.desktop/java.awt.EventDispatchThread.pumpEvents(EventDispatchThread.java:101)
2025-09-16 15:57:56,453 [ERROR] LogOutputStream:74 - [STDERR_REDIRECT] 	at java.desktop/java.awt.EventDispatchThread.run(EventDispatchThread.java:90)
2025-09-16 15:57:58,122 [ERROR] IocParser:56 - java.io.FileNotFoundException: D:\New folder (2)\LAB 1\Code\LAB 1.5\LAB 1.5.ioc (The system cannot find the file specified)
2025-09-16 15:57:58,122 [ERROR] PeripheralListParser:93 - Something went wrong with ioc file reading
2025-09-16 15:57:58,123 [ERROR] RegexParser:58 - java.io.FileNotFoundException: D:\New folder (2)\LAB 1\Code\LAB 1.5\LAB 1.5.ioc (The system cannot find the file specified)
2025-09-16 15:58:10,030 [INFO] MainUpdater:2671 - connection check result : 22
2025-09-16 15:58:11,634 [INFO] McuFinderGlobals:52 - Set McuFinderConnectedMode to false
2025-09-16 15:58:11,645 [INFO] CrossSelectorPresenter:1330 - Cross Selector saved comparison directory: C:\Users\ACER\.stmcufinder\plugins\mcufinder\mcu\cs_comparisons_mx
2025-09-16 15:58:11,649 [INFO] MultiScanPanel:197 - Auto-refresh data requested => check proxy status ongoing
2025-09-16 15:58:11,650 [INFO] MultiScanPanel:201 - Proxy status is invalid
2025-09-16 15:58:11,650 [INFO] FinderPluginLoader:87 - Searching for filters in installed packs
2025-09-16 15:58:11,939 [INFO] DetailPanel:309 - Set advertising image to C:/Users/ACER/STM32Cube/Repository/\en.2400x1350px.jpeg
2025-09-16 15:58:29,175 [INFO] MainUpdater:2671 - connection check result : 22
2025-09-16 15:58:29,176 [INFO] MainUpdater:2671 - connection check result : 22
2025-09-16 15:58:32,130 [ERROR] IocParser:56 - java.io.FileNotFoundException: D:\New folder (2)\LAB 1\Code\LAB 1.5\LAB 1.5.ioc (The system cannot find the file specified)
2025-09-16 15:58:32,132 [ERROR] PeripheralListParser:93 - Something went wrong with ioc file reading
2025-09-16 15:58:32,133 [ERROR] RegexParser:58 - java.io.FileNotFoundException: D:\New folder (2)\LAB 1\Code\LAB 1.5\LAB 1.5.ioc (The system cannot find the file specified)
2025-09-16 15:58:32,177 [INFO] MicroXplorer:448 - Change Database Path : 
2025-09-16 15:58:32,177 [INFO] MicroXplorer:478 - Change Database Version : DB.6.0.30
2025-09-16 15:58:32,177 [WARN] ThirdParty:813 - waiting for thirdparty lock release [close project]
2025-09-16 15:58:32,177 [INFO] ThirdParty:815 - entering critical section [close project]
2025-09-16 15:58:32,177 [INFO] ThirdParty:825 - exiting critical section [close project]
2025-09-16 15:58:32,178 [INFO] PinOutPanel:1463 - setPackage(No Configuration,No Configuration)
2025-09-16 15:58:32,185 [INFO] UtilMem:74 - Begin LoadConfig() Used Memory: 442063640 Bytes (915406848)
2025-09-16 15:58:32,186 [INFO] MicroXplorer:448 - Change Database Path : 
2025-09-16 15:58:32,186 [INFO] MicroXplorer:478 - Change Database Version : DB.6.0.30
2025-09-16 15:58:32,186 [INFO] OpenFileManager:313 - Change cursor
2025-09-16 15:58:32,196 [INFO] RulesReader:57 - Compatibility file has been processed (242 Rules)
2025-09-16 15:58:32,685 [INFO] Context:592 - Trying to add GPIOservice into a context  which must be forbidden
2025-09-16 15:58:32,795 [INFO] ImportTextPane:167 - (OptionalMessage_ERROR) Unable to find key (Mcu.ThirdPartyNb) in loaded IOC file
2025-09-16 15:58:32,796 [INFO] ImportTextPane:167 - (OptionalMessage_ERROR) Unable to find key (Mcu.PinsNb) in loaded IOC file
2025-09-16 15:58:32,796 [INFO] ImportTextPane:167 - (OptionalMessage_ERROR) Unable to find key (Mcu.IPNb) in loaded IOC file
2025-09-16 15:58:32,807 [INFO] RtosManager:484 - Registered RTOS mode: class=CMSIS, group=RTOS, mode=CMSIS_V1, owner=FREERTOS
2025-09-16 15:58:32,808 [INFO] RtosManager:484 - Registered RTOS mode: class=CMSIS, group=RTOS2, mode=CMSIS_V2, owner=FREERTOS
2025-09-16 15:58:32,808 [INFO] RtosManager:484 - Registered RTOS mode: class=RTOS, group=Core, mode=CMSIS_V1, owner=FREERTOS
2025-09-16 15:58:32,808 [INFO] RtosManager:484 - Registered RTOS mode: class=RTOS, group=Core, mode=CMSIS_V2, owner=FREERTOS
2025-09-16 15:58:32,808 [WARN] ModelIntegratedComponent:181 - Missing modes for component STMicroelectronics:FreeRTOS:0.0.1:STMicroelectronics:RTOS:FreeRTOS:Core:::10.2.0:
2025-09-16 15:58:32,808 [WARN] ModelIntegratedComponent:60 - No mode defined for component null
2025-09-16 15:58:32,808 [WARN] ModelIntegratedComponent:60 - No mode defined for component null
2025-09-16 15:58:32,808 [WARN] ModelIntegratedComponent:60 - No mode defined for component null
2025-09-16 15:58:32,808 [WARN] ModelIntegratedComponent:60 - No mode defined for component null
2025-09-16 15:58:32,809 [WARN] ModelIntegratedComponent:60 - No mode defined for component null
2025-09-16 15:58:32,809 [WARN] ModelIntegratedComponent:60 - No mode defined for component null
2025-09-16 15:58:32,809 [WARN] ModelIntegratedComponent:60 - No mode defined for component null
2025-09-16 15:58:32,809 [WARN] ModelIntegratedComponent:60 - No mode defined for component null
2025-09-16 15:58:32,809 [WARN] ModelIntegratedComponent:60 - No mode defined for component null
2025-09-16 15:58:32,809 [WARN] ModelIntegratedComponent:60 - No mode defined for component null
2025-09-16 15:58:32,809 [WARN] ModelIntegratedComponent:60 - No mode defined for component null
2025-09-16 15:58:32,809 [WARN] ModelIntegratedComponent:60 - No mode defined for component null
2025-09-16 15:58:32,809 [WARN] ModelIntegratedComponent:60 - No mode defined for component null
2025-09-16 15:58:32,809 [WARN] ModelIntegratedComponent:60 - No mode defined for component null
2025-09-16 15:58:32,809 [WARN] ModelIntegratedComponent:60 - No mode defined for component null
2025-09-16 15:58:32,810 [WARN] ModelIntegratedComponent:60 - No mode defined for component null
2025-09-16 15:58:32,810 [WARN] ModelIntegratedComponent:60 - No mode defined for component null
2025-09-16 15:58:32,810 [WARN] ModelIntegratedComponent:60 - No mode defined for component null
2025-09-16 15:58:32,810 [WARN] ModelIntegratedComponent:60 - No mode defined for component null
2025-09-16 15:58:32,810 [WARN] ModelIntegratedComponent:60 - No mode defined for component null
2025-09-16 15:58:32,810 [WARN] ModelIntegratedComponent:60 - No mode defined for component null
2025-09-16 15:58:32,810 [WARN] ModelIntegratedComponent:60 - No mode defined for component null
2025-09-16 15:58:32,810 [WARN] ModelIntegratedComponent:60 - No mode defined for component null
2025-09-16 15:58:32,810 [WARN] ModelIntegratedComponent:60 - No mode defined for component null
2025-09-16 15:58:32,810 [WARN] ModelIntegratedComponent:60 - No mode defined for component null
2025-09-16 15:58:32,810 [WARN] ModelIntegratedComponent:60 - No mode defined for component null
2025-09-16 15:58:32,811 [WARN] ModelIntegratedComponent:60 - No mode defined for component null
2025-09-16 15:58:32,811 [WARN] ModelIntegratedComponent:60 - No mode defined for component null
2025-09-16 15:58:32,811 [WARN] ModelIntegratedComponent:60 - No mode defined for component null
2025-09-16 15:58:32,811 [WARN] ModelIntegratedComponent:60 - No mode defined for component null
2025-09-16 15:58:32,811 [WARN] ModelIntegratedComponent:60 - No mode defined for component null
2025-09-16 15:58:32,925 [INFO] UtilMem:74 - End LoadConfig() Used Memory: 582589208 Bytes (915406848)
2025-09-16 15:58:32,925 [WARN] ThirdParty:779 - waiting for thirdparty lock release [change project]
2025-09-16 15:58:32,926 [INFO] ThirdParty:781 - entering critical section [change project]
2025-09-16 15:58:32,926 [INFO] ThirdParty:967 - CMSIS Pack Vendor :STMicroelectronics USB_HOST 2.0.0
2025-09-16 15:58:32,926 [INFO] ThirdParty:967 - CMSIS Pack Vendor :STMicroelectronics FreeRTOS 0.0.1
2025-09-16 15:58:32,926 [INFO] ThirdParty:967 - CMSIS Pack Vendor :STMicroelectronics USB_DEVICE 1.0.0
2025-09-16 15:58:32,926 [INFO] ThirdParty:967 - CMSIS Pack Vendor :STMicroelectronics USB_DEVICE 3.0.0
2025-09-16 15:58:32,926 [INFO] ThirdParty:967 - CMSIS Pack Vendor :STMicroelectronics HAL Drivers 0.0.0
2025-09-16 15:58:32,926 [INFO] ThirdParty:967 - CMSIS Pack Vendor :STMicroelectronics MBEDTLS 2.16.2
2025-09-16 15:58:32,926 [INFO] ThirdParty:967 - CMSIS Pack Vendor :STMicroelectronics ThreadX 0.0.2
2025-09-16 15:58:32,926 [INFO] ThirdParty:967 - CMSIS Pack Vendor :STMicroelectronics lwIP 2.0.3
2025-09-16 15:58:32,926 [INFO] ThirdParty:967 - CMSIS Pack Vendor :STMicroelectronics lwIP 2.1.2
2025-09-16 15:58:32,926 [INFO] ThirdParty:967 - CMSIS Pack Vendor :STMicroelectronics MBEDTLS 2.14.1
2025-09-16 15:58:32,926 [INFO] ThirdParty:967 - CMSIS Pack Vendor :STMicroelectronics USB_HOST 1.0.0
2025-09-16 15:58:32,926 [INFO] ThirdParty:967 - CMSIS Pack Vendor :STMicroelectronics PDM2PCM 3.1.0
2025-09-16 15:58:32,926 [INFO] ThirdParty:967 - CMSIS Pack Vendor :STMicroelectronics PDM2PCM 3.2.0
2025-09-16 15:58:32,926 [INFO] ThirdParty:967 - CMSIS Pack Vendor :STMicroelectronics USB_DEVICE 2.0.0
2025-09-16 15:58:32,926 [INFO] ThirdParty:967 - CMSIS Pack Vendor :STMicroelectronics PDM2PCM 3.3.0
2025-09-16 15:58:32,927 [INFO] ThirdParty:787 - exiting critical section [change project]
2025-09-16 15:58:33,024 [INFO] PinOutPanel:1463 - setPackage(No Configuration,No Configuration)
2025-09-16 15:58:33,025 [INFO] PinOutPanel:1463 - setPackage(STM32F103C6Ux,UFQFPN48)
2025-09-16 15:58:33,269 [INFO] UtilMem:74 - Before build in PCC Used Memory: 391510744 Bytes (915406848)
2025-09-16 15:58:33,464 [INFO] UtilMem:74 - After build in PCC Used Memory: 459668184 Bytes (915406848)
2025-09-16 15:58:33,480 [INFO] IPUIPlugin:74 - create IPUIPlugin
2025-09-16 15:58:33,480 [INFO] IPUIPlugin:74 - create IPUIPlugin
2025-09-16 15:58:33,480 [INFO] IPUIPlugin:74 - create IPUIPlugin
2025-09-16 15:58:33,480 [INFO] IPUIPlugin:74 - create IPUIPlugin
2025-09-16 15:58:33,481 [INFO] IPUIPlugin:74 - create IPUIPlugin
2025-09-16 15:58:33,481 [INFO] IPUIPlugin:74 - create IPUIPlugin
2025-09-16 15:58:33,481 [INFO] IPUIPlugin:74 - create IPUIPlugin
2025-09-16 15:58:33,481 [INFO] IPUIPlugin:74 - create IPUIPlugin
2025-09-16 15:58:33,481 [INFO] IPUIPlugin:74 - create IPUIPlugin
2025-09-16 15:58:33,481 [INFO] IPUIPlugin:74 - create IPUIPlugin
2025-09-16 15:58:33,482 [INFO] IPUIPlugin:74 - create IPUIPlugin
2025-09-16 15:58:33,482 [INFO] IPUIPlugin:74 - create IPUIPlugin
2025-09-16 15:58:33,482 [INFO] IPUIPlugin:74 - create IPUIPlugin
2025-09-16 15:58:33,483 [INFO] IPUIPlugin:74 - create IPUIPlugin
2025-09-16 15:58:33,483 [INFO] IPUIPlugin:74 - create IPUIPlugin
2025-09-16 15:58:33,483 [INFO] IPUIPlugin:74 - create IPUIPlugin
2025-09-16 15:58:33,483 [INFO] IPUIPlugin:74 - create IPUIPlugin
2025-09-16 15:58:33,484 [INFO] IPUIPlugin:74 - create IPUIPlugin
2025-09-16 15:58:33,484 [INFO] IPUIPlugin:74 - create IPUIPlugin
2025-09-16 15:58:33,484 [INFO] IPUIPlugin:74 - create IPUIPlugin
2025-09-16 15:58:33,485 [INFO] IPUIPlugin:74 - create IPUIPlugin
2025-09-16 15:58:33,486 [INFO] IPUIPlugin:74 - create IPUIPlugin
2025-09-16 15:58:33,486 [INFO] IPUIPlugin:74 - create IPUIPlugin
2025-09-16 15:58:33,498 [INFO] OpenFileManager:333 - Restore cursor
2025-09-16 15:58:33,687 [INFO] UtilMem:74 - End SaveConfig() Used Memory: 522478624 Bytes (915406848)
2025-09-16 15:58:33,731 [INFO] UtilMem:74 - End SaveConfig() Used Memory: 535165656 Bytes (915406848)
2025-09-16 15:58:33,987 [INFO] BlockDiagram:2740 - set Specific Code input for plugin: NVIC
2025-09-16 15:58:33,987 [INFO] BlockDiagram:2740 - set Specific Code input for plugin: SYS
2025-09-16 15:58:33,988 [INFO] BlockDiagram:2740 - set Specific Code input for plugin: RCC
2025-09-16 15:58:33,988 [INFO] CodeGenerator:663 - code generatio: config db path: D:\STM32CubeIDE_1.7.0\STM32CubeIDE\plugins\com.st.stm32cube.common.mx_6.3.0.202107141111\\db\
2025-09-16 15:58:34,222 [INFO] CodeEngine:239 - oldGeneratedFile, D:\New folder (2)\LAB 1.5\MXTmpFiles\license.tmp_save
2025-09-16 15:58:34,294 [INFO] CodeEngine:257 - Generated code: D:\New folder (2)\LAB 1.5\MXTmpFiles\license.tmp
2025-09-16 15:58:34,326 [INFO] CodeEngine:239 - oldGeneratedFile, D:\New folder (2)\LAB 1.5\Core\Src\stm32f1xx_it.c_save
2025-09-16 15:58:34,406 [INFO] CodeEngine:257 - Generated code: D:\New folder (2)\LAB 1.5\Core\Src\stm32f1xx_it.c
2025-09-16 15:58:34,409 [INFO] CodeEngine:239 - oldGeneratedFile, D:\New folder (2)\LAB 1.5\Core\Inc\stm32f1xx_it.h_save
2025-09-16 15:58:34,475 [INFO] CodeEngine:257 - Generated code: D:\New folder (2)\LAB 1.5\Core\Inc\stm32f1xx_it.h
2025-09-16 15:58:34,481 [INFO] CodeEngine:239 - oldGeneratedFile, D:\New folder (2)\LAB 1.5\Core\Src\stm32f1xx_hal_msp.c_save
2025-09-16 15:58:34,586 [INFO] CodeEngine:257 - Generated code: D:\New folder (2)\LAB 1.5\Core\Src\stm32f1xx_hal_msp.c
2025-09-16 15:58:34,588 [INFO] CodeEngine:239 - oldGeneratedFile, D:\New folder (2)\LAB 1.5\MXTmpFiles\system.tmp_save
2025-09-16 15:58:34,730 [INFO] CodeEngine:257 - Generated code: D:\New folder (2)\LAB 1.5\MXTmpFiles\system.tmp
2025-09-16 15:58:34,734 [INFO] CodeEngine:239 - oldGeneratedFile, D:\New folder (2)\LAB 1.5\Core\Inc\stm32f1xx_hal_conf.h_save
2025-09-16 15:58:34,842 [INFO] CodeEngine:257 - Generated code: D:\New folder (2)\LAB 1.5\Core\Inc\stm32f1xx_hal_conf.h
2025-09-16 15:58:34,876 [INFO] CodeEngine:239 - oldGeneratedFile, D:\New folder (2)\LAB 1.5\Core\Inc\main.h_save
2025-09-16 15:58:34,958 [INFO] CodeEngine:257 - Generated code: D:\New folder (2)\LAB 1.5\Core\Inc\main.h
2025-09-16 15:58:34,960 [INFO] CodeEngine:239 - oldGeneratedFile, D:\New folder (2)\LAB 1.5\Core\Src\main.c_save
2025-09-16 15:58:35,079 [INFO] CodeEngine:257 - Generated code: D:\New folder (2)\LAB 1.5\Core\Src\main.c
2025-09-16 15:58:35,901 [INFO] ProjectBuilder:2578 - Time for Copy HAL[1] : 61mS.
2025-09-16 15:58:35,904 [INFO] ProjectBuilder:3622 - Project Generator version: 3.14.1
2025-09-16 15:58:36,426 [INFO] ConfigFileManager:1271 - The Die is : DIE412
2025-09-16 15:58:36,434 [INFO] ApiDbMcu:468 - Load IP Config File for FATFS
2025-09-16 15:58:36,462 [INFO] ApiDbMcu:468 - Load IP Config File for FREERTOS
2025-09-16 15:58:36,486 [INFO] ApiDbMcu:468 - Load IP Config File for USB_DEVICE
2025-09-16 15:58:38,807 [INFO] ProjectBuilder:3789 - Time for Generating toolchain IDE Files: 2903mS.
2025-09-16 15:58:38,817 [INFO] ProjectBuilder:2457 - Time for Copy CMSIS : 10mS.
2025-09-16 15:58:38,819 [INFO] ProjectBuilder:2457 - Time for Copy CMSIS : 0mS.
2025-09-16 15:58:51,170 [INFO] McuFinderGlobals:52 - Set McuFinderConnectedMode to true
2025-09-16 15:58:51,172 [INFO] ApiDb:276 - Save user favorites file C:\Users\ACER/.stm32cubeide/favorites.mcus.txt: 0 item(s)
2025-09-16 15:58:51,173 [INFO] ApiDb:280 - User favorites MCUs=[]
2025-09-16 15:58:51,298 [ERROR] LogOutputStream:74 - [STDERR_REDIRECT] Exception in thread "AWT-EventQueue-0" java.lang.NullPointerException
2025-09-16 15:58:51,300 [ERROR] LogOutputStream:74 - [STDERR_REDIRECT] 	at com.st.stm32cube.common.mx.targetselector.TargetSelectorAdapter$6.run(TargetSelectorAdapter.java:310)
2025-09-16 15:58:51,302 [ERROR] LogOutputStream:74 - [STDERR_REDIRECT] 	at com.st.stm32cube.common.mx.oss.core.awtswtbridge.AwtEnvironment$2.run(AwtEnvironment.java:166)
2025-09-16 15:58:51,304 [ERROR] LogOutputStream:74 - [STDERR_REDIRECT] 	at java.desktop/java.awt.event.InvocationEvent.dispatch(InvocationEvent.java:313)
2025-09-16 15:58:51,306 [ERROR] LogOutputStream:74 - [STDERR_REDIRECT] 	at java.desktop/java.awt.EventQueue.dispatchEventImpl(EventQueue.java:770)
2025-09-16 15:58:51,307 [ERROR] LogOutputStream:74 - [STDERR_REDIRECT] 	at java.desktop/java.awt.EventQueue$4.run(EventQueue.java:721)
2025-09-16 15:58:51,308 [ERROR] LogOutputStream:74 - [STDERR_REDIRECT] 	at java.desktop/java.awt.EventQueue$4.run(EventQueue.java:715)
2025-09-16 15:58:51,309 [ERROR] LogOutputStream:74 - [STDERR_REDIRECT] 	at java.base/java.security.AccessController.doPrivileged(Native Method)
2025-09-16 15:58:51,311 [ERROR] LogOutputStream:74 - [STDERR_REDIRECT] 	at java.base/java.security.ProtectionDomain$JavaSecurityAccessImpl.doIntersectionPrivilege(ProtectionDomain.java:85)
2025-09-16 15:58:51,313 [ERROR] LogOutputStream:74 - [STDERR_REDIRECT] 	at java.desktop/java.awt.EventQueue.dispatchEvent(EventQueue.java:740)
2025-09-16 15:58:51,314 [ERROR] LogOutputStream:74 - [STDERR_REDIRECT] 	at java.desktop/java.awt.EventDispatchThread.pumpOneEventForFilters(EventDispatchThread.java:203)
2025-09-16 15:58:51,316 [ERROR] LogOutputStream:74 - [STDERR_REDIRECT] 	at java.desktop/java.awt.EventDispatchThread.pumpEventsForFilter(EventDispatchThread.java:124)
2025-09-16 15:58:51,317 [ERROR] LogOutputStream:74 - [STDERR_REDIRECT] 	at java.desktop/java.awt.EventDispatchThread.pumpEventsForHierarchy(EventDispatchThread.java:113)
2025-09-16 15:58:51,319 [ERROR] LogOutputStream:74 - [STDERR_REDIRECT] 	at java.desktop/java.awt.EventDispatchThread.pumpEvents(EventDispatchThread.java:109)
2025-09-16 15:58:51,320 [ERROR] LogOutputStream:74 - [STDERR_REDIRECT] 	at java.desktop/java.awt.EventDispatchThread.pumpEvents(EventDispatchThread.java:101)
2025-09-16 15:58:51,321 [ERROR] LogOutputStream:74 - [STDERR_REDIRECT] 	at java.desktop/java.awt.EventDispatchThread.run(EventDispatchThread.java:90)
2025-09-16 15:59:27,819 [INFO] RetryExec:97 - I/O exception (java.net.SocketException) caught when processing request to {s}->https://sw-center.st.com:443: Network is unreachable: connect
2025-09-16 15:59:27,822 [INFO] RetryExec:113 - Retrying request to {s}->https://sw-center.st.com:443
2025-09-16 15:59:27,824 [INFO] RetryExec:97 - I/O exception (java.net.SocketException) caught when processing request to {s}->https://sw-center.st.com:443: Network is unreachable: connect
2025-09-16 15:59:27,824 [INFO] RetryExec:113 - Retrying request to {s}->https://sw-center.st.com:443
2025-09-16 15:59:27,825 [INFO] RetryExec:97 - I/O exception (java.net.SocketException) caught when processing request to {s}->https://sw-center.st.com:443: Network is unreachable: connect
2025-09-16 15:59:27,826 [INFO] RetryExec:113 - Retrying request to {s}->https://sw-center.st.com:443
2025-09-16 15:59:27,851 [INFO] RetryExec:97 - I/O exception (java.net.SocketException) caught when processing request to {s}->https://sw-center.st.com:443: Network is unreachable: connect
2025-09-16 15:59:27,851 [INFO] RetryExec:113 - Retrying request to {s}->https://sw-center.st.com:443
2025-09-16 15:59:27,852 [INFO] RetryExec:97 - I/O exception (java.net.SocketException) caught when processing request to {s}->https://sw-center.st.com:443: Network is unreachable: connect
2025-09-16 15:59:27,853 [INFO] RetryExec:113 - Retrying request to {s}->https://sw-center.st.com:443
2025-09-16 15:59:27,853 [INFO] RetryExec:97 - I/O exception (java.net.SocketException) caught when processing request to {s}->https://sw-center.st.com:443: Network is unreachable: connect
2025-09-16 15:59:27,854 [INFO] RetryExec:113 - Retrying request to {s}->https://sw-center.st.com:443
2025-09-16 15:59:27,864 [INFO] RetryExec:97 - I/O exception (java.net.SocketException) caught when processing request to {s}->https://sw-center.st.com:443: Network is unreachable: connect
2025-09-16 15:59:27,864 [INFO] RetryExec:113 - Retrying request to {s}->https://sw-center.st.com:443
2025-09-16 15:59:27,876 [INFO] RetryExec:97 - I/O exception (java.net.SocketException) caught when processing request to {s}->https://sw-center.st.com:443: Network is unreachable: connect
2025-09-16 15:59:27,876 [INFO] RetryExec:113 - Retrying request to {s}->https://sw-center.st.com:443
2025-09-16 15:59:27,877 [INFO] RetryExec:97 - I/O exception (java.net.SocketException) caught when processing request to {s}->https://sw-center.st.com:443: Network is unreachable: connect
2025-09-16 15:59:27,878 [INFO] RetryExec:113 - Retrying request to {s}->https://sw-center.st.com:443
2025-09-16 15:59:28,109 [INFO] RetryExec:97 - I/O exception (java.net.SocketException) caught when processing request to {s}->https://sw-center.st.com:443: Network is unreachable: connect
2025-09-16 15:59:28,109 [INFO] RetryExec:113 - Retrying request to {s}->https://sw-center.st.com:443
2025-09-16 15:59:28,113 [INFO] RetryExec:97 - I/O exception (java.net.SocketException) caught when processing request to {s}->https://sw-center.st.com:443: Network is unreachable: connect
2025-09-16 15:59:28,114 [INFO] RetryExec:113 - Retrying request to {s}->https://sw-center.st.com:443
2025-09-16 15:59:28,115 [INFO] RetryExec:97 - I/O exception (java.net.SocketException) caught when processing request to {s}->https://sw-center.st.com:443: Network is unreachable: connect
2025-09-16 15:59:28,115 [INFO] RetryExec:113 - Retrying request to {s}->https://sw-center.st.com:443
2025-09-16 15:59:28,153 [INFO] RetryExec:97 - I/O exception (java.net.SocketException) caught when processing request to {s}->https://sw-center.st.com:443: Network is unreachable: connect
2025-09-16 15:59:28,153 [INFO] RetryExec:113 - Retrying request to {s}->https://sw-center.st.com:443
2025-09-16 15:59:28,171 [INFO] RetryExec:97 - I/O exception (java.net.SocketException) caught when processing request to {s}->https://sw-center.st.com:443: Network is unreachable: connect
2025-09-16 15:59:28,171 [INFO] RetryExec:113 - Retrying request to {s}->https://sw-center.st.com:443
2025-09-16 15:59:28,186 [INFO] RetryExec:97 - I/O exception (java.net.SocketException) caught when processing request to {s}->https://sw-center.st.com:443: Network is unreachable: connect
2025-09-16 15:59:28,186 [INFO] RetryExec:113 - Retrying request to {s}->https://sw-center.st.com:443
2025-09-16 16:05:01,909 [INFO] UtilMem:74 - End SaveConfig() Used Memory: 563676320 Bytes (947912704)
2025-09-16 16:05:04,164 [INFO] UtilMem:74 - End SaveConfig() Used Memory: 584908072 Bytes (947912704)
2025-09-16 16:05:06,281 [INFO] UtilMem:74 - End SaveConfig() Used Memory: 748485920 Bytes (947912704)
2025-09-16 16:05:06,607 [INFO] BlockDiagram:2740 - set Specific Code input for plugin: NVIC
2025-09-16 16:05:06,607 [INFO] BlockDiagram:2740 - set Specific Code input for plugin: SYS
2025-09-16 16:05:06,607 [INFO] BlockDiagram:2740 - set Specific Code input for plugin: GPIO
2025-09-16 16:05:06,607 [INFO] BlockDiagram:2740 - set Specific Code input for plugin: RCC
2025-09-16 16:05:06,609 [INFO] CodeGenerator:663 - code generatio: config db path: D:\STM32CubeIDE_1.7.0\STM32CubeIDE\plugins\com.st.stm32cube.common.mx_6.3.0.202107141111\\db\
2025-09-16 16:05:06,879 [INFO] CodeEngine:239 - oldGeneratedFile, D:\New folder (2)\LAB 1.5\MXTmpFiles\license.tmp_save
2025-09-16 16:05:06,956 [INFO] CodeEngine:257 - Generated code: D:\New folder (2)\LAB 1.5\MXTmpFiles\license.tmp
2025-09-16 16:05:07,058 [INFO] CodeEngine:239 - oldGeneratedFile, D:\New folder (2)\LAB 1.5\MXTmpFiles\gpio.tmp_save
2025-09-16 16:05:07,148 [INFO] CodeEngine:257 - Generated code: D:\New folder (2)\LAB 1.5\MXTmpFiles\gpio.tmp
2025-09-16 16:05:07,210 [INFO] CodeEngine:239 - oldGeneratedFile, D:\New folder (2)\LAB 1.5\Core\Src\stm32f1xx_it.c_save
2025-09-16 16:05:07,305 [INFO] CodeEngine:257 - Generated code: D:\New folder (2)\LAB 1.5\Core\Src\stm32f1xx_it.c
2025-09-16 16:05:07,309 [INFO] CodeEngine:239 - oldGeneratedFile, D:\New folder (2)\LAB 1.5\Core\Inc\stm32f1xx_it.h_save
2025-09-16 16:05:07,390 [INFO] CodeEngine:257 - Generated code: D:\New folder (2)\LAB 1.5\Core\Inc\stm32f1xx_it.h
2025-09-16 16:05:07,413 [INFO] CodeEngine:239 - oldGeneratedFile, D:\New folder (2)\LAB 1.5\Core\Src\stm32f1xx_hal_msp.c_save
2025-09-16 16:05:07,514 [INFO] CodeEngine:257 - Generated code: D:\New folder (2)\LAB 1.5\Core\Src\stm32f1xx_hal_msp.c
2025-09-16 16:05:07,517 [INFO] CodeEngine:239 - oldGeneratedFile, D:\New folder (2)\LAB 1.5\MXTmpFiles\system.tmp_save
2025-09-16 16:05:07,578 [INFO] CodeEngine:257 - Generated code: D:\New folder (2)\LAB 1.5\MXTmpFiles\system.tmp
2025-09-16 16:05:07,599 [INFO] CodeEngine:239 - oldGeneratedFile, D:\New folder (2)\LAB 1.5\Core\Inc\stm32f1xx_hal_conf.h_save
2025-09-16 16:05:07,714 [INFO] CodeEngine:257 - Generated code: D:\New folder (2)\LAB 1.5\Core\Inc\stm32f1xx_hal_conf.h
2025-09-16 16:05:07,750 [INFO] CodeEngine:239 - oldGeneratedFile, D:\New folder (2)\LAB 1.5\Core\Inc\main.h_save
2025-09-16 16:05:07,859 [INFO] CodeEngine:257 - Generated code: D:\New folder (2)\LAB 1.5\Core\Inc\main.h
2025-09-16 16:05:07,873 [INFO] CodeEngine:239 - oldGeneratedFile, D:\New folder (2)\LAB 1.5\Core\Src\main.c_save
2025-09-16 16:05:08,025 [INFO] CodeEngine:257 - Generated code: D:\New folder (2)\LAB 1.5\Core\Src\main.c
2025-09-16 16:05:08,788 [INFO] ProjectBuilder:2578 - Time for Copy HAL[1] : 71mS.
2025-09-16 16:05:08,792 [INFO] ProjectBuilder:3622 - Project Generator version: 3.14.1
2025-09-16 16:05:09,180 [INFO] ConfigFileManager:1271 - The Die is : DIE412
2025-09-16 16:05:11,325 [INFO] ProjectBuilder:3789 - Time for Generating toolchain IDE Files: 2533mS.
2025-09-16 16:05:11,326 [INFO] ProjectBuilder:2457 - Time for Copy CMSIS : 0mS.
2025-09-16 16:05:11,327 [INFO] ProjectBuilder:2457 - Time for Copy CMSIS : 0mS.
2025-09-16 17:19:24,345 [INFO] Activator:177 - 


2025-09-16 17:19:24,347 [INFO] Activator:178 - !SESSION log4j initialized
2025-09-16 17:20:15,953 [INFO] RetryExec:97 - I/O exception (java.net.SocketException) caught when processing request to {s}->https://sw-center.st.com:443: Socket operation on nonsocket: configureBlocking
2025-09-16 17:20:15,956 [INFO] RetryExec:113 - Retrying request to {s}->https://sw-center.st.com:443
2025-09-16 17:20:27,650 [INFO] Activator:177 - 


2025-09-16 17:20:27,652 [INFO] Activator:178 - !SESSION log4j initialized
2025-09-16 17:22:27,620 [INFO] RetryExec:97 - I/O exception (java.net.SocketException) caught when processing request to {s}->https://sw-center.st.com:443: Socket operation on nonsocket: configureBlocking
2025-09-16 17:22:27,622 [INFO] RetryExec:113 - Retrying request to {s}->https://sw-center.st.com:443
2025-09-16 17:24:03,051 [INFO] Activator:177 - 


2025-09-16 17:24:03,053 [INFO] Activator:178 - !SESSION log4j initialized
2025-09-16 17:25:53,065 [INFO] RetryExec:97 - I/O exception (java.net.SocketException) caught when processing request to {s}->https://sw-center.st.com:443: Socket operation on nonsocket: configureBlocking
2025-09-16 17:25:53,085 [INFO] RetryExec:113 - Retrying request to {s}->https://sw-center.st.com:443
2025-09-16 17:27:18,645 [INFO] Activator:177 - 


2025-09-16 17:27:18,646 [INFO] Activator:178 - !SESSION log4j initialized
2025-09-16 17:28:40,569 [INFO] Activator:177 - 


2025-09-16 17:28:40,571 [INFO] Activator:178 - !SESSION log4j initialized
2025-09-16 17:33:22,015 [INFO] RetryExec:97 - I/O exception (java.net.SocketException) caught when processing request to {s}->https://sw-center.st.com:443: Socket operation on nonsocket: configureBlocking
2025-09-16 17:33:22,018 [INFO] RetryExec:113 - Retrying request to {s}->https://sw-center.st.com:443
2025-09-17 00:00:56,414 [INFO] Activator:177 - 


2025-09-17 00:00:56,417 [INFO] Activator:178 - !SESSION log4j initialized
2025-09-17 00:05:13,713 [INFO] McuFinderGlobals:39 - Set McuFinder mode to 2 (CubeIDE integrated)
2025-09-17 00:05:14,113 [INFO] ApplicationProperties:181 - Using Application install path: D:\STM32CubeIDE_1.7.0\STM32CubeIDE\plugins\com.st.stm32cube.common.mx_6.3.0.202107141111
2025-09-17 00:05:14,132 [INFO] DbMcusXml:74 - Set database path to: D:\STM32CubeIDE_1.7.0\STM32CubeIDE\plugins\com.st.stm32cube.common.mx_6.3.0.202107141111\\db\/mcu/
2025-09-17 00:05:14,136 [INFO] DbBoardsPdsc:56 - Set plugin database path to: D:\STM32CubeIDE_1.7.0\STM32CubeIDE\plugins\com.st.stm32cube.common.mx_6.3.0.202107141111\\db\/plugins/boardmanager/
2025-09-17 00:05:14,138 [INFO] DbMcus:258 - Set plugin images path to: D:\STM32CubeIDE_1.7.0\STM32CubeIDE\plugins\com.st.stm32cube.common.mx_6.3.0.202107141111\\db\/plugins/mcufinder/images/
2025-09-17 00:05:14,138 [INFO] DbBoards:264 - Set plugin images path to: D:\STM32CubeIDE_1.7.0\STM32CubeIDE\plugins\com.st.stm32cube.common.mx_6.3.0.202107141111\\db\/plugins/mcufinder/images/
2025-09-17 00:05:14,141 [INFO] DbExamples:333 - Set plugin images path to: D:\STM32CubeIDE_1.7.0\STM32CubeIDE\plugins\com.st.stm32cube.common.mx_6.3.0.202107141111\\db\/plugins/mcufinder/images/
2025-09-17 00:05:14,150 [INFO] DbMcusAds:119 - Set database path to: C:\Users\ACER\.stmcufinder\plugins\mcufinder//mcu/
2025-09-17 00:05:14,151 [INFO] DbMcusDocs:110 - Set database path to: C:\Users\ACER\.stmcufinder\plugins\mcufinder//mcu/
2025-09-17 00:05:14,154 [INFO] DbMcusJson:64 - Set database path to: C:\Users\ACER\.stmcufinder\plugins\mcufinder//mcu/
2025-09-17 00:05:14,155 [INFO] DbBoardsDocs:110 - Set database path to: C:\Users\ACER\.stmcufinder\plugins\mcufinder//mcu/
2025-09-17 00:05:14,156 [INFO] DbBoardsJson:57 - Set database path to: C:\Users\ACER\.stmcufinder\plugins\mcufinder//mcu/
2025-09-17 00:05:14,168 [INFO] CrossReferenceDbSqlite:196 - Set database path to: C:\Users\ACER\.stmcufinder\plugins\mcufinder//mcu/cs/
2025-09-17 00:05:14,172 [INFO] DbExamplesSqlite:767 - Set database path to: C:\Users\ACER\.stmcufinder\plugins\mcufinder//mcu/
2025-09-17 00:05:14,312 [INFO] RulesReader:57 - Compatibility file has been processed (242 Rules)
2025-09-17 00:05:14,436 [INFO] DbMcusXml:74 - Set database path to: D:\STM32CubeIDE_1.7.0\STM32CubeIDE\plugins\com.st.stm32cube.common.mx_6.3.0.202107141111\\db\/mcu/
2025-09-17 00:05:14,437 [INFO] DbBoardsPdsc:56 - Set plugin database path to: D:\STM32CubeIDE_1.7.0\STM32CubeIDE\plugins\com.st.stm32cube.common.mx_6.3.0.202107141111\\db\/plugins/boardmanager/
2025-09-17 00:05:14,439 [INFO] DbMcus:258 - Set plugin images path to: D:\STM32CubeIDE_1.7.0\STM32CubeIDE\plugins\com.st.stm32cube.common.mx_6.3.0.202107141111\\db\/plugins/mcufinder/images/
2025-09-17 00:05:14,439 [INFO] DbBoards:264 - Set plugin images path to: D:\STM32CubeIDE_1.7.0\STM32CubeIDE\plugins\com.st.stm32cube.common.mx_6.3.0.202107141111\\db\/plugins/mcufinder/images/
2025-09-17 00:05:14,439 [INFO] DbExamples:333 - Set plugin images path to: D:\STM32CubeIDE_1.7.0\STM32CubeIDE\plugins\com.st.stm32cube.common.mx_6.3.0.202107141111\\db\/plugins/mcufinder/images/
2025-09-17 00:05:14,439 [WARN] DbFile:35 - Overriding database path with different value: C:\Users\ACER\.stmcufinder\plugins\mcufinder/ => C:\Users\ACER\.stmcufinder\plugins\mcufinder
2025-09-17 00:05:14,440 [INFO] DbMcusAds:119 - Set database path to: C:\Users\ACER\.stmcufinder\plugins\mcufinder//mcu/
2025-09-17 00:05:14,440 [WARN] DbFile:35 - Overriding database path with different value: C:\Users\ACER\.stmcufinder\plugins\mcufinder/ => C:\Users\ACER\.stmcufinder\plugins\mcufinder
2025-09-17 00:05:14,440 [INFO] DbMcusDocs:110 - Set database path to: C:\Users\ACER\.stmcufinder\plugins\mcufinder//mcu/
2025-09-17 00:05:14,440 [WARN] DbFile:35 - Overriding database path with different value: C:\Users\ACER\.stmcufinder\plugins\mcufinder/ => C:\Users\ACER\.stmcufinder\plugins\mcufinder
2025-09-17 00:05:14,440 [INFO] DbMcusJson:64 - Set database path to: C:\Users\ACER\.stmcufinder\plugins\mcufinder//mcu/
2025-09-17 00:05:14,441 [WARN] DbFile:35 - Overriding database path with different value: C:\Users\ACER\.stmcufinder\plugins\mcufinder/ => C:\Users\ACER\.stmcufinder\plugins\mcufinder
2025-09-17 00:05:14,441 [INFO] DbBoardsDocs:110 - Set database path to: C:\Users\ACER\.stmcufinder\plugins\mcufinder//mcu/
2025-09-17 00:05:14,441 [WARN] DbFile:35 - Overriding database path with different value: C:\Users\ACER\.stmcufinder\plugins\mcufinder/ => C:\Users\ACER\.stmcufinder\plugins\mcufinder
2025-09-17 00:05:14,441 [INFO] DbBoardsJson:57 - Set database path to: C:\Users\ACER\.stmcufinder\plugins\mcufinder//mcu/
2025-09-17 00:05:14,442 [WARN] DbFile:35 - Overriding database path with different value: C:\Users\ACER\.stmcufinder\plugins\mcufinder/ => C:\Users\ACER\.stmcufinder\plugins\mcufinder
2025-09-17 00:05:14,442 [WARN] DbFile:35 - Overriding database path with different value: C:\Users\ACER\.stmcufinder\plugins\mcufinder/ => C:\Users\ACER\.stmcufinder\plugins\mcufinder
2025-09-17 00:05:14,442 [INFO] CrossReferenceDbSqlite:196 - Set database path to: C:\Users\ACER\.stmcufinder\plugins\mcufinder//mcu/cs/
2025-09-17 00:05:14,442 [WARN] DbFile:35 - Overriding database path with different value: C:\Users\ACER\.stmcufinder\plugins\mcufinder/ => C:\Users\ACER\.stmcufinder\plugins\mcufinder
2025-09-17 00:05:14,442 [INFO] DbExamplesSqlite:767 - Set database path to: C:\Users\ACER\.stmcufinder\plugins\mcufinder//mcu/
2025-09-17 00:05:14,536 [INFO] MainPanel:214 - HeapMemory: 995098624
2025-09-17 00:05:14,668 [INFO] DbMcusXml:74 - Set database path to: D:\STM32CubeIDE_1.7.0\STM32CubeIDE\plugins\com.st.stm32cube.common.mx_6.3.0.202107141111\\db\/mcu/
2025-09-17 00:05:14,668 [INFO] DbBoardsPdsc:56 - Set plugin database path to: D:\STM32CubeIDE_1.7.0\STM32CubeIDE\plugins\com.st.stm32cube.common.mx_6.3.0.202107141111\\db\/plugins/boardmanager/
2025-09-17 00:05:14,669 [INFO] DbMcus:258 - Set plugin images path to: D:\STM32CubeIDE_1.7.0\STM32CubeIDE\plugins\com.st.stm32cube.common.mx_6.3.0.202107141111\\db\/plugins/mcufinder/images/
2025-09-17 00:05:14,669 [INFO] DbBoards:264 - Set plugin images path to: D:\STM32CubeIDE_1.7.0\STM32CubeIDE\plugins\com.st.stm32cube.common.mx_6.3.0.202107141111\\db\/plugins/mcufinder/images/
2025-09-17 00:05:14,669 [INFO] DbExamples:333 - Set plugin images path to: D:\STM32CubeIDE_1.7.0\STM32CubeIDE\plugins\com.st.stm32cube.common.mx_6.3.0.202107141111\\db\/plugins/mcufinder/images/
2025-09-17 00:05:14,670 [WARN] DbFile:35 - Overriding database path with different value: C:\Users\ACER\.stmcufinder\plugins\mcufinder/ => C:\Users\ACER\.stmcufinder\plugins\mcufinder
2025-09-17 00:05:14,670 [INFO] DbMcusAds:119 - Set database path to: C:\Users\ACER\.stmcufinder\plugins\mcufinder//mcu/
2025-09-17 00:05:14,670 [WARN] DbFile:35 - Overriding database path with different value: C:\Users\ACER\.stmcufinder\plugins\mcufinder/ => C:\Users\ACER\.stmcufinder\plugins\mcufinder
2025-09-17 00:05:14,670 [INFO] DbMcusDocs:110 - Set database path to: C:\Users\ACER\.stmcufinder\plugins\mcufinder//mcu/
2025-09-17 00:05:14,670 [WARN] DbFile:35 - Overriding database path with different value: C:\Users\ACER\.stmcufinder\plugins\mcufinder/ => C:\Users\ACER\.stmcufinder\plugins\mcufinder
2025-09-17 00:05:14,671 [INFO] DbMcusJson:64 - Set database path to: C:\Users\ACER\.stmcufinder\plugins\mcufinder//mcu/
2025-09-17 00:05:14,671 [WARN] DbFile:35 - Overriding database path with different value: C:\Users\ACER\.stmcufinder\plugins\mcufinder/ => C:\Users\ACER\.stmcufinder\plugins\mcufinder
2025-09-17 00:05:14,671 [INFO] DbBoardsDocs:110 - Set database path to: C:\Users\ACER\.stmcufinder\plugins\mcufinder//mcu/
2025-09-17 00:05:14,671 [WARN] DbFile:35 - Overriding database path with different value: C:\Users\ACER\.stmcufinder\plugins\mcufinder/ => C:\Users\ACER\.stmcufinder\plugins\mcufinder
2025-09-17 00:05:14,671 [INFO] DbBoardsJson:57 - Set database path to: C:\Users\ACER\.stmcufinder\plugins\mcufinder//mcu/
2025-09-17 00:05:14,672 [WARN] DbFile:35 - Overriding database path with different value: C:\Users\ACER\.stmcufinder\plugins\mcufinder/ => C:\Users\ACER\.stmcufinder\plugins\mcufinder
2025-09-17 00:05:14,672 [WARN] DbFile:35 - Overriding database path with different value: C:\Users\ACER\.stmcufinder\plugins\mcufinder/ => C:\Users\ACER\.stmcufinder\plugins\mcufinder
2025-09-17 00:05:14,672 [INFO] CrossReferenceDbSqlite:196 - Set database path to: C:\Users\ACER\.stmcufinder\plugins\mcufinder//mcu/cs/
2025-09-17 00:05:14,672 [WARN] DbFile:35 - Overriding database path with different value: C:\Users\ACER\.stmcufinder\plugins\mcufinder/ => C:\Users\ACER\.stmcufinder\plugins\mcufinder
2025-09-17 00:05:14,672 [INFO] DbExamplesSqlite:767 - Set database path to: C:\Users\ACER\.stmcufinder\plugins\mcufinder//mcu/
2025-09-17 00:05:14,695 [INFO] ApplicationProperties:181 - Using Application install path: D:\STM32CubeIDE_1.7.0\STM32CubeIDE\plugins\com.st.stm32cube.common.mx_6.3.0.202107141111
2025-09-17 00:05:14,697 [INFO] PluginManage:188 - Search for loadable plugins [exclusion list=, ]
2025-09-17 00:05:14,699 [INFO] PluginManage:302 - Check plugin analytics
2025-09-17 00:05:14,909 [INFO] AnalyticsPlugin:257 - Accepted Software Licenses: 
2025-09-17 00:05:14,909 [INFO] AnalyticsPlugin:259 - Accepted CMSIS Pack Licenses: 
2025-09-17 00:05:14,911 [INFO] AnalyticsPlugin:261 - Accepted Firmware Licenses: 
2025-09-17 00:05:14,911 [INFO] PluginManage:352 - Loaded plugin analytics (category:tool,tabindex:-1)
2025-09-17 00:05:14,911 [INFO] PluginManage:302 - Check plugin clock
2025-09-17 00:05:14,949 [INFO] PluginManage:352 - Loaded plugin clock (category:base,tabindex:2)
2025-09-17 00:05:14,950 [INFO] PluginManage:302 - Check plugin ddr
2025-09-17 00:05:14,953 [INFO] PluginManage:352 - Loaded plugin ddr (category:tool,tabindex:6)
2025-09-17 00:05:14,953 [INFO] PluginManage:302 - Check plugin filemanager
2025-09-17 00:05:15,133 [INFO] PluginManage:352 - Loaded plugin filemanager (category:base,tabindex:10)
2025-09-17 00:05:15,133 [INFO] PluginManage:302 - Check plugin ipmanager
2025-09-17 00:05:15,145 [INFO] PluginManage:352 - Loaded plugin ipmanager (category:base,tabindex:5)
2025-09-17 00:05:15,145 [INFO] PluginManage:302 - Check plugin pinoutandconfiguration
2025-09-17 00:05:15,174 [INFO] PluginManage:352 - Loaded plugin pinoutandconfiguration (category:base,tabindex:1)
2025-09-17 00:05:15,174 [INFO] PluginManage:302 - Check plugin pinoutconfig
2025-09-17 00:05:15,232 [INFO] PluginManage:352 - Loaded plugin pinoutconfig (category:base,tabindex:0)
2025-09-17 00:05:15,233 [INFO] PluginManage:302 - Check plugin power
2025-09-17 00:05:15,268 [INFO] PluginManage:352 - Loaded plugin power (category:power,tabindex:4)
2025-09-17 00:05:15,268 [INFO] PluginManage:302 - Check plugin projectmanager
2025-09-17 00:05:15,289 [INFO] PluginManage:352 - Loaded plugin projectmanager (category:projectmanager,tabindex:3)
2025-09-17 00:05:15,289 [INFO] PluginManage:302 - Check plugin thirdparty
2025-09-17 00:05:15,721 [WARN] IntegrityCheckThread:78 - waiting for thirdparty lock release [integrity check]
2025-09-17 00:05:15,722 [INFO] PluginManage:352 - Loaded plugin thirdparty (category:base,tabindex:-1)
2025-09-17 00:05:15,722 [INFO] IntegrityCheckThread:80 - entering critical section [integrity check]
2025-09-17 00:05:15,723 [INFO] PluginManage:302 - Check plugin tools
2025-09-17 00:05:15,723 [INFO] ThirdPartyUpdaterWithRetryManager:66 - Updater plugin not ready yet. [1/15]
2025-09-17 00:05:15,859 [INFO] PluginManage:352 - Loaded plugin tools (category:base,tabindex:7)
2025-09-17 00:05:15,860 [INFO] PluginManage:302 - Check plugin tutovideos
2025-09-17 00:05:16,210 [INFO] PluginManage:352 - Loaded plugin tutovideos (category:base,tabindex:-1)
2025-09-17 00:05:16,210 [INFO] PluginManage:302 - Check plugin updater
2025-09-17 00:05:16,229 [INFO] PluginManage:352 - Loaded plugin updater (category:base,tabindex:12)
2025-09-17 00:05:16,230 [INFO] PluginManage:275 - PluginManage : Loaded plugins [13]
2025-09-17 00:05:16,469 [INFO] PinOutPanel:1463 - setPackage(No Configuration,No Configuration)
2025-09-17 00:05:16,609 [INFO] IPUIPlugin:74 - create IPUIPlugin
2025-09-17 00:05:16,610 [INFO] PluginManager:213 - loadIPPluginJar : add adc
2025-09-17 00:05:16,702 [INFO] IPUIPlugin:74 - create IPUIPlugin
2025-09-17 00:05:16,702 [INFO] PluginManager:213 - loadIPPluginJar : add aes
2025-09-17 00:05:16,803 [INFO] IPUIPlugin:74 - create IPUIPlugin
2025-09-17 00:05:16,803 [INFO] PluginManager:213 - loadIPPluginJar : add can
2025-09-17 00:05:16,875 [INFO] IPUIPlugin:74 - create IPUIPlugin
2025-09-17 00:05:16,875 [INFO] PluginManager:213 - loadIPPluginJar : add comp
2025-09-17 00:05:16,958 [INFO] IPUIPlugin:74 - create IPUIPlugin
2025-09-17 00:05:16,958 [INFO] PluginManager:213 - loadIPPluginJar : add cryp
2025-09-17 00:05:17,044 [INFO] IPUIPlugin:74 - create IPUIPlugin
2025-09-17 00:05:17,045 [INFO] PluginManager:213 - loadIPPluginJar : add dfsdm
2025-09-17 00:05:17,072 [INFO] IPUIPlugin:74 - create IPUIPlugin
2025-09-17 00:05:17,073 [INFO] PluginManager:213 - loadIPPluginJar : add dma
2025-09-17 00:05:17,183 [INFO] IPUIPlugin:74 - create IPUIPlugin
2025-09-17 00:05:17,183 [INFO] PluginManager:213 - loadIPPluginJar : add dma3
2025-09-17 00:05:17,252 [INFO] IPUIPlugin:74 - create IPUIPlugin
2025-09-17 00:05:17,252 [INFO] PluginManager:213 - loadIPPluginJar : add fatfs
2025-09-17 00:05:17,370 [INFO] IPUIPlugin:74 - create IPUIPlugin
2025-09-17 00:05:17,370 [INFO] PluginManager:213 - loadIPPluginJar : add fmc
2025-09-17 00:05:17,399 [INFO] IPUIPlugin:74 - create IPUIPlugin
2025-09-17 00:05:17,400 [INFO] PluginManager:213 - loadIPPluginJar : add freertos
2025-09-17 00:05:17,466 [INFO] IPUIPlugin:74 - create IPUIPlugin
2025-09-17 00:05:17,466 [INFO] PluginManager:213 - loadIPPluginJar : add genericplugin
2025-09-17 00:05:17,669 [INFO] IPUIPlugin:74 - create IPUIPlugin
2025-09-17 00:05:17,670 [INFO] PluginManager:213 - loadIPPluginJar : add gfxmmu
2025-09-17 00:05:17,989 [INFO] IPUIPlugin:74 - create IPUIPlugin
2025-09-17 00:05:17,990 [INFO] PluginManager:213 - loadIPPluginJar : add gic
2025-09-17 00:05:18,013 [INFO] IPUIPlugin:74 - create IPUIPlugin
2025-09-17 00:05:18,013 [INFO] PluginManager:213 - loadIPPluginJar : add gpio
2025-09-17 00:05:18,199 [INFO] IPUIPlugin:74 - create IPUIPlugin
2025-09-17 00:05:18,199 [INFO] PluginManager:213 - loadIPPluginJar : add gtzc
2025-09-17 00:05:18,296 [INFO] IPUIPlugin:74 - create IPUIPlugin
2025-09-17 00:05:18,297 [INFO] PluginManager:213 - loadIPPluginJar : add hash
2025-09-17 00:05:18,450 [INFO] IPUIPlugin:74 - create IPUIPlugin
2025-09-17 00:05:18,450 [INFO] PluginManager:213 - loadIPPluginJar : add i2c
2025-09-17 00:05:18,561 [INFO] IPUIPlugin:74 - create IPUIPlugin
2025-09-17 00:05:18,561 [INFO] PluginManager:213 - loadIPPluginJar : add i2s
2025-09-17 00:05:18,586 [INFO] IPUIPlugin:74 - create IPUIPlugin
2025-09-17 00:05:18,586 [INFO] PluginManager:213 - loadIPPluginJar : add ipddr
2025-09-17 00:05:18,727 [INFO] ThirdPartyUpdaterWithRetryManager:66 - Updater plugin not ready yet. [2/15]
2025-09-17 00:05:18,798 [INFO] IPUIPlugin:74 - create IPUIPlugin
2025-09-17 00:05:18,798 [INFO] PluginManager:213 - loadIPPluginJar : add linkedlist
2025-09-17 00:05:18,903 [INFO] IPUIPlugin:74 - create IPUIPlugin
2025-09-17 00:05:18,904 [INFO] PluginManager:213 - loadIPPluginJar : add lorawan
2025-09-17 00:05:18,993 [INFO] IPUIPlugin:74 - create IPUIPlugin
2025-09-17 00:05:18,993 [INFO] PluginManager:213 - loadIPPluginJar : add ltdc
2025-09-17 00:05:19,015 [INFO] IPUIPlugin:74 - create IPUIPlugin
2025-09-17 00:05:19,016 [INFO] PluginManager:213 - loadIPPluginJar : add mdma
2025-09-17 00:05:19,036 [INFO] IPUIPlugin:74 - create IPUIPlugin
2025-09-17 00:05:19,037 [INFO] PluginManager:213 - loadIPPluginJar : add nvic
2025-09-17 00:05:19,139 [INFO] IPUIPlugin:74 - create IPUIPlugin
2025-09-17 00:05:19,139 [INFO] PluginManager:213 - loadIPPluginJar : add opamp
2025-09-17 00:05:19,300 [INFO] IPUIPlugin:74 - create IPUIPlugin
2025-09-17 00:05:19,301 [INFO] PluginManager:213 - loadIPPluginJar : add openamp
2025-09-17 00:05:19,415 [INFO] IPUIPlugin:74 - create IPUIPlugin
2025-09-17 00:05:19,415 [INFO] PluginManager:213 - loadIPPluginJar : add pdm2pcm
2025-09-17 00:05:19,442 [INFO] IPUIPlugin:74 - create IPUIPlugin
2025-09-17 00:05:19,446 [INFO] PluginManager:213 - loadIPPluginJar : add plateformsettings
2025-09-17 00:05:19,517 [INFO] IPUIPlugin:74 - create IPUIPlugin
2025-09-17 00:05:19,518 [INFO] PluginManager:213 - loadIPPluginJar : add quadspi
2025-09-17 00:05:19,543 [INFO] IPUIPlugin:74 - create IPUIPlugin
2025-09-17 00:05:19,543 [INFO] PluginManager:213 - loadIPPluginJar : add resmgrutility
2025-09-17 00:05:19,655 [INFO] IPUIPlugin:74 - create IPUIPlugin
2025-09-17 00:05:19,655 [INFO] PluginManager:213 - loadIPPluginJar : add sai
2025-09-17 00:05:19,755 [INFO] IPUIPlugin:74 - create IPUIPlugin
2025-09-17 00:05:19,756 [INFO] PluginManager:213 - loadIPPluginJar : add spi
2025-09-17 00:05:19,881 [INFO] IPUIPlugin:74 - create IPUIPlugin
2025-09-17 00:05:19,881 [INFO] PluginManager:213 - loadIPPluginJar : add stm32_wpan
2025-09-17 00:05:19,958 [INFO] IPUIPlugin:74 - create IPUIPlugin
2025-09-17 00:05:19,959 [INFO] PluginManager:213 - loadIPPluginJar : add tim
2025-09-17 00:05:20,092 [INFO] IPUIPlugin:74 - create IPUIPlugin
2025-09-17 00:05:20,092 [INFO] PluginManager:213 - loadIPPluginJar : add touchsensing
2025-09-17 00:05:20,164 [INFO] IPUIPlugin:74 - create IPUIPlugin
2025-09-17 00:05:20,164 [INFO] PluginManager:213 - loadIPPluginJar : add tracer_emb
2025-09-17 00:05:20,238 [INFO] IPUIPlugin:74 - create IPUIPlugin
2025-09-17 00:05:20,239 [INFO] PluginManager:213 - loadIPPluginJar : add ts
2025-09-17 00:05:20,306 [INFO] IPUIPlugin:74 - create IPUIPlugin
2025-09-17 00:05:20,307 [INFO] PluginManager:213 - loadIPPluginJar : add tsc
2025-09-17 00:05:20,377 [INFO] IPUIPlugin:74 - create IPUIPlugin
2025-09-17 00:05:20,377 [INFO] PluginManager:213 - loadIPPluginJar : add ucpd
2025-09-17 00:05:20,485 [INFO] IPUIPlugin:74 - create IPUIPlugin
2025-09-17 00:05:20,485 [INFO] PluginManager:213 - loadIPPluginJar : add usart
2025-09-17 00:05:20,595 [INFO] IPUIPlugin:74 - create IPUIPlugin
2025-09-17 00:05:20,596 [INFO] PluginManager:213 - loadIPPluginJar : add usbx
2025-09-17 00:05:20,992 [FATAL] Updater:294 - Updater called before beeing initialized
2025-09-17 00:05:21,138 [FATAL] Updater:294 - Updater called before beeing initialized
2025-09-17 00:05:21,156 [INFO] DbMcusAds:47 - JSON generation date=Tue Jul 08 15:14:23 ICT 2025 (1751962463582)
2025-09-17 00:05:21,156 [FATAL] Updater:294 - Updater called before beeing initialized
2025-09-17 00:05:21,272 [WARN] DetailPanel:314 - Failed to get advertising image, set to default
2025-09-17 00:05:21,404 [FATAL] Updater:294 - Updater called before beeing initialized
2025-09-17 00:05:21,406 [FATAL] Updater:294 - Updater called before beeing initialized
2025-09-17 00:05:21,408 [FATAL] Updater:294 - Updater called before beeing initialized
2025-09-17 00:05:21,408 [WARN] DetailPanel:314 - Failed to get advertising image, set to default
2025-09-17 00:05:21,409 [FATAL] Updater:294 - Updater called before beeing initialized
2025-09-17 00:05:21,488 [ERROR] Updater:1075 - MainUpdater not yet initialized. External WinMGr cannot be set.
2025-09-17 00:05:21,505 [INFO] Updater:1012 - Updater Version found : 6.3.0
2025-09-17 00:05:21,533 [INFO] ApplicationProperties:181 - Using Application install path: D:\STM32CubeIDE_1.7.0\STM32CubeIDE\plugins\com.st.stm32cube.common.mx_6.3.0.202107141111
2025-09-17 00:05:21,741 [INFO] ThirdPartyUpdaterWithRetryManager:66 - Updater plugin not ready yet. [3/15]
2025-09-17 00:05:22,423 [INFO] MainUpdater:2671 - connection check result : 10
2025-09-17 00:05:22,425 [INFO] MainUpdater:265 - Updater Check For Update Now.
2025-09-17 00:05:22,425 [INFO] MicroXplorer:478 - Change Database Version : DB.6.0.30
2025-09-17 00:05:22,623 [INFO] CheckServerUpdateThread:112 - End of CheckServer Thread
2025-09-17 00:05:22,681 [INFO] MainUpdater:2671 - connection check result : 10
2025-09-17 00:05:22,697 [INFO] MainUpdater:2671 - connection check result : 10
2025-09-17 00:05:23,201 [INFO] MicroXplorer:448 - Change Database Path : 
2025-09-17 00:05:23,202 [INFO] MicroXplorer:478 - Change Database Version : DB.6.0.30
2025-09-17 00:05:23,203 [WARN] ThirdParty:813 - waiting for thirdparty lock release [close project]
2025-09-17 00:05:24,806 [INFO] ThirdParty:915 - Integrity check success = true
2025-09-17 00:05:24,807 [INFO] IntegrityCheckThread:94 - exiting critical section [integrity check]
2025-09-17 00:05:24,807 [INFO] IntegrityCheckThread:97 - End integrity checks thread
2025-09-17 00:05:24,807 [INFO] ThirdParty:815 - entering critical section [close project]
2025-09-17 00:05:24,808 [INFO] ThirdParty:825 - exiting critical section [close project]
2025-09-17 00:05:24,813 [INFO] PinOutPanel:1463 - setPackage(No Configuration,No Configuration)
2025-09-17 00:05:24,815 [INFO] UtilMem:74 - Begin LoadConfig() Used Memory: 949225808 Bytes (1002438656)
2025-09-17 00:05:24,816 [INFO] MicroXplorer:448 - Change Database Path : 
2025-09-17 00:05:24,817 [INFO] MicroXplorer:478 - Change Database Version : DB.6.0.30
2025-09-17 00:05:24,817 [INFO] OpenFileManager:313 - Change cursor
2025-09-17 00:05:26,008 [INFO] Context:592 - Trying to add GPIOservice into a context  which must be forbidden
2025-09-17 00:05:26,348 [INFO] RtosManager:484 - Registered RTOS mode: class=CMSIS, group=RTOS, mode=CMSIS_V1, owner=FREERTOS
2025-09-17 00:05:26,348 [INFO] RtosManager:484 - Registered RTOS mode: class=CMSIS, group=RTOS2, mode=CMSIS_V2, owner=FREERTOS
2025-09-17 00:05:26,348 [INFO] RtosManager:484 - Registered RTOS mode: class=RTOS, group=Core, mode=CMSIS_V1, owner=FREERTOS
2025-09-17 00:05:26,348 [INFO] RtosManager:484 - Registered RTOS mode: class=RTOS, group=Core, mode=CMSIS_V2, owner=FREERTOS
2025-09-17 00:05:26,348 [WARN] ModelIntegratedComponent:181 - Missing modes for component STMicroelectronics:FreeRTOS:0.0.1:STMicroelectronics:RTOS:FreeRTOS:Core:::10.2.0:
2025-09-17 00:05:26,352 [WARN] ModelIntegratedComponent:60 - No mode defined for component null
2025-09-17 00:05:26,352 [WARN] ModelIntegratedComponent:60 - No mode defined for component null
2025-09-17 00:05:26,352 [WARN] ModelIntegratedComponent:60 - No mode defined for component null
2025-09-17 00:05:26,352 [WARN] ModelIntegratedComponent:60 - No mode defined for component null
2025-09-17 00:05:26,352 [WARN] ModelIntegratedComponent:60 - No mode defined for component null
2025-09-17 00:05:26,354 [WARN] ModelIntegratedComponent:60 - No mode defined for component null
2025-09-17 00:05:26,354 [WARN] ModelIntegratedComponent:60 - No mode defined for component null
2025-09-17 00:05:26,354 [WARN] ModelIntegratedComponent:60 - No mode defined for component null
2025-09-17 00:05:26,355 [WARN] ModelIntegratedComponent:60 - No mode defined for component null
2025-09-17 00:05:26,355 [WARN] ModelIntegratedComponent:60 - No mode defined for component null
2025-09-17 00:05:26,355 [WARN] ModelIntegratedComponent:60 - No mode defined for component null
2025-09-17 00:05:26,355 [WARN] ModelIntegratedComponent:60 - No mode defined for component null
2025-09-17 00:05:26,355 [WARN] ModelIntegratedComponent:60 - No mode defined for component null
2025-09-17 00:05:26,355 [WARN] ModelIntegratedComponent:60 - No mode defined for component null
2025-09-17 00:05:26,355 [WARN] ModelIntegratedComponent:60 - No mode defined for component null
2025-09-17 00:05:26,355 [WARN] ModelIntegratedComponent:60 - No mode defined for component null
2025-09-17 00:05:26,355 [WARN] ModelIntegratedComponent:60 - No mode defined for component null
2025-09-17 00:05:26,356 [WARN] ModelIntegratedComponent:60 - No mode defined for component null
2025-09-17 00:05:26,356 [WARN] ModelIntegratedComponent:60 - No mode defined for component null
2025-09-17 00:05:26,356 [WARN] ModelIntegratedComponent:60 - No mode defined for component null
2025-09-17 00:05:26,356 [WARN] ModelIntegratedComponent:60 - No mode defined for component null
2025-09-17 00:05:26,356 [WARN] ModelIntegratedComponent:60 - No mode defined for component null
2025-09-17 00:05:26,356 [WARN] ModelIntegratedComponent:60 - No mode defined for component null
2025-09-17 00:05:26,356 [WARN] ModelIntegratedComponent:60 - No mode defined for component null
2025-09-17 00:05:26,356 [WARN] ModelIntegratedComponent:60 - No mode defined for component null
2025-09-17 00:05:26,357 [WARN] ModelIntegratedComponent:60 - No mode defined for component null
2025-09-17 00:05:26,357 [WARN] ModelIntegratedComponent:60 - No mode defined for component null
2025-09-17 00:05:26,357 [WARN] ModelIntegratedComponent:60 - No mode defined for component null
2025-09-17 00:05:26,357 [WARN] ModelIntegratedComponent:60 - No mode defined for component null
2025-09-17 00:05:26,357 [WARN] ModelIntegratedComponent:60 - No mode defined for component null
2025-09-17 00:05:26,357 [WARN] ModelIntegratedComponent:60 - No mode defined for component null
2025-09-17 00:05:26,485 [INFO] UtilMem:74 - End LoadConfig() Used Memory: 903995528 Bytes (1002438656)
2025-09-17 00:05:26,486 [INFO] DbMcusXml:100 - Load MCU database from D:\STM32CubeIDE_1.7.0\STM32CubeIDE\plugins\com.st.stm32cube.common.mx_6.3.0.202107141111\\db\/mcu/families.xml
2025-09-17 00:05:27,901 [INFO] DbMcusJson:93 - JSON generation date=Tue Nov 16 23:17:54 ICT 2021 (1637079474)
2025-09-17 00:05:28,731 [INFO] DbMcus:175 - Found 1951 MCUs (1903 are supported by CubeMX, 1914 are visible in CubeMX)
2025-09-17 00:05:28,732 [INFO] ApiDb:251 - Load user favorites file C:\Users\ACER/.stm32cubeide/favorites.mcus.txt: 0 item(s)
2025-09-17 00:05:28,733 [INFO] ApiDb:255 - User favorites MCUs=[]
2025-09-17 00:05:28,733 [INFO] DbMcus:187 - Set 0 / 0 favorites MCUs
2025-09-17 00:05:28,749 [WARN] ThirdParty:779 - waiting for thirdparty lock release [change project]
2025-09-17 00:05:28,749 [INFO] ThirdParty:781 - entering critical section [change project]
2025-09-17 00:05:28,749 [INFO] ThirdParty:967 - CMSIS Pack Vendor :STMicroelectronics USB_HOST 2.0.0
2025-09-17 00:05:28,749 [INFO] ThirdParty:967 - CMSIS Pack Vendor :STMicroelectronics FreeRTOS 0.0.1
2025-09-17 00:05:28,749 [INFO] ThirdParty:967 - CMSIS Pack Vendor :STMicroelectronics USB_DEVICE 1.0.0
2025-09-17 00:05:28,749 [INFO] ThirdParty:967 - CMSIS Pack Vendor :STMicroelectronics USB_DEVICE 3.0.0
2025-09-17 00:05:28,749 [INFO] ThirdParty:967 - CMSIS Pack Vendor :STMicroelectronics HAL Drivers 0.0.0
2025-09-17 00:05:28,751 [INFO] ThirdParty:967 - CMSIS Pack Vendor :STMicroelectronics MBEDTLS 2.16.2
2025-09-17 00:05:28,751 [INFO] ThirdParty:967 - CMSIS Pack Vendor :STMicroelectronics ThreadX 0.0.2
2025-09-17 00:05:28,751 [INFO] ThirdParty:967 - CMSIS Pack Vendor :STMicroelectronics lwIP 2.0.3
2025-09-17 00:05:28,751 [INFO] ThirdParty:967 - CMSIS Pack Vendor :STMicroelectronics lwIP 2.1.2
2025-09-17 00:05:28,751 [INFO] ThirdParty:967 - CMSIS Pack Vendor :STMicroelectronics MBEDTLS 2.14.1
2025-09-17 00:05:28,751 [INFO] ThirdParty:967 - CMSIS Pack Vendor :STMicroelectronics USB_HOST 1.0.0
2025-09-17 00:05:28,751 [INFO] ThirdParty:967 - CMSIS Pack Vendor :STMicroelectronics PDM2PCM 3.1.0
2025-09-17 00:05:28,751 [INFO] ThirdParty:967 - CMSIS Pack Vendor :STMicroelectronics PDM2PCM 3.2.0
2025-09-17 00:05:28,751 [INFO] ThirdParty:967 - CMSIS Pack Vendor :STMicroelectronics USB_DEVICE 2.0.0
2025-09-17 00:05:28,751 [INFO] ThirdParty:967 - CMSIS Pack Vendor :STMicroelectronics PDM2PCM 3.3.0
2025-09-17 00:05:28,751 [INFO] ThirdParty:787 - exiting critical section [change project]
2025-09-17 00:05:29,201 [INFO] PinOutPanel:1463 - setPackage(No Configuration,No Configuration)
2025-09-17 00:05:29,202 [INFO] PinOutPanel:1463 - setPackage(STM32F103C6Ux,UFQFPN48)
2025-09-17 00:05:29,748 [INFO] UtilMem:74 - Before build in PCC Used Memory: 931549928 Bytes (1073741824)
2025-09-17 00:05:30,652 [INFO] UtilMem:74 - After build in PCC Used Memory: 959695552 Bytes (1073741824)
2025-09-17 00:05:30,680 [INFO] IPUIPlugin:74 - create IPUIPlugin
2025-09-17 00:05:30,680 [INFO] IPUIPlugin:74 - create IPUIPlugin
2025-09-17 00:05:30,680 [INFO] IPUIPlugin:74 - create IPUIPlugin
2025-09-17 00:05:30,681 [INFO] IPUIPlugin:74 - create IPUIPlugin
2025-09-17 00:05:30,681 [INFO] IPUIPlugin:74 - create IPUIPlugin
2025-09-17 00:05:30,681 [INFO] IPUIPlugin:74 - create IPUIPlugin
2025-09-17 00:05:30,681 [INFO] IPUIPlugin:74 - create IPUIPlugin
2025-09-17 00:05:30,681 [INFO] IPUIPlugin:74 - create IPUIPlugin
2025-09-17 00:05:30,681 [INFO] IPUIPlugin:74 - create IPUIPlugin
2025-09-17 00:05:30,683 [INFO] IPUIPlugin:74 - create IPUIPlugin
2025-09-17 00:05:30,683 [INFO] IPUIPlugin:74 - create IPUIPlugin
2025-09-17 00:05:30,683 [INFO] IPUIPlugin:74 - create IPUIPlugin
2025-09-17 00:05:30,684 [INFO] IPUIPlugin:74 - create IPUIPlugin
2025-09-17 00:05:30,684 [INFO] IPUIPlugin:74 - create IPUIPlugin
2025-09-17 00:05:30,696 [INFO] IPUIPlugin:74 - create IPUIPlugin
2025-09-17 00:05:30,697 [INFO] IPUIPlugin:74 - create IPUIPlugin
2025-09-17 00:05:30,697 [INFO] IPUIPlugin:74 - create IPUIPlugin
2025-09-17 00:05:30,697 [INFO] IPUIPlugin:74 - create IPUIPlugin
2025-09-17 00:05:30,697 [INFO] IPUIPlugin:74 - create IPUIPlugin
2025-09-17 00:05:30,699 [INFO] IPUIPlugin:74 - create IPUIPlugin
2025-09-17 00:05:30,699 [INFO] IPUIPlugin:74 - create IPUIPlugin
2025-09-17 00:05:30,699 [INFO] IPUIPlugin:74 - create IPUIPlugin
2025-09-17 00:05:30,700 [INFO] IPUIPlugin:74 - create IPUIPlugin
2025-09-17 00:05:30,853 [INFO] OpenFileManager:333 - Restore cursor
2025-09-17 00:05:46,274 [INFO] MainUpdater:2671 - connection check result : 10
2025-09-17 00:05:46,274 [INFO] MainUpdater:2671 - connection check result : 10
2025-09-17 00:05:46,566 [INFO] MicroXplorer:448 - Change Database Path : 
2025-09-17 00:05:46,568 [INFO] MicroXplorer:478 - Change Database Version : DB.6.0.30
2025-09-17 00:05:46,568 [WARN] ThirdParty:813 - waiting for thirdparty lock release [close project]
2025-09-17 00:05:46,568 [INFO] ThirdParty:815 - entering critical section [close project]
2025-09-17 00:05:46,568 [INFO] ThirdParty:825 - exiting critical section [close project]
2025-09-17 00:05:46,569 [INFO] PinOutPanel:1463 - setPackage(No Configuration,No Configuration)
2025-09-17 00:05:46,579 [INFO] UtilMem:74 - Begin LoadConfig() Used Memory: 891639776 Bytes (1073741824)
2025-09-17 00:05:46,580 [INFO] MicroXplorer:448 - Change Database Path : 
2025-09-17 00:05:46,580 [INFO] MicroXplorer:478 - Change Database Version : DB.6.0.30
2025-09-17 00:05:46,580 [INFO] OpenFileManager:313 - Change cursor
2025-09-17 00:05:47,202 [INFO] Context:592 - Trying to add GPIOservice into a context  which must be forbidden
2025-09-17 00:05:47,361 [INFO] RtosManager:484 - Registered RTOS mode: class=CMSIS, group=RTOS, mode=CMSIS_V1, owner=FREERTOS
2025-09-17 00:05:47,362 [INFO] RtosManager:484 - Registered RTOS mode: class=CMSIS, group=RTOS2, mode=CMSIS_V2, owner=FREERTOS
2025-09-17 00:05:47,362 [INFO] RtosManager:484 - Registered RTOS mode: class=RTOS, group=Core, mode=CMSIS_V1, owner=FREERTOS
2025-09-17 00:05:47,362 [INFO] RtosManager:484 - Registered RTOS mode: class=RTOS, group=Core, mode=CMSIS_V2, owner=FREERTOS
2025-09-17 00:05:47,362 [WARN] ModelIntegratedComponent:181 - Missing modes for component STMicroelectronics:FreeRTOS:0.0.1:STMicroelectronics:RTOS:FreeRTOS:Core:::10.2.0:
2025-09-17 00:05:47,363 [WARN] ModelIntegratedComponent:60 - No mode defined for component null
2025-09-17 00:05:47,363 [WARN] ModelIntegratedComponent:60 - No mode defined for component null
2025-09-17 00:05:47,363 [WARN] ModelIntegratedComponent:60 - No mode defined for component null
2025-09-17 00:05:47,363 [WARN] ModelIntegratedComponent:60 - No mode defined for component null
2025-09-17 00:05:47,363 [WARN] ModelIntegratedComponent:60 - No mode defined for component null
2025-09-17 00:05:47,363 [WARN] ModelIntegratedComponent:60 - No mode defined for component null
2025-09-17 00:05:47,364 [WARN] ModelIntegratedComponent:60 - No mode defined for component null
2025-09-17 00:05:47,364 [WARN] ModelIntegratedComponent:60 - No mode defined for component null
2025-09-17 00:05:47,364 [WARN] ModelIntegratedComponent:60 - No mode defined for component null
2025-09-17 00:05:47,364 [WARN] ModelIntegratedComponent:60 - No mode defined for component null
2025-09-17 00:05:47,364 [WARN] ModelIntegratedComponent:60 - No mode defined for component null
2025-09-17 00:05:47,364 [WARN] ModelIntegratedComponent:60 - No mode defined for component null
2025-09-17 00:05:47,364 [WARN] ModelIntegratedComponent:60 - No mode defined for component null
2025-09-17 00:05:47,364 [WARN] ModelIntegratedComponent:60 - No mode defined for component null
2025-09-17 00:05:47,364 [WARN] ModelIntegratedComponent:60 - No mode defined for component null
2025-09-17 00:05:47,364 [WARN] ModelIntegratedComponent:60 - No mode defined for component null
2025-09-17 00:05:47,364 [WARN] ModelIntegratedComponent:60 - No mode defined for component null
2025-09-17 00:05:47,365 [WARN] ModelIntegratedComponent:60 - No mode defined for component null
2025-09-17 00:05:47,365 [WARN] ModelIntegratedComponent:60 - No mode defined for component null
2025-09-17 00:05:47,365 [WARN] ModelIntegratedComponent:60 - No mode defined for component null
2025-09-17 00:05:47,365 [WARN] ModelIntegratedComponent:60 - No mode defined for component null
2025-09-17 00:05:47,365 [WARN] ModelIntegratedComponent:60 - No mode defined for component null
2025-09-17 00:05:47,365 [WARN] ModelIntegratedComponent:60 - No mode defined for component null
2025-09-17 00:05:47,365 [WARN] ModelIntegratedComponent:60 - No mode defined for component null
2025-09-17 00:05:47,365 [WARN] ModelIntegratedComponent:60 - No mode defined for component null
2025-09-17 00:05:47,365 [WARN] ModelIntegratedComponent:60 - No mode defined for component null
2025-09-17 00:05:47,365 [WARN] ModelIntegratedComponent:60 - No mode defined for component null
2025-09-17 00:05:47,365 [WARN] ModelIntegratedComponent:60 - No mode defined for component null
2025-09-17 00:05:47,366 [WARN] ModelIntegratedComponent:60 - No mode defined for component null
2025-09-17 00:05:47,366 [WARN] ModelIntegratedComponent:60 - No mode defined for component null
2025-09-17 00:05:47,366 [WARN] ModelIntegratedComponent:60 - No mode defined for component null
2025-09-17 00:05:47,490 [INFO] UtilMem:74 - End LoadConfig() Used Memory: 915443080 Bytes (1073741824)
2025-09-17 00:05:47,491 [WARN] ThirdParty:779 - waiting for thirdparty lock release [change project]
2025-09-17 00:05:47,491 [INFO] ThirdParty:781 - entering critical section [change project]
2025-09-17 00:05:47,491 [INFO] ThirdParty:967 - CMSIS Pack Vendor :STMicroelectronics USB_HOST 2.0.0
2025-09-17 00:05:47,491 [INFO] ThirdParty:967 - CMSIS Pack Vendor :STMicroelectronics FreeRTOS 0.0.1
2025-09-17 00:05:47,491 [INFO] ThirdParty:967 - CMSIS Pack Vendor :STMicroelectronics USB_DEVICE 1.0.0
2025-09-17 00:05:47,491 [INFO] ThirdParty:967 - CMSIS Pack Vendor :STMicroelectronics USB_DEVICE 3.0.0
2025-09-17 00:05:47,492 [INFO] ThirdParty:967 - CMSIS Pack Vendor :STMicroelectronics HAL Drivers 0.0.0
2025-09-17 00:05:47,492 [INFO] ThirdParty:967 - CMSIS Pack Vendor :STMicroelectronics MBEDTLS 2.16.2
2025-09-17 00:05:47,492 [INFO] ThirdParty:967 - CMSIS Pack Vendor :STMicroelectronics ThreadX 0.0.2
2025-09-17 00:05:47,492 [INFO] ThirdParty:967 - CMSIS Pack Vendor :STMicroelectronics lwIP 2.0.3
2025-09-17 00:05:47,492 [INFO] ThirdParty:967 - CMSIS Pack Vendor :STMicroelectronics lwIP 2.1.2
2025-09-17 00:05:47,492 [INFO] ThirdParty:967 - CMSIS Pack Vendor :STMicroelectronics MBEDTLS 2.14.1
2025-09-17 00:05:47,492 [INFO] ThirdParty:967 - CMSIS Pack Vendor :STMicroelectronics USB_HOST 1.0.0
2025-09-17 00:05:47,492 [INFO] ThirdParty:967 - CMSIS Pack Vendor :STMicroelectronics PDM2PCM 3.1.0
2025-09-17 00:05:47,492 [INFO] ThirdParty:967 - CMSIS Pack Vendor :STMicroelectronics PDM2PCM 3.2.0
2025-09-17 00:05:47,493 [INFO] ThirdParty:967 - CMSIS Pack Vendor :STMicroelectronics USB_DEVICE 2.0.0
2025-09-17 00:05:47,493 [INFO] ThirdParty:967 - CMSIS Pack Vendor :STMicroelectronics PDM2PCM 3.3.0
2025-09-17 00:05:47,493 [INFO] ThirdParty:787 - exiting critical section [change project]
2025-09-17 00:05:47,608 [INFO] PinOutPanel:1463 - setPackage(No Configuration,No Configuration)
2025-09-17 00:05:47,608 [INFO] PinOutPanel:1463 - setPackage(STM32F103C6Ux,UFQFPN48)
2025-09-17 00:05:47,859 [INFO] UtilMem:74 - Before build in PCC Used Memory: 892057152 Bytes (1073741824)
2025-09-17 00:05:48,190 [INFO] UtilMem:74 - After build in PCC Used Memory: 901112672 Bytes (1073741824)
2025-09-17 00:05:48,207 [INFO] IPUIPlugin:74 - create IPUIPlugin
2025-09-17 00:05:48,208 [INFO] IPUIPlugin:74 - create IPUIPlugin
2025-09-17 00:05:48,208 [INFO] IPUIPlugin:74 - create IPUIPlugin
2025-09-17 00:05:48,208 [INFO] IPUIPlugin:74 - create IPUIPlugin
2025-09-17 00:05:48,208 [INFO] IPUIPlugin:74 - create IPUIPlugin
2025-09-17 00:05:48,208 [INFO] IPUIPlugin:74 - create IPUIPlugin
2025-09-17 00:05:48,208 [INFO] IPUIPlugin:74 - create IPUIPlugin
2025-09-17 00:05:48,208 [INFO] IPUIPlugin:74 - create IPUIPlugin
2025-09-17 00:05:48,208 [INFO] IPUIPlugin:74 - create IPUIPlugin
2025-09-17 00:05:48,210 [INFO] IPUIPlugin:74 - create IPUIPlugin
2025-09-17 00:05:48,210 [INFO] IPUIPlugin:74 - create IPUIPlugin
2025-09-17 00:05:48,211 [INFO] IPUIPlugin:74 - create IPUIPlugin
2025-09-17 00:05:48,211 [INFO] IPUIPlugin:74 - create IPUIPlugin
2025-09-17 00:05:48,212 [INFO] IPUIPlugin:74 - create IPUIPlugin
2025-09-17 00:05:48,212 [INFO] IPUIPlugin:74 - create IPUIPlugin
2025-09-17 00:05:48,212 [INFO] IPUIPlugin:74 - create IPUIPlugin
2025-09-17 00:05:48,212 [INFO] IPUIPlugin:74 - create IPUIPlugin
2025-09-17 00:05:48,212 [INFO] IPUIPlugin:74 - create IPUIPlugin
2025-09-17 00:05:48,214 [INFO] IPUIPlugin:74 - create IPUIPlugin
2025-09-17 00:05:48,215 [INFO] IPUIPlugin:74 - create IPUIPlugin
2025-09-17 00:05:48,215 [INFO] IPUIPlugin:74 - create IPUIPlugin
2025-09-17 00:05:48,216 [INFO] IPUIPlugin:74 - create IPUIPlugin
2025-09-17 00:05:48,217 [INFO] IPUIPlugin:74 - create IPUIPlugin
2025-09-17 00:05:48,233 [INFO] OpenFileManager:333 - Restore cursor
2025-09-17 00:09:11,839 [INFO] UtilMem:74 - End SaveConfig() Used Memory: 959018472 Bytes (1073741824)
2025-09-17 00:09:13,356 [INFO] UtilMem:74 - End SaveConfig() Used Memory: 899858992 Bytes (1073741824)
2025-09-17 00:09:16,031 [INFO] UtilMem:74 - End SaveConfig() Used Memory: 931146864 Bytes (1073741824)
2025-09-17 00:09:16,522 [INFO] BlockDiagram:2740 - set Specific Code input for plugin: NVIC
2025-09-17 00:09:16,522 [INFO] BlockDiagram:2740 - set Specific Code input for plugin: SYS
2025-09-17 00:09:16,523 [INFO] BlockDiagram:2740 - set Specific Code input for plugin: GPIO
2025-09-17 00:09:16,523 [INFO] BlockDiagram:2740 - set Specific Code input for plugin: RCC
2025-09-17 00:09:16,524 [INFO] CodeGenerator:663 - code generatio: config db path: D:\STM32CubeIDE_1.7.0\STM32CubeIDE\plugins\com.st.stm32cube.common.mx_6.3.0.202107141111\\db\
2025-09-17 00:09:17,112 [INFO] CodeEngine:239 - oldGeneratedFile, D:\New folder (2)\LAB 1\Code\LAB 1.4\MXTmpFiles\license.tmp_save
2025-09-17 00:09:17,567 [INFO] CodeEngine:257 - Generated code: D:\New folder (2)\LAB 1\Code\LAB 1.4\MXTmpFiles\license.tmp
2025-09-17 00:09:17,771 [INFO] CodeEngine:239 - oldGeneratedFile, D:\New folder (2)\LAB 1\Code\LAB 1.4\MXTmpFiles\gpio.tmp_save
2025-09-17 00:09:17,926 [INFO] CodeEngine:257 - Generated code: D:\New folder (2)\LAB 1\Code\LAB 1.4\MXTmpFiles\gpio.tmp
2025-09-17 00:09:18,052 [INFO] CodeEngine:239 - oldGeneratedFile, D:\New folder (2)\LAB 1\Code\LAB 1.4\Core\Src\stm32f1xx_it.c_save
2025-09-17 00:09:18,225 [INFO] CodeEngine:257 - Generated code: D:\New folder (2)\LAB 1\Code\LAB 1.4\Core\Src\stm32f1xx_it.c
2025-09-17 00:09:18,255 [INFO] CodeEngine:239 - oldGeneratedFile, D:\New folder (2)\LAB 1\Code\LAB 1.4\Core\Inc\stm32f1xx_it.h_save
2025-09-17 00:09:18,385 [INFO] CodeEngine:257 - Generated code: D:\New folder (2)\LAB 1\Code\LAB 1.4\Core\Inc\stm32f1xx_it.h
2025-09-17 00:09:18,426 [INFO] CodeEngine:239 - oldGeneratedFile, D:\New folder (2)\LAB 1\Code\LAB 1.4\Core\Src\stm32f1xx_hal_msp.c_save
2025-09-17 00:09:18,620 [INFO] CodeEngine:257 - Generated code: D:\New folder (2)\LAB 1\Code\LAB 1.4\Core\Src\stm32f1xx_hal_msp.c
2025-09-17 00:09:18,639 [INFO] CodeEngine:239 - oldGeneratedFile, D:\New folder (2)\LAB 1\Code\LAB 1.4\MXTmpFiles\system.tmp_save
2025-09-17 00:09:18,744 [INFO] CodeEngine:257 - Generated code: D:\New folder (2)\LAB 1\Code\LAB 1.4\MXTmpFiles\system.tmp
2025-09-17 00:09:18,782 [INFO] CodeEngine:239 - oldGeneratedFile, D:\New folder (2)\LAB 1\Code\LAB 1.4\Core\Inc\stm32f1xx_hal_conf.h_save
2025-09-17 00:09:18,960 [INFO] CodeEngine:257 - Generated code: D:\New folder (2)\LAB 1\Code\LAB 1.4\Core\Inc\stm32f1xx_hal_conf.h
2025-09-17 00:09:19,068 [INFO] CodeEngine:239 - oldGeneratedFile, D:\New folder (2)\LAB 1\Code\LAB 1.4\Core\Inc\main.h_save
2025-09-17 00:09:19,241 [INFO] CodeEngine:257 - Generated code: D:\New folder (2)\LAB 1\Code\LAB 1.4\Core\Inc\main.h
2025-09-17 00:09:19,277 [INFO] CodeEngine:239 - oldGeneratedFile, D:\New folder (2)\LAB 1\Code\LAB 1.4\Core\Src\main.c_save
2025-09-17 00:09:19,455 [INFO] CodeEngine:257 - Generated code: D:\New folder (2)\LAB 1\Code\LAB 1.4\Core\Src\main.c
2025-09-17 00:09:20,944 [INFO] ProjectBuilder:2578 - Time for Copy HAL[1] : 106mS.
2025-09-17 00:09:20,950 [INFO] ProjectBuilder:3622 - Project Generator version: 3.14.1
2025-09-17 00:09:21,547 [INFO] ConfigFileManager:1271 - The Die is : DIE412
2025-09-17 00:09:21,581 [INFO] ApiDbMcu:468 - Load IP Config File for FATFS
2025-09-17 00:09:21,666 [INFO] ApiDbMcu:468 - Load IP Config File for FREERTOS
2025-09-17 00:09:21,714 [INFO] ApiDbMcu:468 - Load IP Config File for USB_DEVICE
2025-09-17 00:09:26,489 [INFO] ProjectBuilder:3789 - Time for Generating toolchain IDE Files: 5539mS.
2025-09-17 00:09:26,489 [INFO] ProjectBuilder:2457 - Time for Copy CMSIS : 0mS.
2025-09-17 00:09:26,493 [INFO] ProjectBuilder:2457 - Time for Copy CMSIS : 0mS.
2025-09-17 00:10:34,019 [INFO] MainUpdater:2671 - connection check result : 10
2025-09-17 00:10:34,020 [INFO] MainUpdater:2671 - connection check result : 10
2025-09-17 00:10:34,189 [INFO] MicroXplorer:448 - Change Database Path : 
2025-09-17 00:10:34,190 [INFO] MicroXplorer:478 - Change Database Version : DB.6.0.30
2025-09-17 00:10:34,190 [WARN] ThirdParty:813 - waiting for thirdparty lock release [close project]
2025-09-17 00:10:34,190 [INFO] ThirdParty:815 - entering critical section [close project]
2025-09-17 00:10:34,190 [INFO] ThirdParty:825 - exiting critical section [close project]
2025-09-17 00:10:34,192 [INFO] PinOutPanel:1463 - setPackage(No Configuration,No Configuration)
2025-09-17 00:10:34,193 [INFO] UtilMem:74 - Begin LoadConfig() Used Memory: 950211872 Bytes (1073741824)
2025-09-17 00:10:34,193 [INFO] MicroXplorer:448 - Change Database Path : 
2025-09-17 00:10:34,194 [INFO] MicroXplorer:478 - Change Database Version : DB.6.0.30
2025-09-17 00:10:34,194 [INFO] OpenFileManager:313 - Change cursor
2025-09-17 00:10:34,208 [INFO] RulesReader:57 - Compatibility file has been processed (242 Rules)
2025-09-17 00:10:34,834 [INFO] Context:592 - Trying to add GPIOservice into a context  which must be forbidden
2025-09-17 00:10:35,027 [INFO] RtosManager:484 - Registered RTOS mode: class=CMSIS, group=RTOS, mode=CMSIS_V1, owner=FREERTOS
2025-09-17 00:10:35,027 [INFO] RtosManager:484 - Registered RTOS mode: class=CMSIS, group=RTOS2, mode=CMSIS_V2, owner=FREERTOS
2025-09-17 00:10:35,027 [INFO] RtosManager:484 - Registered RTOS mode: class=RTOS, group=Core, mode=CMSIS_V1, owner=FREERTOS
2025-09-17 00:10:35,027 [INFO] RtosManager:484 - Registered RTOS mode: class=RTOS, group=Core, mode=CMSIS_V2, owner=FREERTOS
2025-09-17 00:10:35,027 [WARN] ModelIntegratedComponent:181 - Missing modes for component STMicroelectronics:FreeRTOS:0.0.1:STMicroelectronics:RTOS:FreeRTOS:Core:::10.2.0:
2025-09-17 00:10:35,027 [WARN] ModelIntegratedComponent:60 - No mode defined for component null
2025-09-17 00:10:35,027 [WARN] ModelIntegratedComponent:60 - No mode defined for component null
2025-09-17 00:10:35,027 [WARN] ModelIntegratedComponent:60 - No mode defined for component null
2025-09-17 00:10:35,027 [WARN] ModelIntegratedComponent:60 - No mode defined for component null
2025-09-17 00:10:35,027 [WARN] ModelIntegratedComponent:60 - No mode defined for component null
2025-09-17 00:10:35,029 [WARN] ModelIntegratedComponent:60 - No mode defined for component null
2025-09-17 00:10:35,029 [WARN] ModelIntegratedComponent:60 - No mode defined for component null
2025-09-17 00:10:35,029 [WARN] ModelIntegratedComponent:60 - No mode defined for component null
2025-09-17 00:10:35,029 [WARN] ModelIntegratedComponent:60 - No mode defined for component null
2025-09-17 00:10:35,029 [WARN] ModelIntegratedComponent:60 - No mode defined for component null
2025-09-17 00:10:35,030 [WARN] ModelIntegratedComponent:60 - No mode defined for component null
2025-09-17 00:10:35,030 [WARN] ModelIntegratedComponent:60 - No mode defined for component null
2025-09-17 00:10:35,030 [WARN] ModelIntegratedComponent:60 - No mode defined for component null
2025-09-17 00:10:35,030 [WARN] ModelIntegratedComponent:60 - No mode defined for component null
2025-09-17 00:10:35,030 [WARN] ModelIntegratedComponent:60 - No mode defined for component null
2025-09-17 00:10:35,030 [WARN] ModelIntegratedComponent:60 - No mode defined for component null
2025-09-17 00:10:35,030 [WARN] ModelIntegratedComponent:60 - No mode defined for component null
2025-09-17 00:10:35,030 [WARN] ModelIntegratedComponent:60 - No mode defined for component null
2025-09-17 00:10:35,031 [WARN] ModelIntegratedComponent:60 - No mode defined for component null
2025-09-17 00:10:35,031 [WARN] ModelIntegratedComponent:60 - No mode defined for component null
2025-09-17 00:10:35,031 [WARN] ModelIntegratedComponent:60 - No mode defined for component null
2025-09-17 00:10:35,031 [WARN] ModelIntegratedComponent:60 - No mode defined for component null
2025-09-17 00:10:35,031 [WARN] ModelIntegratedComponent:60 - No mode defined for component null
2025-09-17 00:10:35,031 [WARN] ModelIntegratedComponent:60 - No mode defined for component null
2025-09-17 00:10:35,031 [WARN] ModelIntegratedComponent:60 - No mode defined for component null
2025-09-17 00:10:35,031 [WARN] ModelIntegratedComponent:60 - No mode defined for component null
2025-09-17 00:10:35,031 [WARN] ModelIntegratedComponent:60 - No mode defined for component null
2025-09-17 00:10:35,031 [WARN] ModelIntegratedComponent:60 - No mode defined for component null
2025-09-17 00:10:35,031 [WARN] ModelIntegratedComponent:60 - No mode defined for component null
2025-09-17 00:10:35,031 [WARN] ModelIntegratedComponent:60 - No mode defined for component null
2025-09-17 00:10:35,032 [WARN] ModelIntegratedComponent:60 - No mode defined for component null
2025-09-17 00:10:35,104 [INFO] UtilMem:74 - End LoadConfig() Used Memory: 924911808 Bytes (1073741824)
2025-09-17 00:10:35,105 [WARN] ThirdParty:779 - waiting for thirdparty lock release [change project]
2025-09-17 00:10:35,105 [INFO] ThirdParty:781 - entering critical section [change project]
2025-09-17 00:10:35,105 [INFO] ThirdParty:967 - CMSIS Pack Vendor :STMicroelectronics USB_HOST 2.0.0
2025-09-17 00:10:35,105 [INFO] ThirdParty:967 - CMSIS Pack Vendor :STMicroelectronics FreeRTOS 0.0.1
2025-09-17 00:10:35,106 [INFO] ThirdParty:967 - CMSIS Pack Vendor :STMicroelectronics USB_DEVICE 1.0.0
2025-09-17 00:10:35,106 [INFO] ThirdParty:967 - CMSIS Pack Vendor :STMicroelectronics USB_DEVICE 3.0.0
2025-09-17 00:10:35,106 [INFO] ThirdParty:967 - CMSIS Pack Vendor :STMicroelectronics HAL Drivers 0.0.0
2025-09-17 00:10:35,106 [INFO] ThirdParty:967 - CMSIS Pack Vendor :STMicroelectronics MBEDTLS 2.16.2
2025-09-17 00:10:35,106 [INFO] ThirdParty:967 - CMSIS Pack Vendor :STMicroelectronics ThreadX 0.0.2
2025-09-17 00:10:35,106 [INFO] ThirdParty:967 - CMSIS Pack Vendor :STMicroelectronics lwIP 2.0.3
2025-09-17 00:10:35,106 [INFO] ThirdParty:967 - CMSIS Pack Vendor :STMicroelectronics lwIP 2.1.2
2025-09-17 00:10:35,106 [INFO] ThirdParty:967 - CMSIS Pack Vendor :STMicroelectronics MBEDTLS 2.14.1
2025-09-17 00:10:35,106 [INFO] ThirdParty:967 - CMSIS Pack Vendor :STMicroelectronics USB_HOST 1.0.0
2025-09-17 00:10:35,106 [INFO] ThirdParty:967 - CMSIS Pack Vendor :STMicroelectronics PDM2PCM 3.1.0
2025-09-17 00:10:35,106 [INFO] ThirdParty:967 - CMSIS Pack Vendor :STMicroelectronics PDM2PCM 3.2.0
2025-09-17 00:10:35,106 [INFO] ThirdParty:967 - CMSIS Pack Vendor :STMicroelectronics USB_DEVICE 2.0.0
2025-09-17 00:10:35,106 [INFO] ThirdParty:967 - CMSIS Pack Vendor :STMicroelectronics PDM2PCM 3.3.0
2025-09-17 00:10:35,106 [INFO] ThirdParty:787 - exiting critical section [change project]
2025-09-17 00:10:35,225 [INFO] PinOutPanel:1463 - setPackage(No Configuration,No Configuration)
2025-09-17 00:10:35,226 [INFO] PinOutPanel:1463 - setPackage(STM32F103C6Ux,UFQFPN48)
2025-09-17 00:10:35,468 [INFO] UtilMem:74 - Before build in PCC Used Memory: 941172672 Bytes (1073741824)
2025-09-17 00:10:35,719 [INFO] UtilMem:74 - After build in PCC Used Memory: 966258976 Bytes (1073741824)
2025-09-17 00:10:35,734 [INFO] IPUIPlugin:74 - create IPUIPlugin
2025-09-17 00:10:35,735 [INFO] IPUIPlugin:74 - create IPUIPlugin
2025-09-17 00:10:35,735 [INFO] IPUIPlugin:74 - create IPUIPlugin
2025-09-17 00:10:35,735 [INFO] IPUIPlugin:74 - create IPUIPlugin
2025-09-17 00:10:35,735 [INFO] IPUIPlugin:74 - create IPUIPlugin
2025-09-17 00:10:35,735 [INFO] IPUIPlugin:74 - create IPUIPlugin
2025-09-17 00:10:35,735 [INFO] IPUIPlugin:74 - create IPUIPlugin
2025-09-17 00:10:35,736 [INFO] IPUIPlugin:74 - create IPUIPlugin
2025-09-17 00:10:35,736 [INFO] IPUIPlugin:74 - create IPUIPlugin
2025-09-17 00:10:35,736 [INFO] IPUIPlugin:74 - create IPUIPlugin
2025-09-17 00:10:35,736 [INFO] IPUIPlugin:74 - create IPUIPlugin
2025-09-17 00:10:35,736 [INFO] IPUIPlugin:74 - create IPUIPlugin
2025-09-17 00:10:35,736 [INFO] IPUIPlugin:74 - create IPUIPlugin
2025-09-17 00:10:35,738 [INFO] IPUIPlugin:74 - create IPUIPlugin
2025-09-17 00:10:35,738 [INFO] IPUIPlugin:74 - create IPUIPlugin
2025-09-17 00:10:35,738 [INFO] IPUIPlugin:74 - create IPUIPlugin
2025-09-17 00:10:35,738 [INFO] IPUIPlugin:74 - create IPUIPlugin
2025-09-17 00:10:35,739 [INFO] IPUIPlugin:74 - create IPUIPlugin
2025-09-17 00:10:35,739 [INFO] IPUIPlugin:74 - create IPUIPlugin
2025-09-17 00:10:35,740 [INFO] IPUIPlugin:74 - create IPUIPlugin
2025-09-17 00:10:35,740 [INFO] IPUIPlugin:74 - create IPUIPlugin
2025-09-17 00:10:35,741 [INFO] IPUIPlugin:74 - create IPUIPlugin
2025-09-17 00:10:35,741 [INFO] IPUIPlugin:74 - create IPUIPlugin
2025-09-17 00:10:35,763 [INFO] OpenFileManager:333 - Restore cursor
2025-09-17 00:10:39,931 [INFO] Gpio:254 - dependency for GPIO []
2025-09-17 00:36:54,376 [INFO] Activator:177 - 


2025-09-17 00:36:54,378 [INFO] Activator:178 - !SESSION log4j initialized
2025-09-17 00:38:23,210 [INFO] McuFinderGlobals:39 - Set McuFinder mode to 2 (CubeIDE integrated)
2025-09-17 00:38:23,759 [INFO] ApplicationProperties:181 - Using Application install path: D:\STM32CubeIDE_1.7.0\STM32CubeIDE\plugins\com.st.stm32cube.common.mx_6.3.0.202107141111
2025-09-17 00:38:23,778 [INFO] DbMcusXml:74 - Set database path to: D:\STM32CubeIDE_1.7.0\STM32CubeIDE\plugins\com.st.stm32cube.common.mx_6.3.0.202107141111\\db\/mcu/
2025-09-17 00:38:23,783 [INFO] DbBoardsPdsc:56 - Set plugin database path to: D:\STM32CubeIDE_1.7.0\STM32CubeIDE\plugins\com.st.stm32cube.common.mx_6.3.0.202107141111\\db\/plugins/boardmanager/
2025-09-17 00:38:23,783 [INFO] DbMcus:258 - Set plugin images path to: D:\STM32CubeIDE_1.7.0\STM32CubeIDE\plugins\com.st.stm32cube.common.mx_6.3.0.202107141111\\db\/plugins/mcufinder/images/
2025-09-17 00:38:23,784 [INFO] DbBoards:264 - Set plugin images path to: D:\STM32CubeIDE_1.7.0\STM32CubeIDE\plugins\com.st.stm32cube.common.mx_6.3.0.202107141111\\db\/plugins/mcufinder/images/
2025-09-17 00:38:23,789 [INFO] DbExamples:333 - Set plugin images path to: D:\STM32CubeIDE_1.7.0\STM32CubeIDE\plugins\com.st.stm32cube.common.mx_6.3.0.202107141111\\db\/plugins/mcufinder/images/
2025-09-17 00:38:23,798 [INFO] DbMcusAds:119 - Set database path to: C:\Users\ACER\.stmcufinder\plugins\mcufinder//mcu/
2025-09-17 00:38:23,800 [INFO] DbMcusDocs:110 - Set database path to: C:\Users\ACER\.stmcufinder\plugins\mcufinder//mcu/
2025-09-17 00:38:23,803 [INFO] DbMcusJson:64 - Set database path to: C:\Users\ACER\.stmcufinder\plugins\mcufinder//mcu/
2025-09-17 00:38:23,804 [INFO] DbBoardsDocs:110 - Set database path to: C:\Users\ACER\.stmcufinder\plugins\mcufinder//mcu/
2025-09-17 00:38:23,807 [INFO] DbBoardsJson:57 - Set database path to: C:\Users\ACER\.stmcufinder\plugins\mcufinder//mcu/
2025-09-17 00:38:23,821 [INFO] CrossReferenceDbSqlite:196 - Set database path to: C:\Users\ACER\.stmcufinder\plugins\mcufinder//mcu/cs/
2025-09-17 00:38:23,828 [INFO] DbExamplesSqlite:767 - Set database path to: C:\Users\ACER\.stmcufinder\plugins\mcufinder//mcu/
2025-09-17 00:38:23,967 [INFO] RulesReader:57 - Compatibility file has been processed (242 Rules)
2025-09-17 00:38:24,081 [INFO] DbMcusXml:74 - Set database path to: D:\STM32CubeIDE_1.7.0\STM32CubeIDE\plugins\com.st.stm32cube.common.mx_6.3.0.202107141111\\db\/mcu/
2025-09-17 00:38:24,083 [INFO] DbBoardsPdsc:56 - Set plugin database path to: D:\STM32CubeIDE_1.7.0\STM32CubeIDE\plugins\com.st.stm32cube.common.mx_6.3.0.202107141111\\db\/plugins/boardmanager/
2025-09-17 00:38:24,083 [INFO] DbMcus:258 - Set plugin images path to: D:\STM32CubeIDE_1.7.0\STM32CubeIDE\plugins\com.st.stm32cube.common.mx_6.3.0.202107141111\\db\/plugins/mcufinder/images/
2025-09-17 00:38:24,083 [INFO] DbBoards:264 - Set plugin images path to: D:\STM32CubeIDE_1.7.0\STM32CubeIDE\plugins\com.st.stm32cube.common.mx_6.3.0.202107141111\\db\/plugins/mcufinder/images/
2025-09-17 00:38:24,084 [INFO] DbExamples:333 - Set plugin images path to: D:\STM32CubeIDE_1.7.0\STM32CubeIDE\plugins\com.st.stm32cube.common.mx_6.3.0.202107141111\\db\/plugins/mcufinder/images/
2025-09-17 00:38:24,084 [WARN] DbFile:35 - Overriding database path with different value: C:\Users\ACER\.stmcufinder\plugins\mcufinder/ => C:\Users\ACER\.stmcufinder\plugins\mcufinder
2025-09-17 00:38:24,084 [INFO] DbMcusAds:119 - Set database path to: C:\Users\ACER\.stmcufinder\plugins\mcufinder//mcu/
2025-09-17 00:38:24,086 [WARN] DbFile:35 - Overriding database path with different value: C:\Users\ACER\.stmcufinder\plugins\mcufinder/ => C:\Users\ACER\.stmcufinder\plugins\mcufinder
2025-09-17 00:38:24,086 [INFO] DbMcusDocs:110 - Set database path to: C:\Users\ACER\.stmcufinder\plugins\mcufinder//mcu/
2025-09-17 00:38:24,086 [WARN] DbFile:35 - Overriding database path with different value: C:\Users\ACER\.stmcufinder\plugins\mcufinder/ => C:\Users\ACER\.stmcufinder\plugins\mcufinder
2025-09-17 00:38:24,086 [INFO] DbMcusJson:64 - Set database path to: C:\Users\ACER\.stmcufinder\plugins\mcufinder//mcu/
2025-09-17 00:38:24,087 [WARN] DbFile:35 - Overriding database path with different value: C:\Users\ACER\.stmcufinder\plugins\mcufinder/ => C:\Users\ACER\.stmcufinder\plugins\mcufinder
2025-09-17 00:38:24,087 [INFO] DbBoardsDocs:110 - Set database path to: C:\Users\ACER\.stmcufinder\plugins\mcufinder//mcu/
2025-09-17 00:38:24,087 [WARN] DbFile:35 - Overriding database path with different value: C:\Users\ACER\.stmcufinder\plugins\mcufinder/ => C:\Users\ACER\.stmcufinder\plugins\mcufinder
2025-09-17 00:38:24,087 [INFO] DbBoardsJson:57 - Set database path to: C:\Users\ACER\.stmcufinder\plugins\mcufinder//mcu/
2025-09-17 00:38:24,087 [WARN] DbFile:35 - Overriding database path with different value: C:\Users\ACER\.stmcufinder\plugins\mcufinder/ => C:\Users\ACER\.stmcufinder\plugins\mcufinder
2025-09-17 00:38:24,088 [WARN] DbFile:35 - Overriding database path with different value: C:\Users\ACER\.stmcufinder\plugins\mcufinder/ => C:\Users\ACER\.stmcufinder\plugins\mcufinder
2025-09-17 00:38:24,088 [INFO] CrossReferenceDbSqlite:196 - Set database path to: C:\Users\ACER\.stmcufinder\plugins\mcufinder//mcu/cs/
2025-09-17 00:38:24,088 [WARN] DbFile:35 - Overriding database path with different value: C:\Users\ACER\.stmcufinder\plugins\mcufinder/ => C:\Users\ACER\.stmcufinder\plugins\mcufinder
2025-09-17 00:38:24,088 [INFO] DbExamplesSqlite:767 - Set database path to: C:\Users\ACER\.stmcufinder\plugins\mcufinder//mcu/
2025-09-17 00:38:24,181 [INFO] MainPanel:214 - HeapMemory: 422576128
2025-09-17 00:38:24,309 [INFO] DbMcusXml:74 - Set database path to: D:\STM32CubeIDE_1.7.0\STM32CubeIDE\plugins\com.st.stm32cube.common.mx_6.3.0.202107141111\\db\/mcu/
2025-09-17 00:38:24,310 [INFO] DbBoardsPdsc:56 - Set plugin database path to: D:\STM32CubeIDE_1.7.0\STM32CubeIDE\plugins\com.st.stm32cube.common.mx_6.3.0.202107141111\\db\/plugins/boardmanager/
2025-09-17 00:38:24,310 [INFO] DbMcus:258 - Set plugin images path to: D:\STM32CubeIDE_1.7.0\STM32CubeIDE\plugins\com.st.stm32cube.common.mx_6.3.0.202107141111\\db\/plugins/mcufinder/images/
2025-09-17 00:38:24,310 [INFO] DbBoards:264 - Set plugin images path to: D:\STM32CubeIDE_1.7.0\STM32CubeIDE\plugins\com.st.stm32cube.common.mx_6.3.0.202107141111\\db\/plugins/mcufinder/images/
2025-09-17 00:38:24,310 [INFO] DbExamples:333 - Set plugin images path to: D:\STM32CubeIDE_1.7.0\STM32CubeIDE\plugins\com.st.stm32cube.common.mx_6.3.0.202107141111\\db\/plugins/mcufinder/images/
2025-09-17 00:38:24,312 [WARN] DbFile:35 - Overriding database path with different value: C:\Users\ACER\.stmcufinder\plugins\mcufinder/ => C:\Users\ACER\.stmcufinder\plugins\mcufinder
2025-09-17 00:38:24,312 [INFO] DbMcusAds:119 - Set database path to: C:\Users\ACER\.stmcufinder\plugins\mcufinder//mcu/
2025-09-17 00:38:24,312 [WARN] DbFile:35 - Overriding database path with different value: C:\Users\ACER\.stmcufinder\plugins\mcufinder/ => C:\Users\ACER\.stmcufinder\plugins\mcufinder
2025-09-17 00:38:24,313 [INFO] DbMcusDocs:110 - Set database path to: C:\Users\ACER\.stmcufinder\plugins\mcufinder//mcu/
2025-09-17 00:38:24,313 [WARN] DbFile:35 - Overriding database path with different value: C:\Users\ACER\.stmcufinder\plugins\mcufinder/ => C:\Users\ACER\.stmcufinder\plugins\mcufinder
2025-09-17 00:38:24,313 [INFO] DbMcusJson:64 - Set database path to: C:\Users\ACER\.stmcufinder\plugins\mcufinder//mcu/
2025-09-17 00:38:24,313 [WARN] DbFile:35 - Overriding database path with different value: C:\Users\ACER\.stmcufinder\plugins\mcufinder/ => C:\Users\ACER\.stmcufinder\plugins\mcufinder
2025-09-17 00:38:24,313 [INFO] DbBoardsDocs:110 - Set database path to: C:\Users\ACER\.stmcufinder\plugins\mcufinder//mcu/
2025-09-17 00:38:24,313 [WARN] DbFile:35 - Overriding database path with different value: C:\Users\ACER\.stmcufinder\plugins\mcufinder/ => C:\Users\ACER\.stmcufinder\plugins\mcufinder
2025-09-17 00:38:24,313 [INFO] DbBoardsJson:57 - Set database path to: C:\Users\ACER\.stmcufinder\plugins\mcufinder//mcu/
2025-09-17 00:38:24,315 [WARN] DbFile:35 - Overriding database path with different value: C:\Users\ACER\.stmcufinder\plugins\mcufinder/ => C:\Users\ACER\.stmcufinder\plugins\mcufinder
2025-09-17 00:38:24,315 [WARN] DbFile:35 - Overriding database path with different value: C:\Users\ACER\.stmcufinder\plugins\mcufinder/ => C:\Users\ACER\.stmcufinder\plugins\mcufinder
2025-09-17 00:38:24,315 [INFO] CrossReferenceDbSqlite:196 - Set database path to: C:\Users\ACER\.stmcufinder\plugins\mcufinder//mcu/cs/
2025-09-17 00:38:24,315 [WARN] DbFile:35 - Overriding database path with different value: C:\Users\ACER\.stmcufinder\plugins\mcufinder/ => C:\Users\ACER\.stmcufinder\plugins\mcufinder
2025-09-17 00:38:24,315 [INFO] DbExamplesSqlite:767 - Set database path to: C:\Users\ACER\.stmcufinder\plugins\mcufinder//mcu/
2025-09-17 00:38:24,339 [INFO] ApplicationProperties:181 - Using Application install path: D:\STM32CubeIDE_1.7.0\STM32CubeIDE\plugins\com.st.stm32cube.common.mx_6.3.0.202107141111
2025-09-17 00:38:24,342 [INFO] PluginManage:188 - Search for loadable plugins [exclusion list=, ]
2025-09-17 00:38:24,344 [INFO] PluginManage:302 - Check plugin analytics
2025-09-17 00:38:24,594 [INFO] AnalyticsPlugin:257 - Accepted Software Licenses: 
2025-09-17 00:38:24,595 [INFO] AnalyticsPlugin:259 - Accepted CMSIS Pack Licenses: 
2025-09-17 00:38:24,596 [INFO] AnalyticsPlugin:261 - Accepted Firmware Licenses: 
2025-09-17 00:38:24,596 [INFO] PluginManage:352 - Loaded plugin analytics (category:tool,tabindex:-1)
2025-09-17 00:38:24,596 [INFO] PluginManage:302 - Check plugin clock
2025-09-17 00:38:24,650 [INFO] PluginManage:352 - Loaded plugin clock (category:base,tabindex:2)
2025-09-17 00:38:24,650 [INFO] PluginManage:302 - Check plugin ddr
2025-09-17 00:38:24,654 [INFO] PluginManage:352 - Loaded plugin ddr (category:tool,tabindex:6)
2025-09-17 00:38:24,654 [INFO] PluginManage:302 - Check plugin filemanager
2025-09-17 00:38:24,858 [INFO] PluginManage:352 - Loaded plugin filemanager (category:base,tabindex:10)
2025-09-17 00:38:24,859 [INFO] PluginManage:302 - Check plugin ipmanager
2025-09-17 00:38:24,870 [INFO] PluginManage:352 - Loaded plugin ipmanager (category:base,tabindex:5)
2025-09-17 00:38:24,871 [INFO] PluginManage:302 - Check plugin pinoutandconfiguration
2025-09-17 00:38:24,900 [INFO] PluginManage:352 - Loaded plugin pinoutandconfiguration (category:base,tabindex:1)
2025-09-17 00:38:24,900 [INFO] PluginManage:302 - Check plugin pinoutconfig
2025-09-17 00:38:24,974 [INFO] PluginManage:352 - Loaded plugin pinoutconfig (category:base,tabindex:0)
2025-09-17 00:38:24,975 [INFO] PluginManage:302 - Check plugin power
2025-09-17 00:38:25,013 [INFO] PluginManage:352 - Loaded plugin power (category:power,tabindex:4)
2025-09-17 00:38:25,013 [INFO] PluginManage:302 - Check plugin projectmanager
2025-09-17 00:38:25,039 [INFO] PluginManage:352 - Loaded plugin projectmanager (category:projectmanager,tabindex:3)
2025-09-17 00:38:25,039 [INFO] PluginManage:302 - Check plugin thirdparty
2025-09-17 00:38:25,474 [WARN] IntegrityCheckThread:78 - waiting for thirdparty lock release [integrity check]
2025-09-17 00:38:25,474 [INFO] PluginManage:352 - Loaded plugin thirdparty (category:base,tabindex:-1)
2025-09-17 00:38:25,475 [INFO] IntegrityCheckThread:80 - entering critical section [integrity check]
2025-09-17 00:38:25,475 [INFO] PluginManage:302 - Check plugin tools
2025-09-17 00:38:25,475 [INFO] ThirdPartyUpdaterWithRetryManager:66 - Updater plugin not ready yet. [1/15]
2025-09-17 00:38:25,600 [INFO] PluginManage:352 - Loaded plugin tools (category:base,tabindex:7)
2025-09-17 00:38:25,600 [INFO] PluginManage:302 - Check plugin tutovideos
2025-09-17 00:38:25,927 [INFO] PluginManage:352 - Loaded plugin tutovideos (category:base,tabindex:-1)
2025-09-17 00:38:25,927 [INFO] PluginManage:302 - Check plugin updater
2025-09-17 00:38:25,945 [INFO] PluginManage:352 - Loaded plugin updater (category:base,tabindex:12)
2025-09-17 00:38:25,946 [INFO] PluginManage:275 - PluginManage : Loaded plugins [13]
2025-09-17 00:38:26,209 [INFO] PinOutPanel:1463 - setPackage(No Configuration,No Configuration)
2025-09-17 00:38:26,373 [INFO] IPUIPlugin:74 - create IPUIPlugin
2025-09-17 00:38:26,373 [INFO] PluginManager:213 - loadIPPluginJar : add adc
2025-09-17 00:38:26,498 [INFO] IPUIPlugin:74 - create IPUIPlugin
2025-09-17 00:38:26,499 [INFO] PluginManager:213 - loadIPPluginJar : add aes
2025-09-17 00:38:26,609 [INFO] IPUIPlugin:74 - create IPUIPlugin
2025-09-17 00:38:26,610 [INFO] PluginManager:213 - loadIPPluginJar : add can
2025-09-17 00:38:26,687 [INFO] IPUIPlugin:74 - create IPUIPlugin
2025-09-17 00:38:26,688 [INFO] PluginManager:213 - loadIPPluginJar : add comp
2025-09-17 00:38:26,770 [INFO] IPUIPlugin:74 - create IPUIPlugin
2025-09-17 00:38:26,770 [INFO] PluginManager:213 - loadIPPluginJar : add cryp
2025-09-17 00:38:26,855 [INFO] IPUIPlugin:74 - create IPUIPlugin
2025-09-17 00:38:26,855 [INFO] PluginManager:213 - loadIPPluginJar : add dfsdm
2025-09-17 00:38:26,882 [INFO] IPUIPlugin:74 - create IPUIPlugin
2025-09-17 00:38:26,883 [INFO] PluginManager:213 - loadIPPluginJar : add dma
2025-09-17 00:38:27,006 [INFO] IPUIPlugin:74 - create IPUIPlugin
2025-09-17 00:38:27,006 [INFO] PluginManager:213 - loadIPPluginJar : add dma3
2025-09-17 00:38:27,069 [INFO] IPUIPlugin:74 - create IPUIPlugin
2025-09-17 00:38:27,070 [INFO] PluginManager:213 - loadIPPluginJar : add fatfs
2025-09-17 00:38:27,200 [INFO] IPUIPlugin:74 - create IPUIPlugin
2025-09-17 00:38:27,200 [INFO] PluginManager:213 - loadIPPluginJar : add fmc
2025-09-17 00:38:27,227 [INFO] IPUIPlugin:74 - create IPUIPlugin
2025-09-17 00:38:27,228 [INFO] PluginManager:213 - loadIPPluginJar : add freertos
2025-09-17 00:38:27,291 [INFO] IPUIPlugin:74 - create IPUIPlugin
2025-09-17 00:38:27,292 [INFO] PluginManager:213 - loadIPPluginJar : add genericplugin
2025-09-17 00:38:27,497 [INFO] IPUIPlugin:74 - create IPUIPlugin
2025-09-17 00:38:27,498 [INFO] PluginManager:213 - loadIPPluginJar : add gfxmmu
2025-09-17 00:38:27,779 [INFO] IPUIPlugin:74 - create IPUIPlugin
2025-09-17 00:38:27,779 [INFO] PluginManager:213 - loadIPPluginJar : add gic
2025-09-17 00:38:27,806 [INFO] IPUIPlugin:74 - create IPUIPlugin
2025-09-17 00:38:27,807 [INFO] PluginManager:213 - loadIPPluginJar : add gpio
2025-09-17 00:38:27,977 [INFO] IPUIPlugin:74 - create IPUIPlugin
2025-09-17 00:38:27,977 [INFO] PluginManager:213 - loadIPPluginJar : add gtzc
2025-09-17 00:38:28,065 [INFO] IPUIPlugin:74 - create IPUIPlugin
2025-09-17 00:38:28,065 [INFO] PluginManager:213 - loadIPPluginJar : add hash
2025-09-17 00:38:28,197 [INFO] IPUIPlugin:74 - create IPUIPlugin
2025-09-17 00:38:28,198 [INFO] PluginManager:213 - loadIPPluginJar : add i2c
2025-09-17 00:38:28,308 [INFO] IPUIPlugin:74 - create IPUIPlugin
2025-09-17 00:38:28,309 [INFO] PluginManager:213 - loadIPPluginJar : add i2s
2025-09-17 00:38:28,330 [INFO] IPUIPlugin:74 - create IPUIPlugin
2025-09-17 00:38:28,330 [INFO] PluginManager:213 - loadIPPluginJar : add ipddr
2025-09-17 00:38:28,485 [INFO] ThirdPartyUpdaterWithRetryManager:66 - Updater plugin not ready yet. [2/15]
2025-09-17 00:38:28,534 [INFO] IPUIPlugin:74 - create IPUIPlugin
2025-09-17 00:38:28,534 [INFO] PluginManager:213 - loadIPPluginJar : add linkedlist
2025-09-17 00:38:28,636 [INFO] IPUIPlugin:74 - create IPUIPlugin
2025-09-17 00:38:28,636 [INFO] PluginManager:213 - loadIPPluginJar : add lorawan
2025-09-17 00:38:28,741 [INFO] IPUIPlugin:74 - create IPUIPlugin
2025-09-17 00:38:28,741 [INFO] PluginManager:213 - loadIPPluginJar : add ltdc
2025-09-17 00:38:28,764 [INFO] IPUIPlugin:74 - create IPUIPlugin
2025-09-17 00:38:28,764 [INFO] PluginManager:213 - loadIPPluginJar : add mdma
2025-09-17 00:38:28,791 [INFO] IPUIPlugin:74 - create IPUIPlugin
2025-09-17 00:38:28,792 [INFO] PluginManager:213 - loadIPPluginJar : add nvic
2025-09-17 00:38:28,886 [INFO] IPUIPlugin:74 - create IPUIPlugin
2025-09-17 00:38:28,886 [INFO] PluginManager:213 - loadIPPluginJar : add opamp
2025-09-17 00:38:29,041 [INFO] IPUIPlugin:74 - create IPUIPlugin
2025-09-17 00:38:29,042 [INFO] PluginManager:213 - loadIPPluginJar : add openamp
2025-09-17 00:38:29,156 [INFO] IPUIPlugin:74 - create IPUIPlugin
2025-09-17 00:38:29,156 [INFO] PluginManager:213 - loadIPPluginJar : add pdm2pcm
2025-09-17 00:38:29,183 [INFO] IPUIPlugin:74 - create IPUIPlugin
2025-09-17 00:38:29,187 [INFO] PluginManager:213 - loadIPPluginJar : add plateformsettings
2025-09-17 00:38:29,256 [INFO] IPUIPlugin:74 - create IPUIPlugin
2025-09-17 00:38:29,257 [INFO] PluginManager:213 - loadIPPluginJar : add quadspi
2025-09-17 00:38:29,280 [INFO] IPUIPlugin:74 - create IPUIPlugin
2025-09-17 00:38:29,282 [INFO] PluginManager:213 - loadIPPluginJar : add resmgrutility
2025-09-17 00:38:29,401 [INFO] IPUIPlugin:74 - create IPUIPlugin
2025-09-17 00:38:29,401 [INFO] PluginManager:213 - loadIPPluginJar : add sai
2025-09-17 00:38:29,509 [INFO] IPUIPlugin:74 - create IPUIPlugin
2025-09-17 00:38:29,509 [INFO] PluginManager:213 - loadIPPluginJar : add spi
2025-09-17 00:38:29,659 [INFO] IPUIPlugin:74 - create IPUIPlugin
2025-09-17 00:38:29,660 [INFO] PluginManager:213 - loadIPPluginJar : add stm32_wpan
2025-09-17 00:38:29,738 [INFO] IPUIPlugin:74 - create IPUIPlugin
2025-09-17 00:38:29,738 [INFO] PluginManager:213 - loadIPPluginJar : add tim
2025-09-17 00:38:29,889 [INFO] IPUIPlugin:74 - create IPUIPlugin
2025-09-17 00:38:29,890 [INFO] PluginManager:213 - loadIPPluginJar : add touchsensing
2025-09-17 00:38:29,981 [INFO] IPUIPlugin:74 - create IPUIPlugin
2025-09-17 00:38:29,982 [INFO] PluginManager:213 - loadIPPluginJar : add tracer_emb
2025-09-17 00:38:30,071 [INFO] IPUIPlugin:74 - create IPUIPlugin
2025-09-17 00:38:30,072 [INFO] PluginManager:213 - loadIPPluginJar : add ts
2025-09-17 00:38:30,158 [INFO] IPUIPlugin:74 - create IPUIPlugin
2025-09-17 00:38:30,158 [INFO] PluginManager:213 - loadIPPluginJar : add tsc
2025-09-17 00:38:30,233 [INFO] IPUIPlugin:74 - create IPUIPlugin
2025-09-17 00:38:30,233 [INFO] PluginManager:213 - loadIPPluginJar : add ucpd
2025-09-17 00:38:30,363 [INFO] IPUIPlugin:74 - create IPUIPlugin
2025-09-17 00:38:30,364 [INFO] PluginManager:213 - loadIPPluginJar : add usart
2025-09-17 00:38:30,493 [INFO] IPUIPlugin:74 - create IPUIPlugin
2025-09-17 00:38:30,493 [INFO] PluginManager:213 - loadIPPluginJar : add usbx
2025-09-17 00:38:30,967 [FATAL] Updater:294 - Updater called before beeing initialized
2025-09-17 00:38:31,131 [FATAL] Updater:294 - Updater called before beeing initialized
2025-09-17 00:38:31,148 [INFO] DbMcusAds:47 - JSON generation date=Tue Jul 08 15:14:23 ICT 2025 (1751962463582)
2025-09-17 00:38:31,148 [FATAL] Updater:294 - Updater called before beeing initialized
2025-09-17 00:38:31,293 [WARN] DetailPanel:314 - Failed to get advertising image, set to default
2025-09-17 00:38:31,462 [FATAL] Updater:294 - Updater called before beeing initialized
2025-09-17 00:38:31,465 [FATAL] Updater:294 - Updater called before beeing initialized
2025-09-17 00:38:31,465 [FATAL] Updater:294 - Updater called before beeing initialized
2025-09-17 00:38:31,465 [WARN] DetailPanel:314 - Failed to get advertising image, set to default
2025-09-17 00:38:31,467 [FATAL] Updater:294 - Updater called before beeing initialized
2025-09-17 00:38:31,486 [INFO] ThirdPartyUpdaterWithRetryManager:66 - Updater plugin not ready yet. [3/15]
2025-09-17 00:38:31,570 [ERROR] Updater:1075 - MainUpdater not yet initialized. External WinMGr cannot be set.
2025-09-17 00:38:31,590 [INFO] Updater:1012 - Updater Version found : 6.3.0
2025-09-17 00:38:31,621 [INFO] ApplicationProperties:181 - Using Application install path: D:\STM32CubeIDE_1.7.0\STM32CubeIDE\plugins\com.st.stm32cube.common.mx_6.3.0.202107141111
2025-09-17 00:38:31,935 [INFO] MainUpdater:2671 - connection check result : 10
2025-09-17 00:38:31,937 [INFO] MainUpdater:265 - Updater Check For Update Now.
2025-09-17 00:38:31,937 [INFO] MicroXplorer:478 - Change Database Version : DB.6.0.30
2025-09-17 00:38:32,161 [INFO] CheckServerUpdateThread:112 - End of CheckServer Thread
2025-09-17 00:38:32,203 [INFO] MainUpdater:2671 - connection check result : 10
2025-09-17 00:38:32,218 [INFO] MainUpdater:2671 - connection check result : 10
2025-09-17 00:38:32,719 [INFO] MicroXplorer:448 - Change Database Path : 
2025-09-17 00:38:32,719 [INFO] MicroXplorer:478 - Change Database Version : DB.6.0.30
2025-09-17 00:38:32,719 [WARN] ThirdParty:813 - waiting for thirdparty lock release [close project]
2025-09-17 00:38:34,551 [INFO] ThirdParty:915 - Integrity check success = true
2025-09-17 00:38:34,551 [INFO] IntegrityCheckThread:94 - exiting critical section [integrity check]
2025-09-17 00:38:34,551 [INFO] IntegrityCheckThread:97 - End integrity checks thread
2025-09-17 00:38:34,551 [INFO] ThirdParty:815 - entering critical section [close project]
2025-09-17 00:38:34,554 [INFO] ThirdParty:825 - exiting critical section [close project]
2025-09-17 00:38:34,559 [INFO] PinOutPanel:1463 - setPackage(No Configuration,No Configuration)
2025-09-17 00:38:34,560 [INFO] UtilMem:74 - Begin LoadConfig() Used Memory: 514780408 Bytes (532676608)
2025-09-17 00:38:34,562 [INFO] MicroXplorer:448 - Change Database Path : 
2025-09-17 00:38:34,562 [INFO] MicroXplorer:478 - Change Database Version : DB.6.0.30
2025-09-17 00:38:34,562 [INFO] OpenFileManager:313 - Change cursor
2025-09-17 00:38:35,783 [INFO] Context:592 - Trying to add GPIOservice into a context  which must be forbidden
2025-09-17 00:38:36,189 [INFO] RtosManager:484 - Registered RTOS mode: class=CMSIS, group=RTOS, mode=CMSIS_V1, owner=FREERTOS
2025-09-17 00:38:36,189 [INFO] RtosManager:484 - Registered RTOS mode: class=CMSIS, group=RTOS2, mode=CMSIS_V2, owner=FREERTOS
2025-09-17 00:38:36,190 [INFO] RtosManager:484 - Registered RTOS mode: class=RTOS, group=Core, mode=CMSIS_V1, owner=FREERTOS
2025-09-17 00:38:36,190 [INFO] RtosManager:484 - Registered RTOS mode: class=RTOS, group=Core, mode=CMSIS_V2, owner=FREERTOS
2025-09-17 00:38:36,190 [WARN] ModelIntegratedComponent:181 - Missing modes for component STMicroelectronics:FreeRTOS:0.0.1:STMicroelectronics:RTOS:FreeRTOS:Core:::10.2.0:
2025-09-17 00:38:36,194 [WARN] ModelIntegratedComponent:60 - No mode defined for component null
2025-09-17 00:38:36,194 [WARN] ModelIntegratedComponent:60 - No mode defined for component null
2025-09-17 00:38:36,194 [WARN] ModelIntegratedComponent:60 - No mode defined for component null
2025-09-17 00:38:36,195 [WARN] ModelIntegratedComponent:60 - No mode defined for component null
2025-09-17 00:38:36,195 [WARN] ModelIntegratedComponent:60 - No mode defined for component null
2025-09-17 00:38:36,195 [WARN] ModelIntegratedComponent:60 - No mode defined for component null
2025-09-17 00:38:36,195 [WARN] ModelIntegratedComponent:60 - No mode defined for component null
2025-09-17 00:38:36,196 [WARN] ModelIntegratedComponent:60 - No mode defined for component null
2025-09-17 00:38:36,196 [WARN] ModelIntegratedComponent:60 - No mode defined for component null
2025-09-17 00:38:36,196 [WARN] ModelIntegratedComponent:60 - No mode defined for component null
2025-09-17 00:38:36,196 [WARN] ModelIntegratedComponent:60 - No mode defined for component null
2025-09-17 00:38:36,196 [WARN] ModelIntegratedComponent:60 - No mode defined for component null
2025-09-17 00:38:36,196 [WARN] ModelIntegratedComponent:60 - No mode defined for component null
2025-09-17 00:38:36,197 [WARN] ModelIntegratedComponent:60 - No mode defined for component null
2025-09-17 00:38:36,197 [WARN] ModelIntegratedComponent:60 - No mode defined for component null
2025-09-17 00:38:36,197 [WARN] ModelIntegratedComponent:60 - No mode defined for component null
2025-09-17 00:38:36,197 [WARN] ModelIntegratedComponent:60 - No mode defined for component null
2025-09-17 00:38:36,197 [WARN] ModelIntegratedComponent:60 - No mode defined for component null
2025-09-17 00:38:36,197 [WARN] ModelIntegratedComponent:60 - No mode defined for component null
2025-09-17 00:38:36,197 [WARN] ModelIntegratedComponent:60 - No mode defined for component null
2025-09-17 00:38:36,197 [WARN] ModelIntegratedComponent:60 - No mode defined for component null
2025-09-17 00:38:36,197 [WARN] ModelIntegratedComponent:60 - No mode defined for component null
2025-09-17 00:38:36,197 [WARN] ModelIntegratedComponent:60 - No mode defined for component null
2025-09-17 00:38:36,198 [WARN] ModelIntegratedComponent:60 - No mode defined for component null
2025-09-17 00:38:36,198 [WARN] ModelIntegratedComponent:60 - No mode defined for component null
2025-09-17 00:38:36,198 [WARN] ModelIntegratedComponent:60 - No mode defined for component null
2025-09-17 00:38:36,198 [WARN] ModelIntegratedComponent:60 - No mode defined for component null
2025-09-17 00:38:36,198 [WARN] ModelIntegratedComponent:60 - No mode defined for component null
2025-09-17 00:38:36,198 [WARN] ModelIntegratedComponent:60 - No mode defined for component null
2025-09-17 00:38:36,199 [WARN] ModelIntegratedComponent:60 - No mode defined for component null
2025-09-17 00:38:36,199 [WARN] ModelIntegratedComponent:60 - No mode defined for component null
2025-09-17 00:38:36,303 [INFO] UtilMem:74 - End LoadConfig() Used Memory: 523151000 Bytes (550502400)
2025-09-17 00:38:36,307 [INFO] DbMcusXml:100 - Load MCU database from D:\STM32CubeIDE_1.7.0\STM32CubeIDE\plugins\com.st.stm32cube.common.mx_6.3.0.202107141111\\db\/mcu/families.xml
2025-09-17 00:38:37,439 [INFO] DbMcusJson:93 - JSON generation date=Tue Nov 16 23:17:54 ICT 2021 (1637079474)
2025-09-17 00:38:38,466 [INFO] DbMcus:175 - Found 1951 MCUs (1903 are supported by CubeMX, 1914 are visible in CubeMX)
2025-09-17 00:38:38,467 [INFO] ApiDb:251 - Load user favorites file C:\Users\ACER/.stm32cubeide/favorites.mcus.txt: 0 item(s)
2025-09-17 00:38:38,467 [INFO] ApiDb:255 - User favorites MCUs=[]
2025-09-17 00:38:38,468 [INFO] DbMcus:187 - Set 0 / 0 favorites MCUs
2025-09-17 00:38:38,487 [WARN] ThirdParty:779 - waiting for thirdparty lock release [change project]
2025-09-17 00:38:38,488 [INFO] ThirdParty:781 - entering critical section [change project]
2025-09-17 00:38:38,488 [INFO] ThirdParty:967 - CMSIS Pack Vendor :STMicroelectronics USB_HOST 2.0.0
2025-09-17 00:38:38,488 [INFO] ThirdParty:967 - CMSIS Pack Vendor :STMicroelectronics FreeRTOS 0.0.1
2025-09-17 00:38:38,488 [INFO] ThirdParty:967 - CMSIS Pack Vendor :STMicroelectronics USB_DEVICE 1.0.0
2025-09-17 00:38:38,488 [INFO] ThirdParty:967 - CMSIS Pack Vendor :STMicroelectronics USB_DEVICE 3.0.0
2025-09-17 00:38:38,488 [INFO] ThirdParty:967 - CMSIS Pack Vendor :STMicroelectronics HAL Drivers 0.0.0
2025-09-17 00:38:38,489 [INFO] ThirdParty:967 - CMSIS Pack Vendor :STMicroelectronics MBEDTLS 2.16.2
2025-09-17 00:38:38,489 [INFO] ThirdParty:967 - CMSIS Pack Vendor :STMicroelectronics ThreadX 0.0.2
2025-09-17 00:38:38,489 [INFO] ThirdParty:967 - CMSIS Pack Vendor :STMicroelectronics lwIP 2.0.3
2025-09-17 00:38:38,489 [INFO] ThirdParty:967 - CMSIS Pack Vendor :STMicroelectronics lwIP 2.1.2
2025-09-17 00:38:38,489 [INFO] ThirdParty:967 - CMSIS Pack Vendor :STMicroelectronics MBEDTLS 2.14.1
2025-09-17 00:38:38,489 [INFO] ThirdParty:967 - CMSIS Pack Vendor :STMicroelectronics USB_HOST 1.0.0
2025-09-17 00:38:38,489 [INFO] ThirdParty:967 - CMSIS Pack Vendor :STMicroelectronics PDM2PCM 3.1.0
2025-09-17 00:38:38,489 [INFO] ThirdParty:967 - CMSIS Pack Vendor :STMicroelectronics PDM2PCM 3.2.0
2025-09-17 00:38:38,490 [INFO] ThirdParty:967 - CMSIS Pack Vendor :STMicroelectronics USB_DEVICE 2.0.0
2025-09-17 00:38:38,490 [INFO] ThirdParty:967 - CMSIS Pack Vendor :STMicroelectronics PDM2PCM 3.3.0
2025-09-17 00:38:38,490 [INFO] ThirdParty:787 - exiting critical section [change project]
2025-09-17 00:38:39,067 [INFO] PinOutPanel:1463 - setPackage(No Configuration,No Configuration)
2025-09-17 00:38:39,070 [INFO] PinOutPanel:1463 - setPackage(STM32F103C6Ux,UFQFPN48)
2025-09-17 00:38:39,717 [INFO] UtilMem:74 - Before build in PCC Used Memory: 684664824 Bytes (875560960)
2025-09-17 00:38:40,746 [INFO] UtilMem:74 - After build in PCC Used Memory: 689502432 Bytes (875560960)
2025-09-17 00:38:40,775 [INFO] IPUIPlugin:74 - create IPUIPlugin
2025-09-17 00:38:40,777 [INFO] IPUIPlugin:74 - create IPUIPlugin
2025-09-17 00:38:40,777 [INFO] IPUIPlugin:74 - create IPUIPlugin
2025-09-17 00:38:40,777 [INFO] IPUIPlugin:74 - create IPUIPlugin
2025-09-17 00:38:40,777 [INFO] IPUIPlugin:74 - create IPUIPlugin
2025-09-17 00:38:40,778 [INFO] IPUIPlugin:74 - create IPUIPlugin
2025-09-17 00:38:40,778 [INFO] IPUIPlugin:74 - create IPUIPlugin
2025-09-17 00:38:40,778 [INFO] IPUIPlugin:74 - create IPUIPlugin
2025-09-17 00:38:40,778 [INFO] IPUIPlugin:74 - create IPUIPlugin
2025-09-17 00:38:40,778 [INFO] IPUIPlugin:74 - create IPUIPlugin
2025-09-17 00:38:40,779 [INFO] IPUIPlugin:74 - create IPUIPlugin
2025-09-17 00:38:40,779 [INFO] IPUIPlugin:74 - create IPUIPlugin
2025-09-17 00:38:40,779 [INFO] IPUIPlugin:74 - create IPUIPlugin
2025-09-17 00:38:40,779 [INFO] IPUIPlugin:74 - create IPUIPlugin
2025-09-17 00:38:40,780 [INFO] IPUIPlugin:74 - create IPUIPlugin
2025-09-17 00:38:40,780 [INFO] IPUIPlugin:74 - create IPUIPlugin
2025-09-17 00:38:40,780 [INFO] IPUIPlugin:74 - create IPUIPlugin
2025-09-17 00:38:40,781 [INFO] IPUIPlugin:74 - create IPUIPlugin
2025-09-17 00:38:40,781 [INFO] IPUIPlugin:74 - create IPUIPlugin
2025-09-17 00:38:40,781 [INFO] IPUIPlugin:74 - create IPUIPlugin
2025-09-17 00:38:40,782 [INFO] IPUIPlugin:74 - create IPUIPlugin
2025-09-17 00:38:40,782 [INFO] IPUIPlugin:74 - create IPUIPlugin
2025-09-17 00:38:40,782 [INFO] IPUIPlugin:74 - create IPUIPlugin
2025-09-17 00:38:40,965 [INFO] OpenFileManager:333 - Restore cursor
2025-09-17 00:39:24,970 [INFO] UtilMem:74 - End SaveConfig() Used Memory: 774309008 Bytes (890241024)
2025-09-17 00:39:26,299 [INFO] UtilMem:74 - End SaveConfig() Used Memory: 735325304 Bytes (890241024)
2025-09-17 00:39:28,121 [INFO] UtilMem:74 - End SaveConfig() Used Memory: 783323168 Bytes (890241024)
2025-09-17 00:39:28,641 [INFO] BlockDiagram:2740 - set Specific Code input for plugin: NVIC
2025-09-17 00:39:28,642 [INFO] BlockDiagram:2740 - set Specific Code input for plugin: SYS
2025-09-17 00:39:28,642 [INFO] BlockDiagram:2740 - set Specific Code input for plugin: GPIO
2025-09-17 00:39:28,642 [INFO] BlockDiagram:2740 - set Specific Code input for plugin: RCC
2025-09-17 00:39:28,643 [INFO] CodeGenerator:663 - code generatio: config db path: D:\STM32CubeIDE_1.7.0\STM32CubeIDE\plugins\com.st.stm32cube.common.mx_6.3.0.202107141111\\db\
2025-09-17 00:39:29,051 [INFO] CodeEngine:239 - oldGeneratedFile, D:\New folder (2)\LAB 1\Code\LAB 1.4\MXTmpFiles\license.tmp_save
2025-09-17 00:39:29,504 [INFO] CodeEngine:257 - Generated code: D:\New folder (2)\LAB 1\Code\LAB 1.4\MXTmpFiles\license.tmp
2025-09-17 00:39:29,710 [INFO] CodeEngine:239 - oldGeneratedFile, D:\New folder (2)\LAB 1\Code\LAB 1.4\MXTmpFiles\gpio.tmp_save
2025-09-17 00:39:29,866 [INFO] CodeEngine:257 - Generated code: D:\New folder (2)\LAB 1\Code\LAB 1.4\MXTmpFiles\gpio.tmp
2025-09-17 00:39:30,002 [INFO] CodeEngine:239 - oldGeneratedFile, D:\New folder (2)\LAB 1\Code\LAB 1.4\Core\Src\stm32f1xx_it.c_save
2025-09-17 00:39:30,243 [INFO] CodeEngine:257 - Generated code: D:\New folder (2)\LAB 1\Code\LAB 1.4\Core\Src\stm32f1xx_it.c
2025-09-17 00:39:30,275 [INFO] CodeEngine:239 - oldGeneratedFile, D:\New folder (2)\LAB 1\Code\LAB 1.4\Core\Inc\stm32f1xx_it.h_save
2025-09-17 00:39:30,401 [INFO] CodeEngine:257 - Generated code: D:\New folder (2)\LAB 1\Code\LAB 1.4\Core\Inc\stm32f1xx_it.h
2025-09-17 00:39:30,434 [INFO] CodeEngine:239 - oldGeneratedFile, D:\New folder (2)\LAB 1\Code\LAB 1.4\Core\Src\stm32f1xx_hal_msp.c_save
2025-09-17 00:39:30,604 [INFO] CodeEngine:257 - Generated code: D:\New folder (2)\LAB 1\Code\LAB 1.4\Core\Src\stm32f1xx_hal_msp.c
2025-09-17 00:39:30,620 [INFO] CodeEngine:239 - oldGeneratedFile, D:\New folder (2)\LAB 1\Code\LAB 1.4\MXTmpFiles\system.tmp_save
2025-09-17 00:39:30,706 [INFO] CodeEngine:257 - Generated code: D:\New folder (2)\LAB 1\Code\LAB 1.4\MXTmpFiles\system.tmp
2025-09-17 00:39:30,739 [INFO] CodeEngine:239 - oldGeneratedFile, D:\New folder (2)\LAB 1\Code\LAB 1.4\Core\Inc\stm32f1xx_hal_conf.h_save
2025-09-17 00:39:30,883 [INFO] CodeEngine:257 - Generated code: D:\New folder (2)\LAB 1\Code\LAB 1.4\Core\Inc\stm32f1xx_hal_conf.h
2025-09-17 00:39:31,000 [INFO] CodeEngine:239 - oldGeneratedFile, D:\New folder (2)\LAB 1\Code\LAB 1.4\Core\Inc\main.h_save
2025-09-17 00:39:31,143 [INFO] CodeEngine:257 - Generated code: D:\New folder (2)\LAB 1\Code\LAB 1.4\Core\Inc\main.h
2025-09-17 00:39:31,176 [INFO] CodeEngine:239 - oldGeneratedFile, D:\New folder (2)\LAB 1\Code\LAB 1.4\Core\Src\main.c_save
2025-09-17 00:39:31,378 [INFO] CodeEngine:257 - Generated code: D:\New folder (2)\LAB 1\Code\LAB 1.4\Core\Src\main.c
2025-09-17 00:39:32,503 [INFO] ProjectBuilder:2578 - Time for Copy HAL[1] : 119mS.
2025-09-17 00:39:32,509 [INFO] ProjectBuilder:3622 - Project Generator version: 3.14.1
2025-09-17 00:39:33,151 [INFO] ConfigFileManager:1271 - The Die is : DIE412
2025-09-17 00:39:33,187 [INFO] ApiDbMcu:468 - Load IP Config File for FATFS
2025-09-17 00:39:33,235 [INFO] ApiDbMcu:468 - Load IP Config File for FREERTOS
2025-09-17 00:39:33,278 [INFO] ApiDbMcu:468 - Load IP Config File for USB_DEVICE
2025-09-17 00:39:37,761 [INFO] ProjectBuilder:3789 - Time for Generating toolchain IDE Files: 5252mS.
2025-09-17 00:39:37,762 [INFO] ProjectBuilder:2457 - Time for Copy CMSIS : 1mS.
2025-09-17 00:39:37,763 [INFO] ProjectBuilder:2457 - Time for Copy CMSIS : 0mS.
2025-09-17 00:39:49,685 [INFO] UtilMem:74 - End SaveConfig() Used Memory: 440760696 Bytes (908066816)
2025-09-17 00:39:50,965 [INFO] UtilMem:74 - End SaveConfig() Used Memory: 669114840 Bytes (908066816)
2025-09-17 00:39:52,227 [INFO] UtilMem:74 - End SaveConfig() Used Memory: 589808952 Bytes (908066816)
2025-09-17 00:39:52,595 [INFO] BlockDiagram:2740 - set Specific Code input for plugin: NVIC
2025-09-17 00:39:52,595 [INFO] BlockDiagram:2740 - set Specific Code input for plugin: SYS
2025-09-17 00:39:52,596 [INFO] BlockDiagram:2740 - set Specific Code input for plugin: GPIO
2025-09-17 00:39:52,596 [INFO] BlockDiagram:2740 - set Specific Code input for plugin: RCC
2025-09-17 00:39:52,597 [INFO] CodeGenerator:663 - code generatio: config db path: D:\STM32CubeIDE_1.7.0\STM32CubeIDE\plugins\com.st.stm32cube.common.mx_6.3.0.202107141111\\db\
2025-09-17 00:39:52,958 [INFO] CodeEngine:239 - oldGeneratedFile, D:\New folder (2)\LAB 1\Code\LAB 1.4\MXTmpFiles\license.tmp_save
2025-09-17 00:39:53,035 [INFO] CodeEngine:257 - Generated code: D:\New folder (2)\LAB 1\Code\LAB 1.4\MXTmpFiles\license.tmp
2025-09-17 00:39:53,179 [INFO] CodeEngine:239 - oldGeneratedFile, D:\New folder (2)\LAB 1\Code\LAB 1.4\MXTmpFiles\gpio.tmp_save
2025-09-17 00:39:53,275 [INFO] CodeEngine:257 - Generated code: D:\New folder (2)\LAB 1\Code\LAB 1.4\MXTmpFiles\gpio.tmp
2025-09-17 00:39:53,331 [INFO] CodeEngine:239 - oldGeneratedFile, D:\New folder (2)\LAB 1\Code\LAB 1.4\Core\Src\stm32f1xx_it.c_save
2025-09-17 00:39:53,445 [INFO] CodeEngine:257 - Generated code: D:\New folder (2)\LAB 1\Code\LAB 1.4\Core\Src\stm32f1xx_it.c
2025-09-17 00:39:53,448 [INFO] CodeEngine:239 - oldGeneratedFile, D:\New folder (2)\LAB 1\Code\LAB 1.4\Core\Inc\stm32f1xx_it.h_save
2025-09-17 00:39:53,525 [INFO] CodeEngine:257 - Generated code: D:\New folder (2)\LAB 1\Code\LAB 1.4\Core\Inc\stm32f1xx_it.h
2025-09-17 00:39:53,547 [INFO] CodeEngine:239 - oldGeneratedFile, D:\New folder (2)\LAB 1\Code\LAB 1.4\Core\Src\stm32f1xx_hal_msp.c_save
2025-09-17 00:39:53,657 [INFO] CodeEngine:257 - Generated code: D:\New folder (2)\LAB 1\Code\LAB 1.4\Core\Src\stm32f1xx_hal_msp.c
2025-09-17 00:39:53,661 [INFO] CodeEngine:239 - oldGeneratedFile, D:\New folder (2)\LAB 1\Code\LAB 1.4\MXTmpFiles\system.tmp_save
2025-09-17 00:39:53,731 [INFO] CodeEngine:257 - Generated code: D:\New folder (2)\LAB 1\Code\LAB 1.4\MXTmpFiles\system.tmp
2025-09-17 00:39:53,751 [INFO] CodeEngine:239 - oldGeneratedFile, D:\New folder (2)\LAB 1\Code\LAB 1.4\Core\Inc\stm32f1xx_hal_conf.h_save
2025-09-17 00:39:53,882 [INFO] CodeEngine:257 - Generated code: D:\New folder (2)\LAB 1\Code\LAB 1.4\Core\Inc\stm32f1xx_hal_conf.h
2025-09-17 00:39:53,926 [INFO] CodeEngine:239 - oldGeneratedFile, D:\New folder (2)\LAB 1\Code\LAB 1.4\Core\Inc\main.h_save
2025-09-17 00:39:54,038 [INFO] CodeEngine:257 - Generated code: D:\New folder (2)\LAB 1\Code\LAB 1.4\Core\Inc\main.h
2025-09-17 00:39:54,054 [INFO] CodeEngine:239 - oldGeneratedFile, D:\New folder (2)\LAB 1\Code\LAB 1.4\Core\Src\main.c_save
2025-09-17 00:39:54,233 [INFO] CodeEngine:257 - Generated code: D:\New folder (2)\LAB 1\Code\LAB 1.4\Core\Src\main.c
2025-09-17 00:39:55,367 [INFO] ProjectBuilder:2578 - Time for Copy HAL[1] : 96mS.
2025-09-17 00:39:55,372 [INFO] ProjectBuilder:3622 - Project Generator version: 3.14.1
2025-09-17 00:39:56,039 [INFO] ConfigFileManager:1271 - The Die is : DIE412
2025-09-17 00:39:58,148 [INFO] ProjectBuilder:3789 - Time for Generating toolchain IDE Files: 2776mS.
2025-09-17 00:39:58,150 [INFO] ProjectBuilder:2457 - Time for Copy CMSIS : 2mS.
2025-09-17 00:39:58,152 [INFO] ProjectBuilder:2457 - Time for Copy CMSIS : 0mS.
2025-09-17 00:53:00,436 [INFO] MainUpdater:2671 - connection check result : 10
2025-09-17 00:53:00,437 [INFO] MainUpdater:2671 - connection check result : 10
2025-09-17 00:53:00,612 [INFO] MicroXplorer:448 - Change Database Path : 
2025-09-17 00:53:00,612 [INFO] MicroXplorer:478 - Change Database Version : DB.6.0.30
2025-09-17 00:53:00,613 [WARN] ThirdParty:813 - waiting for thirdparty lock release [close project]
2025-09-17 00:53:00,613 [INFO] ThirdParty:815 - entering critical section [close project]
2025-09-17 00:53:00,613 [INFO] ThirdParty:825 - exiting critical section [close project]
2025-09-17 00:53:00,614 [INFO] PinOutPanel:1463 - setPackage(No Configuration,No Configuration)
2025-09-17 00:53:00,623 [INFO] UtilMem:74 - Begin LoadConfig() Used Memory: 941677408 Bytes (1073741824)
2025-09-17 00:53:00,624 [INFO] MicroXplorer:448 - Change Database Path : 
2025-09-17 00:53:00,625 [INFO] MicroXplorer:478 - Change Database Version : DB.6.0.30
2025-09-17 00:53:00,625 [INFO] OpenFileManager:313 - Change cursor
2025-09-17 00:53:00,636 [INFO] RulesReader:57 - Compatibility file has been processed (242 Rules)
2025-09-17 00:53:01,278 [INFO] Context:592 - Trying to add GPIOservice into a context  which must be forbidden
2025-09-17 00:53:01,493 [INFO] RtosManager:484 - Registered RTOS mode: class=CMSIS, group=RTOS, mode=CMSIS_V1, owner=FREERTOS
2025-09-17 00:53:01,493 [INFO] RtosManager:484 - Registered RTOS mode: class=CMSIS, group=RTOS2, mode=CMSIS_V2, owner=FREERTOS
2025-09-17 00:53:01,493 [INFO] RtosManager:484 - Registered RTOS mode: class=RTOS, group=Core, mode=CMSIS_V1, owner=FREERTOS
2025-09-17 00:53:01,493 [INFO] RtosManager:484 - Registered RTOS mode: class=RTOS, group=Core, mode=CMSIS_V2, owner=FREERTOS
2025-09-17 00:53:01,493 [WARN] ModelIntegratedComponent:181 - Missing modes for component STMicroelectronics:FreeRTOS:0.0.1:STMicroelectronics:RTOS:FreeRTOS:Core:::10.2.0:
2025-09-17 00:53:01,494 [WARN] ModelIntegratedComponent:60 - No mode defined for component null
2025-09-17 00:53:01,494 [WARN] ModelIntegratedComponent:60 - No mode defined for component null
2025-09-17 00:53:01,494 [WARN] ModelIntegratedComponent:60 - No mode defined for component null
2025-09-17 00:53:01,494 [WARN] ModelIntegratedComponent:60 - No mode defined for component null
2025-09-17 00:53:01,494 [WARN] ModelIntegratedComponent:60 - No mode defined for component null
2025-09-17 00:53:01,494 [WARN] ModelIntegratedComponent:60 - No mode defined for component null
2025-09-17 00:53:01,494 [WARN] ModelIntegratedComponent:60 - No mode defined for component null
2025-09-17 00:53:01,494 [WARN] ModelIntegratedComponent:60 - No mode defined for component null
2025-09-17 00:53:01,494 [WARN] ModelIntegratedComponent:60 - No mode defined for component null
2025-09-17 00:53:01,496 [WARN] ModelIntegratedComponent:60 - No mode defined for component null
2025-09-17 00:53:01,496 [WARN] ModelIntegratedComponent:60 - No mode defined for component null
2025-09-17 00:53:01,496 [WARN] ModelIntegratedComponent:60 - No mode defined for component null
2025-09-17 00:53:01,496 [WARN] ModelIntegratedComponent:60 - No mode defined for component null
2025-09-17 00:53:01,496 [WARN] ModelIntegratedComponent:60 - No mode defined for component null
2025-09-17 00:53:01,496 [WARN] ModelIntegratedComponent:60 - No mode defined for component null
2025-09-17 00:53:01,496 [WARN] ModelIntegratedComponent:60 - No mode defined for component null
2025-09-17 00:53:01,496 [WARN] ModelIntegratedComponent:60 - No mode defined for component null
2025-09-17 00:53:01,497 [WARN] ModelIntegratedComponent:60 - No mode defined for component null
2025-09-17 00:53:01,497 [WARN] ModelIntegratedComponent:60 - No mode defined for component null
2025-09-17 00:53:01,497 [WARN] ModelIntegratedComponent:60 - No mode defined for component null
2025-09-17 00:53:01,497 [WARN] ModelIntegratedComponent:60 - No mode defined for component null
2025-09-17 00:53:01,497 [WARN] ModelIntegratedComponent:60 - No mode defined for component null
2025-09-17 00:53:01,497 [WARN] ModelIntegratedComponent:60 - No mode defined for component null
2025-09-17 00:53:01,497 [WARN] ModelIntegratedComponent:60 - No mode defined for component null
2025-09-17 00:53:01,498 [WARN] ModelIntegratedComponent:60 - No mode defined for component null
2025-09-17 00:53:01,498 [WARN] ModelIntegratedComponent:60 - No mode defined for component null
2025-09-17 00:53:01,498 [WARN] ModelIntegratedComponent:60 - No mode defined for component null
2025-09-17 00:53:01,498 [WARN] ModelIntegratedComponent:60 - No mode defined for component null
2025-09-17 00:53:01,498 [WARN] ModelIntegratedComponent:60 - No mode defined for component null
2025-09-17 00:53:01,498 [WARN] ModelIntegratedComponent:60 - No mode defined for component null
2025-09-17 00:53:01,498 [WARN] ModelIntegratedComponent:60 - No mode defined for component null
2025-09-17 00:53:01,579 [INFO] UtilMem:74 - End LoadConfig() Used Memory: 936528632 Bytes (1073741824)
2025-09-17 00:53:01,580 [WARN] ThirdParty:779 - waiting for thirdparty lock release [change project]
2025-09-17 00:53:01,580 [INFO] ThirdParty:781 - entering critical section [change project]
2025-09-17 00:53:01,580 [INFO] ThirdParty:967 - CMSIS Pack Vendor :STMicroelectronics USB_HOST 2.0.0
2025-09-17 00:53:01,580 [INFO] ThirdParty:967 - CMSIS Pack Vendor :STMicroelectronics FreeRTOS 0.0.1
2025-09-17 00:53:01,580 [INFO] ThirdParty:967 - CMSIS Pack Vendor :STMicroelectronics USB_DEVICE 1.0.0
2025-09-17 00:53:01,580 [INFO] ThirdParty:967 - CMSIS Pack Vendor :STMicroelectronics USB_DEVICE 3.0.0
2025-09-17 00:53:01,580 [INFO] ThirdParty:967 - CMSIS Pack Vendor :STMicroelectronics HAL Drivers 0.0.0
2025-09-17 00:53:01,580 [INFO] ThirdParty:967 - CMSIS Pack Vendor :STMicroelectronics MBEDTLS 2.16.2
2025-09-17 00:53:01,580 [INFO] ThirdParty:967 - CMSIS Pack Vendor :STMicroelectronics ThreadX 0.0.2
2025-09-17 00:53:01,581 [INFO] ThirdParty:967 - CMSIS Pack Vendor :STMicroelectronics lwIP 2.0.3
2025-09-17 00:53:01,581 [INFO] ThirdParty:967 - CMSIS Pack Vendor :STMicroelectronics lwIP 2.1.2
2025-09-17 00:53:01,581 [INFO] ThirdParty:967 - CMSIS Pack Vendor :STMicroelectronics MBEDTLS 2.14.1
2025-09-17 00:53:01,581 [INFO] ThirdParty:967 - CMSIS Pack Vendor :STMicroelectronics USB_HOST 1.0.0
2025-09-17 00:53:01,581 [INFO] ThirdParty:967 - CMSIS Pack Vendor :STMicroelectronics PDM2PCM 3.1.0
2025-09-17 00:53:01,581 [INFO] ThirdParty:967 - CMSIS Pack Vendor :STMicroelectronics PDM2PCM 3.2.0
2025-09-17 00:53:01,581 [INFO] ThirdParty:967 - CMSIS Pack Vendor :STMicroelectronics USB_DEVICE 2.0.0
2025-09-17 00:53:01,581 [INFO] ThirdParty:967 - CMSIS Pack Vendor :STMicroelectronics PDM2PCM 3.3.0
2025-09-17 00:53:01,581 [INFO] ThirdParty:787 - exiting critical section [change project]
2025-09-17 00:53:01,764 [INFO] PinOutPanel:1463 - setPackage(No Configuration,No Configuration)
2025-09-17 00:53:01,765 [INFO] PinOutPanel:1463 - setPackage(STM32F103C6Ux,UFQFPN48)
2025-09-17 00:53:02,023 [INFO] UtilMem:74 - Before build in PCC Used Memory: 957323232 Bytes (1073741824)
2025-09-17 00:53:02,310 [INFO] UtilMem:74 - After build in PCC Used Memory: 930495984 Bytes (1073741824)
2025-09-17 00:53:02,326 [INFO] IPUIPlugin:74 - create IPUIPlugin
2025-09-17 00:53:02,326 [INFO] IPUIPlugin:74 - create IPUIPlugin
2025-09-17 00:53:02,326 [INFO] IPUIPlugin:74 - create IPUIPlugin
2025-09-17 00:53:02,326 [INFO] IPUIPlugin:74 - create IPUIPlugin
2025-09-17 00:53:02,327 [INFO] IPUIPlugin:74 - create IPUIPlugin
2025-09-17 00:53:02,327 [INFO] IPUIPlugin:74 - create IPUIPlugin
2025-09-17 00:53:02,327 [INFO] IPUIPlugin:74 - create IPUIPlugin
2025-09-17 00:53:02,327 [INFO] IPUIPlugin:74 - create IPUIPlugin
2025-09-17 00:53:02,327 [INFO] IPUIPlugin:74 - create IPUIPlugin
2025-09-17 00:53:02,327 [INFO] IPUIPlugin:74 - create IPUIPlugin
2025-09-17 00:53:02,328 [INFO] IPUIPlugin:74 - create IPUIPlugin
2025-09-17 00:53:02,328 [INFO] IPUIPlugin:74 - create IPUIPlugin
2025-09-17 00:53:02,328 [INFO] IPUIPlugin:74 - create IPUIPlugin
2025-09-17 00:53:02,328 [INFO] IPUIPlugin:74 - create IPUIPlugin
2025-09-17 00:53:02,328 [INFO] IPUIPlugin:74 - create IPUIPlugin
2025-09-17 00:53:02,328 [INFO] IPUIPlugin:74 - create IPUIPlugin
2025-09-17 00:53:02,330 [INFO] IPUIPlugin:74 - create IPUIPlugin
2025-09-17 00:53:02,330 [INFO] IPUIPlugin:74 - create IPUIPlugin
2025-09-17 00:53:02,331 [INFO] IPUIPlugin:74 - create IPUIPlugin
2025-09-17 00:53:02,331 [INFO] IPUIPlugin:74 - create IPUIPlugin
2025-09-17 00:53:02,332 [INFO] IPUIPlugin:74 - create IPUIPlugin
2025-09-17 00:53:02,333 [INFO] IPUIPlugin:74 - create IPUIPlugin
2025-09-17 00:53:02,333 [INFO] IPUIPlugin:74 - create IPUIPlugin
2025-09-17 00:53:02,346 [INFO] OpenFileManager:333 - Restore cursor
2025-09-17 00:53:09,374 [INFO] MainUpdater:2671 - connection check result : 10
2025-09-17 00:53:09,375 [INFO] MainUpdater:2671 - connection check result : 10
2025-09-17 00:53:09,593 [INFO] MicroXplorer:448 - Change Database Path : 
2025-09-17 00:53:09,593 [INFO] MicroXplorer:478 - Change Database Version : DB.6.0.30
2025-09-17 00:53:09,593 [WARN] ThirdParty:813 - waiting for thirdparty lock release [close project]
2025-09-17 00:53:09,594 [INFO] ThirdParty:815 - entering critical section [close project]
2025-09-17 00:53:09,594 [INFO] ThirdParty:825 - exiting critical section [close project]
2025-09-17 00:53:09,595 [INFO] PinOutPanel:1463 - setPackage(No Configuration,No Configuration)
2025-09-17 00:53:09,597 [INFO] UtilMem:74 - Begin LoadConfig() Used Memory: 953248488 Bytes (1073741824)
2025-09-17 00:53:09,597 [INFO] MicroXplorer:448 - Change Database Path : 
2025-09-17 00:53:09,599 [INFO] MicroXplorer:478 - Change Database Version : DB.6.0.30
2025-09-17 00:53:09,599 [INFO] OpenFileManager:313 - Change cursor
2025-09-17 00:53:10,278 [INFO] Context:592 - Trying to add GPIOservice into a context  which must be forbidden
2025-09-17 00:53:10,467 [INFO] RtosManager:484 - Registered RTOS mode: class=CMSIS, group=RTOS, mode=CMSIS_V1, owner=FREERTOS
2025-09-17 00:53:10,467 [INFO] RtosManager:484 - Registered RTOS mode: class=CMSIS, group=RTOS2, mode=CMSIS_V2, owner=FREERTOS
2025-09-17 00:53:10,468 [INFO] RtosManager:484 - Registered RTOS mode: class=RTOS, group=Core, mode=CMSIS_V1, owner=FREERTOS
2025-09-17 00:53:10,468 [INFO] RtosManager:484 - Registered RTOS mode: class=RTOS, group=Core, mode=CMSIS_V2, owner=FREERTOS
2025-09-17 00:53:10,468 [WARN] ModelIntegratedComponent:181 - Missing modes for component STMicroelectronics:FreeRTOS:0.0.1:STMicroelectronics:RTOS:FreeRTOS:Core:::10.2.0:
2025-09-17 00:53:10,468 [WARN] ModelIntegratedComponent:60 - No mode defined for component null
2025-09-17 00:53:10,468 [WARN] ModelIntegratedComponent:60 - No mode defined for component null
2025-09-17 00:53:10,469 [WARN] ModelIntegratedComponent:60 - No mode defined for component null
2025-09-17 00:53:10,469 [WARN] ModelIntegratedComponent:60 - No mode defined for component null
2025-09-17 00:53:10,469 [WARN] ModelIntegratedComponent:60 - No mode defined for component null
2025-09-17 00:53:10,469 [WARN] ModelIntegratedComponent:60 - No mode defined for component null
2025-09-17 00:53:10,469 [WARN] ModelIntegratedComponent:60 - No mode defined for component null
2025-09-17 00:53:10,469 [WARN] ModelIntegratedComponent:60 - No mode defined for component null
2025-09-17 00:53:10,470 [WARN] ModelIntegratedComponent:60 - No mode defined for component null
2025-09-17 00:53:10,470 [WARN] ModelIntegratedComponent:60 - No mode defined for component null
2025-09-17 00:53:10,470 [WARN] ModelIntegratedComponent:60 - No mode defined for component null
2025-09-17 00:53:10,470 [WARN] ModelIntegratedComponent:60 - No mode defined for component null
2025-09-17 00:53:10,470 [WARN] ModelIntegratedComponent:60 - No mode defined for component null
2025-09-17 00:53:10,470 [WARN] ModelIntegratedComponent:60 - No mode defined for component null
2025-09-17 00:53:10,470 [WARN] ModelIntegratedComponent:60 - No mode defined for component null
2025-09-17 00:53:10,470 [WARN] ModelIntegratedComponent:60 - No mode defined for component null
2025-09-17 00:53:10,470 [WARN] ModelIntegratedComponent:60 - No mode defined for component null
2025-09-17 00:53:10,470 [WARN] ModelIntegratedComponent:60 - No mode defined for component null
2025-09-17 00:53:10,470 [WARN] ModelIntegratedComponent:60 - No mode defined for component null
2025-09-17 00:53:10,471 [WARN] ModelIntegratedComponent:60 - No mode defined for component null
2025-09-17 00:53:10,471 [WARN] ModelIntegratedComponent:60 - No mode defined for component null
2025-09-17 00:53:10,471 [WARN] ModelIntegratedComponent:60 - No mode defined for component null
2025-09-17 00:53:10,471 [WARN] ModelIntegratedComponent:60 - No mode defined for component null
2025-09-17 00:53:10,471 [WARN] ModelIntegratedComponent:60 - No mode defined for component null
2025-09-17 00:53:10,471 [WARN] ModelIntegratedComponent:60 - No mode defined for component null
2025-09-17 00:53:10,471 [WARN] ModelIntegratedComponent:60 - No mode defined for component null
2025-09-17 00:53:10,471 [WARN] ModelIntegratedComponent:60 - No mode defined for component null
2025-09-17 00:53:10,472 [WARN] ModelIntegratedComponent:60 - No mode defined for component null
2025-09-17 00:53:10,472 [WARN] ModelIntegratedComponent:60 - No mode defined for component null
2025-09-17 00:53:10,472 [WARN] ModelIntegratedComponent:60 - No mode defined for component null
2025-09-17 00:53:10,472 [WARN] ModelIntegratedComponent:60 - No mode defined for component null
2025-09-17 00:53:10,570 [INFO] UtilMem:74 - End LoadConfig() Used Memory: 951425384 Bytes (1073741824)
2025-09-17 00:53:10,570 [WARN] ThirdParty:779 - waiting for thirdparty lock release [change project]
2025-09-17 00:53:10,570 [INFO] ThirdParty:781 - entering critical section [change project]
2025-09-17 00:53:10,572 [INFO] ThirdParty:967 - CMSIS Pack Vendor :STMicroelectronics USB_HOST 2.0.0
2025-09-17 00:53:10,572 [INFO] ThirdParty:967 - CMSIS Pack Vendor :STMicroelectronics FreeRTOS 0.0.1
2025-09-17 00:53:10,572 [INFO] ThirdParty:967 - CMSIS Pack Vendor :STMicroelectronics USB_DEVICE 1.0.0
2025-09-17 00:53:10,572 [INFO] ThirdParty:967 - CMSIS Pack Vendor :STMicroelectronics USB_DEVICE 3.0.0
2025-09-17 00:53:10,572 [INFO] ThirdParty:967 - CMSIS Pack Vendor :STMicroelectronics HAL Drivers 0.0.0
2025-09-17 00:53:10,572 [INFO] ThirdParty:967 - CMSIS Pack Vendor :STMicroelectronics MBEDTLS 2.16.2
2025-09-17 00:53:10,572 [INFO] ThirdParty:967 - CMSIS Pack Vendor :STMicroelectronics ThreadX 0.0.2
2025-09-17 00:53:10,572 [INFO] ThirdParty:967 - CMSIS Pack Vendor :STMicroelectronics lwIP 2.0.3
2025-09-17 00:53:10,572 [INFO] ThirdParty:967 - CMSIS Pack Vendor :STMicroelectronics lwIP 2.1.2
2025-09-17 00:53:10,572 [INFO] ThirdParty:967 - CMSIS Pack Vendor :STMicroelectronics MBEDTLS 2.14.1
2025-09-17 00:53:10,572 [INFO] ThirdParty:967 - CMSIS Pack Vendor :STMicroelectronics USB_HOST 1.0.0
2025-09-17 00:53:10,572 [INFO] ThirdParty:967 - CMSIS Pack Vendor :STMicroelectronics PDM2PCM 3.1.0
2025-09-17 00:53:10,572 [INFO] ThirdParty:967 - CMSIS Pack Vendor :STMicroelectronics PDM2PCM 3.2.0
2025-09-17 00:53:10,572 [INFO] ThirdParty:967 - CMSIS Pack Vendor :STMicroelectronics USB_DEVICE 2.0.0
2025-09-17 00:53:10,572 [INFO] ThirdParty:967 - CMSIS Pack Vendor :STMicroelectronics PDM2PCM 3.3.0
2025-09-17 00:53:10,573 [INFO] ThirdParty:787 - exiting critical section [change project]
2025-09-17 00:53:10,681 [INFO] PinOutPanel:1463 - setPackage(No Configuration,No Configuration)
2025-09-17 00:53:10,682 [INFO] PinOutPanel:1463 - setPackage(STM32F103C6Ux,UFQFPN48)
2025-09-17 00:53:10,926 [INFO] UtilMem:74 - Before build in PCC Used Memory: 931423656 Bytes (1073741824)
2025-09-17 00:53:11,242 [INFO] UtilMem:74 - After build in PCC Used Memory: 955483288 Bytes (1073741824)
2025-09-17 00:53:11,273 [INFO] IPUIPlugin:74 - create IPUIPlugin
2025-09-17 00:53:11,273 [INFO] IPUIPlugin:74 - create IPUIPlugin
2025-09-17 00:53:11,273 [INFO] IPUIPlugin:74 - create IPUIPlugin
2025-09-17 00:53:11,273 [INFO] IPUIPlugin:74 - create IPUIPlugin
2025-09-17 00:53:11,273 [INFO] IPUIPlugin:74 - create IPUIPlugin
2025-09-17 00:53:11,273 [INFO] IPUIPlugin:74 - create IPUIPlugin
2025-09-17 00:53:11,273 [INFO] IPUIPlugin:74 - create IPUIPlugin
2025-09-17 00:53:11,274 [INFO] IPUIPlugin:74 - create IPUIPlugin
2025-09-17 00:53:11,274 [INFO] IPUIPlugin:74 - create IPUIPlugin
2025-09-17 00:53:11,274 [INFO] IPUIPlugin:74 - create IPUIPlugin
2025-09-17 00:53:11,274 [INFO] IPUIPlugin:74 - create IPUIPlugin
2025-09-17 00:53:11,274 [INFO] IPUIPlugin:74 - create IPUIPlugin
2025-09-17 00:53:11,275 [INFO] IPUIPlugin:74 - create IPUIPlugin
2025-09-17 00:53:11,275 [INFO] IPUIPlugin:74 - create IPUIPlugin
2025-09-17 00:53:11,275 [INFO] IPUIPlugin:74 - create IPUIPlugin
2025-09-17 00:53:11,275 [INFO] IPUIPlugin:74 - create IPUIPlugin
2025-09-17 00:53:11,276 [INFO] IPUIPlugin:74 - create IPUIPlugin
2025-09-17 00:53:11,276 [INFO] IPUIPlugin:74 - create IPUIPlugin
2025-09-17 00:53:11,276 [INFO] IPUIPlugin:74 - create IPUIPlugin
2025-09-17 00:53:11,277 [INFO] IPUIPlugin:74 - create IPUIPlugin
2025-09-17 00:53:11,277 [INFO] IPUIPlugin:74 - create IPUIPlugin
2025-09-17 00:53:11,278 [INFO] IPUIPlugin:74 - create IPUIPlugin
2025-09-17 00:53:11,278 [INFO] IPUIPlugin:74 - create IPUIPlugin
2025-09-17 00:53:11,290 [INFO] OpenFileManager:333 - Restore cursor
2025-09-17 00:53:20,470 [INFO] MainUpdater:2671 - connection check result : 10
2025-09-17 00:53:20,470 [INFO] MainUpdater:2671 - connection check result : 10
2025-09-17 00:53:20,630 [INFO] MicroXplorer:448 - Change Database Path : 
2025-09-17 00:53:20,630 [INFO] MicroXplorer:478 - Change Database Version : DB.6.0.30
2025-09-17 00:53:20,630 [WARN] ThirdParty:813 - waiting for thirdparty lock release [close project]
2025-09-17 00:53:20,630 [INFO] ThirdParty:815 - entering critical section [close project]
2025-09-17 00:53:20,630 [INFO] ThirdParty:825 - exiting critical section [close project]
2025-09-17 00:53:20,632 [INFO] PinOutPanel:1463 - setPackage(No Configuration,No Configuration)
2025-09-17 00:53:20,633 [INFO] UtilMem:74 - Begin LoadConfig() Used Memory: 970038408 Bytes (1073741824)
2025-09-17 00:53:20,633 [INFO] MicroXplorer:448 - Change Database Path : 
2025-09-17 00:53:20,633 [INFO] MicroXplorer:478 - Change Database Version : DB.6.0.30
2025-09-17 00:53:20,633 [INFO] OpenFileManager:313 - Change cursor
2025-09-17 00:53:21,273 [INFO] Context:592 - Trying to add GPIOservice into a context  which must be forbidden
2025-09-17 00:53:21,442 [INFO] RtosManager:484 - Registered RTOS mode: class=CMSIS, group=RTOS, mode=CMSIS_V1, owner=FREERTOS
2025-09-17 00:53:21,442 [INFO] RtosManager:484 - Registered RTOS mode: class=CMSIS, group=RTOS2, mode=CMSIS_V2, owner=FREERTOS
2025-09-17 00:53:21,442 [INFO] RtosManager:484 - Registered RTOS mode: class=RTOS, group=Core, mode=CMSIS_V1, owner=FREERTOS
2025-09-17 00:53:21,442 [INFO] RtosManager:484 - Registered RTOS mode: class=RTOS, group=Core, mode=CMSIS_V2, owner=FREERTOS
2025-09-17 00:53:21,442 [WARN] ModelIntegratedComponent:181 - Missing modes for component STMicroelectronics:FreeRTOS:0.0.1:STMicroelectronics:RTOS:FreeRTOS:Core:::10.2.0:
2025-09-17 00:53:21,443 [WARN] ModelIntegratedComponent:60 - No mode defined for component null
2025-09-17 00:53:21,443 [WARN] ModelIntegratedComponent:60 - No mode defined for component null
2025-09-17 00:53:21,443 [WARN] ModelIntegratedComponent:60 - No mode defined for component null
2025-09-17 00:53:21,443 [WARN] ModelIntegratedComponent:60 - No mode defined for component null
2025-09-17 00:53:21,443 [WARN] ModelIntegratedComponent:60 - No mode defined for component null
2025-09-17 00:53:21,443 [WARN] ModelIntegratedComponent:60 - No mode defined for component null
2025-09-17 00:53:21,443 [WARN] ModelIntegratedComponent:60 - No mode defined for component null
2025-09-17 00:53:21,443 [WARN] ModelIntegratedComponent:60 - No mode defined for component null
2025-09-17 00:53:21,444 [WARN] ModelIntegratedComponent:60 - No mode defined for component null
2025-09-17 00:53:21,444 [WARN] ModelIntegratedComponent:60 - No mode defined for component null
2025-09-17 00:53:21,444 [WARN] ModelIntegratedComponent:60 - No mode defined for component null
2025-09-17 00:53:21,444 [WARN] ModelIntegratedComponent:60 - No mode defined for component null
2025-09-17 00:53:21,444 [WARN] ModelIntegratedComponent:60 - No mode defined for component null
2025-09-17 00:53:21,444 [WARN] ModelIntegratedComponent:60 - No mode defined for component null
2025-09-17 00:53:21,444 [WARN] ModelIntegratedComponent:60 - No mode defined for component null
2025-09-17 00:53:21,444 [WARN] ModelIntegratedComponent:60 - No mode defined for component null
2025-09-17 00:53:21,444 [WARN] ModelIntegratedComponent:60 - No mode defined for component null
2025-09-17 00:53:21,444 [WARN] ModelIntegratedComponent:60 - No mode defined for component null
2025-09-17 00:53:21,445 [WARN] ModelIntegratedComponent:60 - No mode defined for component null
2025-09-17 00:53:21,445 [WARN] ModelIntegratedComponent:60 - No mode defined for component null
2025-09-17 00:53:21,445 [WARN] ModelIntegratedComponent:60 - No mode defined for component null
2025-09-17 00:53:21,445 [WARN] ModelIntegratedComponent:60 - No mode defined for component null
2025-09-17 00:53:21,445 [WARN] ModelIntegratedComponent:60 - No mode defined for component null
2025-09-17 00:53:21,445 [WARN] ModelIntegratedComponent:60 - No mode defined for component null
2025-09-17 00:53:21,445 [WARN] ModelIntegratedComponent:60 - No mode defined for component null
2025-09-17 00:53:21,445 [WARN] ModelIntegratedComponent:60 - No mode defined for component null
2025-09-17 00:53:21,445 [WARN] ModelIntegratedComponent:60 - No mode defined for component null
2025-09-17 00:53:21,445 [WARN] ModelIntegratedComponent:60 - No mode defined for component null
2025-09-17 00:53:21,445 [WARN] ModelIntegratedComponent:60 - No mode defined for component null
2025-09-17 00:53:21,446 [WARN] ModelIntegratedComponent:60 - No mode defined for component null
2025-09-17 00:53:21,446 [WARN] ModelIntegratedComponent:60 - No mode defined for component null
2025-09-17 00:53:21,514 [INFO] UtilMem:74 - End LoadConfig() Used Memory: 953496680 Bytes (1073741824)
2025-09-17 00:53:21,515 [WARN] ThirdParty:779 - waiting for thirdparty lock release [change project]
2025-09-17 00:53:21,515 [INFO] ThirdParty:781 - entering critical section [change project]
2025-09-17 00:53:21,516 [INFO] ThirdParty:967 - CMSIS Pack Vendor :STMicroelectronics USB_HOST 2.0.0
2025-09-17 00:53:21,516 [INFO] ThirdParty:967 - CMSIS Pack Vendor :STMicroelectronics FreeRTOS 0.0.1
2025-09-17 00:53:21,516 [INFO] ThirdParty:967 - CMSIS Pack Vendor :STMicroelectronics USB_DEVICE 1.0.0
2025-09-17 00:53:21,516 [INFO] ThirdParty:967 - CMSIS Pack Vendor :STMicroelectronics USB_DEVICE 3.0.0
2025-09-17 00:53:21,516 [INFO] ThirdParty:967 - CMSIS Pack Vendor :STMicroelectronics HAL Drivers 0.0.0
2025-09-17 00:53:21,516 [INFO] ThirdParty:967 - CMSIS Pack Vendor :STMicroelectronics MBEDTLS 2.16.2
2025-09-17 00:53:21,516 [INFO] ThirdParty:967 - CMSIS Pack Vendor :STMicroelectronics ThreadX 0.0.2
2025-09-17 00:53:21,516 [INFO] ThirdParty:967 - CMSIS Pack Vendor :STMicroelectronics lwIP 2.0.3
2025-09-17 00:53:21,516 [INFO] ThirdParty:967 - CMSIS Pack Vendor :STMicroelectronics lwIP 2.1.2
2025-09-17 00:53:21,516 [INFO] ThirdParty:967 - CMSIS Pack Vendor :STMicroelectronics MBEDTLS 2.14.1
2025-09-17 00:53:21,516 [INFO] ThirdParty:967 - CMSIS Pack Vendor :STMicroelectronics USB_HOST 1.0.0
2025-09-17 00:53:21,516 [INFO] ThirdParty:967 - CMSIS Pack Vendor :STMicroelectronics PDM2PCM 3.1.0
2025-09-17 00:53:21,517 [INFO] ThirdParty:967 - CMSIS Pack Vendor :STMicroelectronics PDM2PCM 3.2.0
2025-09-17 00:53:21,517 [INFO] ThirdParty:967 - CMSIS Pack Vendor :STMicroelectronics USB_DEVICE 2.0.0
2025-09-17 00:53:21,517 [INFO] ThirdParty:967 - CMSIS Pack Vendor :STMicroelectronics PDM2PCM 3.3.0
2025-09-17 00:53:21,517 [INFO] ThirdParty:787 - exiting critical section [change project]
2025-09-17 00:53:21,628 [INFO] PinOutPanel:1463 - setPackage(No Configuration,No Configuration)
2025-09-17 00:53:21,630 [INFO] PinOutPanel:1463 - setPackage(STM32F103C6Ux,UFQFPN48)
2025-09-17 00:53:21,837 [INFO] UtilMem:74 - Before build in PCC Used Memory: 969336224 Bytes (1073741824)
2025-09-17 00:53:22,089 [INFO] UtilMem:74 - After build in PCC Used Memory: 941383136 Bytes (1073741824)
2025-09-17 00:53:22,104 [INFO] IPUIPlugin:74 - create IPUIPlugin
2025-09-17 00:53:22,104 [INFO] IPUIPlugin:74 - create IPUIPlugin
2025-09-17 00:53:22,104 [INFO] IPUIPlugin:74 - create IPUIPlugin
2025-09-17 00:53:22,105 [INFO] IPUIPlugin:74 - create IPUIPlugin
2025-09-17 00:53:22,105 [INFO] IPUIPlugin:74 - create IPUIPlugin
2025-09-17 00:53:22,105 [INFO] IPUIPlugin:74 - create IPUIPlugin
2025-09-17 00:53:22,105 [INFO] IPUIPlugin:74 - create IPUIPlugin
2025-09-17 00:53:22,105 [INFO] IPUIPlugin:74 - create IPUIPlugin
2025-09-17 00:53:22,105 [INFO] IPUIPlugin:74 - create IPUIPlugin
2025-09-17 00:53:22,106 [INFO] IPUIPlugin:74 - create IPUIPlugin
2025-09-17 00:53:22,106 [INFO] IPUIPlugin:74 - create IPUIPlugin
2025-09-17 00:53:22,106 [INFO] IPUIPlugin:74 - create IPUIPlugin
2025-09-17 00:53:22,106 [INFO] IPUIPlugin:74 - create IPUIPlugin
2025-09-17 00:53:22,107 [INFO] IPUIPlugin:74 - create IPUIPlugin
2025-09-17 00:53:22,107 [INFO] IPUIPlugin:74 - create IPUIPlugin
2025-09-17 00:53:22,107 [INFO] IPUIPlugin:74 - create IPUIPlugin
2025-09-17 00:53:22,108 [INFO] IPUIPlugin:74 - create IPUIPlugin
2025-09-17 00:53:22,108 [INFO] IPUIPlugin:74 - create IPUIPlugin
2025-09-17 00:53:22,108 [INFO] IPUIPlugin:74 - create IPUIPlugin
2025-09-17 00:53:22,109 [INFO] IPUIPlugin:74 - create IPUIPlugin
2025-09-17 00:53:22,109 [INFO] IPUIPlugin:74 - create IPUIPlugin
2025-09-17 00:53:22,109 [INFO] IPUIPlugin:74 - create IPUIPlugin
2025-09-17 00:53:22,110 [INFO] IPUIPlugin:74 - create IPUIPlugin
2025-09-17 00:53:22,123 [INFO] OpenFileManager:333 - Restore cursor
2025-09-17 09:16:40,533 [INFO] Activator:177 - 


2025-09-17 09:16:40,535 [INFO] Activator:178 - !SESSION log4j initialized
2025-09-17 10:35:12,355 [INFO] Activator:177 - 


2025-09-17 10:35:12,358 [INFO] Activator:178 - !SESSION log4j initialized
2025-09-17 16:13:43,241 [INFO] McuFinderGlobals:39 - Set McuFinder mode to 2 (CubeIDE integrated)
2025-09-17 16:13:43,829 [INFO] ApplicationProperties:181 - Using Application install path: D:\STM32CubeIDE_1.7.0\STM32CubeIDE\plugins\com.st.stm32cube.common.mx_6.3.0.202107141111
2025-09-17 16:13:43,848 [INFO] DbMcusXml:74 - Set database path to: D:\STM32CubeIDE_1.7.0\STM32CubeIDE\plugins\com.st.stm32cube.common.mx_6.3.0.202107141111\\db\/mcu/
2025-09-17 16:13:43,854 [INFO] DbBoardsPdsc:56 - Set plugin database path to: D:\STM32CubeIDE_1.7.0\STM32CubeIDE\plugins\com.st.stm32cube.common.mx_6.3.0.202107141111\\db\/plugins/boardmanager/
2025-09-17 16:13:43,855 [INFO] DbMcus:258 - Set plugin images path to: D:\STM32CubeIDE_1.7.0\STM32CubeIDE\plugins\com.st.stm32cube.common.mx_6.3.0.202107141111\\db\/plugins/mcufinder/images/
2025-09-17 16:13:43,855 [INFO] DbBoards:264 - Set plugin images path to: D:\STM32CubeIDE_1.7.0\STM32CubeIDE\plugins\com.st.stm32cube.common.mx_6.3.0.202107141111\\db\/plugins/mcufinder/images/
2025-09-17 16:13:43,859 [INFO] DbExamples:333 - Set plugin images path to: D:\STM32CubeIDE_1.7.0\STM32CubeIDE\plugins\com.st.stm32cube.common.mx_6.3.0.202107141111\\db\/plugins/mcufinder/images/
2025-09-17 16:13:43,870 [INFO] DbMcusAds:119 - Set database path to: C:\Users\ACER\.stmcufinder\plugins\mcufinder//mcu/
2025-09-17 16:13:43,872 [INFO] DbMcusDocs:110 - Set database path to: C:\Users\ACER\.stmcufinder\plugins\mcufinder//mcu/
2025-09-17 16:13:43,876 [INFO] DbMcusJson:64 - Set database path to: C:\Users\ACER\.stmcufinder\plugins\mcufinder//mcu/
2025-09-17 16:13:43,877 [INFO] DbBoardsDocs:110 - Set database path to: C:\Users\ACER\.stmcufinder\plugins\mcufinder//mcu/
2025-09-17 16:13:43,879 [INFO] DbBoardsJson:57 - Set database path to: C:\Users\ACER\.stmcufinder\plugins\mcufinder//mcu/
2025-09-17 16:13:43,926 [INFO] CrossReferenceDbSqlite:196 - Set database path to: C:\Users\ACER\.stmcufinder\plugins\mcufinder//mcu/cs/
2025-09-17 16:13:43,932 [INFO] DbExamplesSqlite:767 - Set database path to: C:\Users\ACER\.stmcufinder\plugins\mcufinder//mcu/
2025-09-17 16:13:44,078 [INFO] RulesReader:57 - Compatibility file has been processed (242 Rules)
2025-09-17 16:13:44,213 [INFO] DbMcusXml:74 - Set database path to: D:\STM32CubeIDE_1.7.0\STM32CubeIDE\plugins\com.st.stm32cube.common.mx_6.3.0.202107141111\\db\/mcu/
2025-09-17 16:13:44,214 [INFO] DbBoardsPdsc:56 - Set plugin database path to: D:\STM32CubeIDE_1.7.0\STM32CubeIDE\plugins\com.st.stm32cube.common.mx_6.3.0.202107141111\\db\/plugins/boardmanager/
2025-09-17 16:13:44,215 [INFO] DbMcus:258 - Set plugin images path to: D:\STM32CubeIDE_1.7.0\STM32CubeIDE\plugins\com.st.stm32cube.common.mx_6.3.0.202107141111\\db\/plugins/mcufinder/images/
2025-09-17 16:13:44,215 [INFO] DbBoards:264 - Set plugin images path to: D:\STM32CubeIDE_1.7.0\STM32CubeIDE\plugins\com.st.stm32cube.common.mx_6.3.0.202107141111\\db\/plugins/mcufinder/images/
2025-09-17 16:13:44,216 [INFO] DbExamples:333 - Set plugin images path to: D:\STM32CubeIDE_1.7.0\STM32CubeIDE\plugins\com.st.stm32cube.common.mx_6.3.0.202107141111\\db\/plugins/mcufinder/images/
2025-09-17 16:13:44,216 [WARN] DbFile:35 - Overriding database path with different value: C:\Users\ACER\.stmcufinder\plugins\mcufinder/ => C:\Users\ACER\.stmcufinder\plugins\mcufinder
2025-09-17 16:13:44,216 [INFO] DbMcusAds:119 - Set database path to: C:\Users\ACER\.stmcufinder\plugins\mcufinder//mcu/
2025-09-17 16:13:44,216 [WARN] DbFile:35 - Overriding database path with different value: C:\Users\ACER\.stmcufinder\plugins\mcufinder/ => C:\Users\ACER\.stmcufinder\plugins\mcufinder
2025-09-17 16:13:44,216 [INFO] DbMcusDocs:110 - Set database path to: C:\Users\ACER\.stmcufinder\plugins\mcufinder//mcu/
2025-09-17 16:13:44,216 [WARN] DbFile:35 - Overriding database path with different value: C:\Users\ACER\.stmcufinder\plugins\mcufinder/ => C:\Users\ACER\.stmcufinder\plugins\mcufinder
2025-09-17 16:13:44,217 [INFO] DbMcusJson:64 - Set database path to: C:\Users\ACER\.stmcufinder\plugins\mcufinder//mcu/
2025-09-17 16:13:44,217 [WARN] DbFile:35 - Overriding database path with different value: C:\Users\ACER\.stmcufinder\plugins\mcufinder/ => C:\Users\ACER\.stmcufinder\plugins\mcufinder
2025-09-17 16:13:44,217 [INFO] DbBoardsDocs:110 - Set database path to: C:\Users\ACER\.stmcufinder\plugins\mcufinder//mcu/
2025-09-17 16:13:44,217 [WARN] DbFile:35 - Overriding database path with different value: C:\Users\ACER\.stmcufinder\plugins\mcufinder/ => C:\Users\ACER\.stmcufinder\plugins\mcufinder
2025-09-17 16:13:44,217 [INFO] DbBoardsJson:57 - Set database path to: C:\Users\ACER\.stmcufinder\plugins\mcufinder//mcu/
2025-09-17 16:13:44,218 [WARN] DbFile:35 - Overriding database path with different value: C:\Users\ACER\.stmcufinder\plugins\mcufinder/ => C:\Users\ACER\.stmcufinder\plugins\mcufinder
2025-09-17 16:13:44,218 [WARN] DbFile:35 - Overriding database path with different value: C:\Users\ACER\.stmcufinder\plugins\mcufinder/ => C:\Users\ACER\.stmcufinder\plugins\mcufinder
2025-09-17 16:13:44,218 [INFO] CrossReferenceDbSqlite:196 - Set database path to: C:\Users\ACER\.stmcufinder\plugins\mcufinder//mcu/cs/
2025-09-17 16:13:44,218 [WARN] DbFile:35 - Overriding database path with different value: C:\Users\ACER\.stmcufinder\plugins\mcufinder/ => C:\Users\ACER\.stmcufinder\plugins\mcufinder
2025-09-17 16:13:44,218 [INFO] DbExamplesSqlite:767 - Set database path to: C:\Users\ACER\.stmcufinder\plugins\mcufinder//mcu/
2025-09-17 16:13:44,322 [INFO] MainPanel:214 - HeapMemory: 957349888
2025-09-17 16:13:44,461 [INFO] DbMcusXml:74 - Set database path to: D:\STM32CubeIDE_1.7.0\STM32CubeIDE\plugins\com.st.stm32cube.common.mx_6.3.0.202107141111\\db\/mcu/
2025-09-17 16:13:44,462 [INFO] DbBoardsPdsc:56 - Set plugin database path to: D:\STM32CubeIDE_1.7.0\STM32CubeIDE\plugins\com.st.stm32cube.common.mx_6.3.0.202107141111\\db\/plugins/boardmanager/
2025-09-17 16:13:44,462 [INFO] DbMcus:258 - Set plugin images path to: D:\STM32CubeIDE_1.7.0\STM32CubeIDE\plugins\com.st.stm32cube.common.mx_6.3.0.202107141111\\db\/plugins/mcufinder/images/
2025-09-17 16:13:44,462 [INFO] DbBoards:264 - Set plugin images path to: D:\STM32CubeIDE_1.7.0\STM32CubeIDE\plugins\com.st.stm32cube.common.mx_6.3.0.202107141111\\db\/plugins/mcufinder/images/
2025-09-17 16:13:44,462 [INFO] DbExamples:333 - Set plugin images path to: D:\STM32CubeIDE_1.7.0\STM32CubeIDE\plugins\com.st.stm32cube.common.mx_6.3.0.202107141111\\db\/plugins/mcufinder/images/
2025-09-17 16:13:44,463 [WARN] DbFile:35 - Overriding database path with different value: C:\Users\ACER\.stmcufinder\plugins\mcufinder/ => C:\Users\ACER\.stmcufinder\plugins\mcufinder
2025-09-17 16:13:44,464 [INFO] DbMcusAds:119 - Set database path to: C:\Users\ACER\.stmcufinder\plugins\mcufinder//mcu/
2025-09-17 16:13:44,464 [WARN] DbFile:35 - Overriding database path with different value: C:\Users\ACER\.stmcufinder\plugins\mcufinder/ => C:\Users\ACER\.stmcufinder\plugins\mcufinder
2025-09-17 16:13:44,464 [INFO] DbMcusDocs:110 - Set database path to: C:\Users\ACER\.stmcufinder\plugins\mcufinder//mcu/
2025-09-17 16:13:44,464 [WARN] DbFile:35 - Overriding database path with different value: C:\Users\ACER\.stmcufinder\plugins\mcufinder/ => C:\Users\ACER\.stmcufinder\plugins\mcufinder
2025-09-17 16:13:44,465 [INFO] DbMcusJson:64 - Set database path to: C:\Users\ACER\.stmcufinder\plugins\mcufinder//mcu/
2025-09-17 16:13:44,465 [WARN] DbFile:35 - Overriding database path with different value: C:\Users\ACER\.stmcufinder\plugins\mcufinder/ => C:\Users\ACER\.stmcufinder\plugins\mcufinder
2025-09-17 16:13:44,465 [INFO] DbBoardsDocs:110 - Set database path to: C:\Users\ACER\.stmcufinder\plugins\mcufinder//mcu/
2025-09-17 16:13:44,465 [WARN] DbFile:35 - Overriding database path with different value: C:\Users\ACER\.stmcufinder\plugins\mcufinder/ => C:\Users\ACER\.stmcufinder\plugins\mcufinder
2025-09-17 16:13:44,465 [INFO] DbBoardsJson:57 - Set database path to: C:\Users\ACER\.stmcufinder\plugins\mcufinder//mcu/
2025-09-17 16:13:44,465 [WARN] DbFile:35 - Overriding database path with different value: C:\Users\ACER\.stmcufinder\plugins\mcufinder/ => C:\Users\ACER\.stmcufinder\plugins\mcufinder
2025-09-17 16:13:44,465 [WARN] DbFile:35 - Overriding database path with different value: C:\Users\ACER\.stmcufinder\plugins\mcufinder/ => C:\Users\ACER\.stmcufinder\plugins\mcufinder
2025-09-17 16:13:44,466 [INFO] CrossReferenceDbSqlite:196 - Set database path to: C:\Users\ACER\.stmcufinder\plugins\mcufinder//mcu/cs/
2025-09-17 16:13:44,466 [WARN] DbFile:35 - Overriding database path with different value: C:\Users\ACER\.stmcufinder\plugins\mcufinder/ => C:\Users\ACER\.stmcufinder\plugins\mcufinder
2025-09-17 16:13:44,466 [INFO] DbExamplesSqlite:767 - Set database path to: C:\Users\ACER\.stmcufinder\plugins\mcufinder//mcu/
2025-09-17 16:13:44,491 [INFO] ApplicationProperties:181 - Using Application install path: D:\STM32CubeIDE_1.7.0\STM32CubeIDE\plugins\com.st.stm32cube.common.mx_6.3.0.202107141111
2025-09-17 16:13:44,493 [INFO] PluginManage:188 - Search for loadable plugins [exclusion list=, ]
2025-09-17 16:13:44,495 [INFO] PluginManage:302 - Check plugin analytics
2025-09-17 16:13:44,727 [INFO] AnalyticsPlugin:257 - Accepted Software Licenses: 
2025-09-17 16:13:44,728 [INFO] AnalyticsPlugin:259 - Accepted CMSIS Pack Licenses: 
2025-09-17 16:13:44,728 [INFO] AnalyticsPlugin:261 - Accepted Firmware Licenses: 
2025-09-17 16:13:44,730 [INFO] PluginManage:352 - Loaded plugin analytics (category:tool,tabindex:-1)
2025-09-17 16:13:44,730 [INFO] PluginManage:302 - Check plugin clock
2025-09-17 16:13:44,768 [INFO] PluginManage:352 - Loaded plugin clock (category:base,tabindex:2)
2025-09-17 16:13:44,768 [INFO] PluginManage:302 - Check plugin ddr
2025-09-17 16:13:44,772 [INFO] PluginManage:352 - Loaded plugin ddr (category:tool,tabindex:6)
2025-09-17 16:13:44,772 [INFO] PluginManage:302 - Check plugin filemanager
2025-09-17 16:13:44,960 [INFO] PluginManage:352 - Loaded plugin filemanager (category:base,tabindex:10)
2025-09-17 16:13:44,960 [INFO] PluginManage:302 - Check plugin ipmanager
2025-09-17 16:13:44,974 [INFO] PluginManage:352 - Loaded plugin ipmanager (category:base,tabindex:5)
2025-09-17 16:13:44,974 [INFO] PluginManage:302 - Check plugin pinoutandconfiguration
2025-09-17 16:13:45,013 [INFO] PluginManage:352 - Loaded plugin pinoutandconfiguration (category:base,tabindex:1)
2025-09-17 16:13:45,013 [INFO] PluginManage:302 - Check plugin pinoutconfig
2025-09-17 16:13:45,076 [INFO] PluginManage:352 - Loaded plugin pinoutconfig (category:base,tabindex:0)
2025-09-17 16:13:45,076 [INFO] PluginManage:302 - Check plugin power
2025-09-17 16:13:45,114 [INFO] PluginManage:352 - Loaded plugin power (category:power,tabindex:4)
2025-09-17 16:13:45,115 [INFO] PluginManage:302 - Check plugin projectmanager
2025-09-17 16:13:45,138 [INFO] PluginManage:352 - Loaded plugin projectmanager (category:projectmanager,tabindex:3)
2025-09-17 16:13:45,138 [INFO] PluginManage:302 - Check plugin thirdparty
2025-09-17 16:13:45,552 [WARN] IntegrityCheckThread:78 - waiting for thirdparty lock release [integrity check]
2025-09-17 16:13:45,553 [INFO] PluginManage:352 - Loaded plugin thirdparty (category:base,tabindex:-1)
2025-09-17 16:13:45,554 [INFO] IntegrityCheckThread:80 - entering critical section [integrity check]
2025-09-17 16:13:45,554 [INFO] PluginManage:302 - Check plugin tools
2025-09-17 16:13:45,554 [INFO] ThirdPartyUpdaterWithRetryManager:66 - Updater plugin not ready yet. [1/15]
2025-09-17 16:13:45,697 [INFO] PluginManage:352 - Loaded plugin tools (category:base,tabindex:7)
2025-09-17 16:13:45,697 [INFO] PluginManage:302 - Check plugin tutovideos
2025-09-17 16:13:46,046 [INFO] PluginManage:352 - Loaded plugin tutovideos (category:base,tabindex:-1)
2025-09-17 16:13:46,046 [INFO] PluginManage:302 - Check plugin updater
2025-09-17 16:13:46,066 [INFO] PluginManage:352 - Loaded plugin updater (category:base,tabindex:12)
2025-09-17 16:13:46,067 [INFO] PluginManage:275 - PluginManage : Loaded plugins [13]
2025-09-17 16:13:46,325 [INFO] PinOutPanel:1463 - setPackage(No Configuration,No Configuration)
2025-09-17 16:13:46,474 [INFO] IPUIPlugin:74 - create IPUIPlugin
2025-09-17 16:13:46,475 [INFO] PluginManager:213 - loadIPPluginJar : add adc
2025-09-17 16:13:46,573 [INFO] IPUIPlugin:74 - create IPUIPlugin
2025-09-17 16:13:46,573 [INFO] PluginManager:213 - loadIPPluginJar : add aes
2025-09-17 16:13:46,676 [INFO] IPUIPlugin:74 - create IPUIPlugin
2025-09-17 16:13:46,676 [INFO] PluginManager:213 - loadIPPluginJar : add can
2025-09-17 16:13:46,752 [INFO] IPUIPlugin:74 - create IPUIPlugin
2025-09-17 16:13:46,753 [INFO] PluginManager:213 - loadIPPluginJar : add comp
2025-09-17 16:13:46,839 [INFO] IPUIPlugin:74 - create IPUIPlugin
2025-09-17 16:13:46,840 [INFO] PluginManager:213 - loadIPPluginJar : add cryp
2025-09-17 16:13:46,929 [INFO] IPUIPlugin:74 - create IPUIPlugin
2025-09-17 16:13:46,930 [INFO] PluginManager:213 - loadIPPluginJar : add dfsdm
2025-09-17 16:13:46,957 [INFO] IPUIPlugin:74 - create IPUIPlugin
2025-09-17 16:13:46,959 [INFO] PluginManager:213 - loadIPPluginJar : add dma
2025-09-17 16:13:47,081 [INFO] IPUIPlugin:74 - create IPUIPlugin
2025-09-17 16:13:47,081 [INFO] PluginManager:213 - loadIPPluginJar : add dma3
2025-09-17 16:13:47,152 [INFO] IPUIPlugin:74 - create IPUIPlugin
2025-09-17 16:13:47,152 [INFO] PluginManager:213 - loadIPPluginJar : add fatfs
2025-09-17 16:13:47,280 [INFO] IPUIPlugin:74 - create IPUIPlugin
2025-09-17 16:13:47,280 [INFO] PluginManager:213 - loadIPPluginJar : add fmc
2025-09-17 16:13:47,311 [INFO] IPUIPlugin:74 - create IPUIPlugin
2025-09-17 16:13:47,312 [INFO] PluginManager:213 - loadIPPluginJar : add freertos
2025-09-17 16:13:47,385 [INFO] IPUIPlugin:74 - create IPUIPlugin
2025-09-17 16:13:47,386 [INFO] PluginManager:213 - loadIPPluginJar : add genericplugin
2025-09-17 16:13:47,617 [INFO] IPUIPlugin:74 - create IPUIPlugin
2025-09-17 16:13:47,618 [INFO] PluginManager:213 - loadIPPluginJar : add gfxmmu
2025-09-17 16:13:47,938 [INFO] IPUIPlugin:74 - create IPUIPlugin
2025-09-17 16:13:47,939 [INFO] PluginManager:213 - loadIPPluginJar : add gic
2025-09-17 16:13:47,965 [INFO] IPUIPlugin:74 - create IPUIPlugin
2025-09-17 16:13:47,965 [INFO] PluginManager:213 - loadIPPluginJar : add gpio
2025-09-17 16:13:48,144 [INFO] IPUIPlugin:74 - create IPUIPlugin
2025-09-17 16:13:48,145 [INFO] PluginManager:213 - loadIPPluginJar : add gtzc
2025-09-17 16:13:48,235 [INFO] IPUIPlugin:74 - create IPUIPlugin
2025-09-17 16:13:48,236 [INFO] PluginManager:213 - loadIPPluginJar : add hash
2025-09-17 16:13:48,387 [INFO] IPUIPlugin:74 - create IPUIPlugin
2025-09-17 16:13:48,387 [INFO] PluginManager:213 - loadIPPluginJar : add i2c
2025-09-17 16:13:48,497 [INFO] IPUIPlugin:74 - create IPUIPlugin
2025-09-17 16:13:48,497 [INFO] PluginManager:213 - loadIPPluginJar : add i2s
2025-09-17 16:13:48,519 [INFO] IPUIPlugin:74 - create IPUIPlugin
2025-09-17 16:13:48,520 [INFO] PluginManager:213 - loadIPPluginJar : add ipddr
2025-09-17 16:13:48,557 [INFO] ThirdPartyUpdaterWithRetryManager:66 - Updater plugin not ready yet. [2/15]
2025-09-17 16:13:48,743 [INFO] IPUIPlugin:74 - create IPUIPlugin
2025-09-17 16:13:48,744 [INFO] PluginManager:213 - loadIPPluginJar : add linkedlist
2025-09-17 16:13:48,844 [INFO] IPUIPlugin:74 - create IPUIPlugin
2025-09-17 16:13:48,845 [INFO] PluginManager:213 - loadIPPluginJar : add lorawan
2025-09-17 16:13:48,948 [INFO] IPUIPlugin:74 - create IPUIPlugin
2025-09-17 16:13:48,949 [INFO] PluginManager:213 - loadIPPluginJar : add ltdc
2025-09-17 16:13:48,972 [INFO] IPUIPlugin:74 - create IPUIPlugin
2025-09-17 16:13:48,973 [INFO] PluginManager:213 - loadIPPluginJar : add mdma
2025-09-17 16:13:48,996 [INFO] IPUIPlugin:74 - create IPUIPlugin
2025-09-17 16:13:48,996 [INFO] PluginManager:213 - loadIPPluginJar : add nvic
2025-09-17 16:13:49,104 [INFO] IPUIPlugin:74 - create IPUIPlugin
2025-09-17 16:13:49,105 [INFO] PluginManager:213 - loadIPPluginJar : add opamp
2025-09-17 16:13:49,263 [INFO] IPUIPlugin:74 - create IPUIPlugin
2025-09-17 16:13:49,263 [INFO] PluginManager:213 - loadIPPluginJar : add openamp
2025-09-17 16:13:49,382 [INFO] IPUIPlugin:74 - create IPUIPlugin
2025-09-17 16:13:49,383 [INFO] PluginManager:213 - loadIPPluginJar : add pdm2pcm
2025-09-17 16:13:49,411 [INFO] IPUIPlugin:74 - create IPUIPlugin
2025-09-17 16:13:49,416 [INFO] PluginManager:213 - loadIPPluginJar : add plateformsettings
2025-09-17 16:13:49,491 [INFO] IPUIPlugin:74 - create IPUIPlugin
2025-09-17 16:13:49,492 [INFO] PluginManager:213 - loadIPPluginJar : add quadspi
2025-09-17 16:13:49,516 [INFO] IPUIPlugin:74 - create IPUIPlugin
2025-09-17 16:13:49,516 [INFO] PluginManager:213 - loadIPPluginJar : add resmgrutility
2025-09-17 16:13:49,643 [INFO] IPUIPlugin:74 - create IPUIPlugin
2025-09-17 16:13:49,643 [INFO] PluginManager:213 - loadIPPluginJar : add sai
2025-09-17 16:13:49,748 [INFO] IPUIPlugin:74 - create IPUIPlugin
2025-09-17 16:13:49,749 [INFO] PluginManager:213 - loadIPPluginJar : add spi
2025-09-17 16:13:49,882 [INFO] IPUIPlugin:74 - create IPUIPlugin
2025-09-17 16:13:49,882 [INFO] PluginManager:213 - loadIPPluginJar : add stm32_wpan
2025-09-17 16:13:49,960 [INFO] IPUIPlugin:74 - create IPUIPlugin
2025-09-17 16:13:49,960 [INFO] PluginManager:213 - loadIPPluginJar : add tim
2025-09-17 16:13:50,105 [INFO] IPUIPlugin:74 - create IPUIPlugin
2025-09-17 16:13:50,105 [INFO] PluginManager:213 - loadIPPluginJar : add touchsensing
2025-09-17 16:13:50,180 [INFO] IPUIPlugin:74 - create IPUIPlugin
2025-09-17 16:13:50,181 [INFO] PluginManager:213 - loadIPPluginJar : add tracer_emb
2025-09-17 16:13:50,262 [INFO] IPUIPlugin:74 - create IPUIPlugin
2025-09-17 16:13:50,262 [INFO] PluginManager:213 - loadIPPluginJar : add ts
2025-09-17 16:13:50,340 [INFO] IPUIPlugin:74 - create IPUIPlugin
2025-09-17 16:13:50,341 [INFO] PluginManager:213 - loadIPPluginJar : add tsc
2025-09-17 16:13:50,415 [INFO] IPUIPlugin:74 - create IPUIPlugin
2025-09-17 16:13:50,416 [INFO] PluginManager:213 - loadIPPluginJar : add ucpd
2025-09-17 16:13:50,532 [INFO] IPUIPlugin:74 - create IPUIPlugin
2025-09-17 16:13:50,532 [INFO] PluginManager:213 - loadIPPluginJar : add usart
2025-09-17 16:13:50,640 [INFO] IPUIPlugin:74 - create IPUIPlugin
2025-09-17 16:13:50,640 [INFO] PluginManager:213 - loadIPPluginJar : add usbx
2025-09-17 16:13:51,073 [FATAL] Updater:294 - Updater called before beeing initialized
2025-09-17 16:13:51,250 [FATAL] Updater:294 - Updater called before beeing initialized
2025-09-17 16:13:51,270 [INFO] DbMcusAds:47 - JSON generation date=Tue Jul 08 15:14:23 ICT 2025 (1751962463582)
2025-09-17 16:13:51,271 [FATAL] Updater:294 - Updater called before beeing initialized
2025-09-17 16:13:51,405 [WARN] DetailPanel:314 - Failed to get advertising image, set to default
2025-09-17 16:13:51,566 [INFO] ThirdPartyUpdaterWithRetryManager:66 - Updater plugin not ready yet. [3/15]
2025-09-17 16:13:51,571 [FATAL] Updater:294 - Updater called before beeing initialized
2025-09-17 16:13:51,575 [FATAL] Updater:294 - Updater called before beeing initialized
2025-09-17 16:13:51,576 [FATAL] Updater:294 - Updater called before beeing initialized
2025-09-17 16:13:51,576 [WARN] DetailPanel:314 - Failed to get advertising image, set to default
2025-09-17 16:13:51,578 [FATAL] Updater:294 - Updater called before beeing initialized
2025-09-17 16:13:51,684 [ERROR] Updater:1075 - MainUpdater not yet initialized. External WinMGr cannot be set.
2025-09-17 16:13:51,704 [INFO] Updater:1012 - Updater Version found : 6.3.0
2025-09-17 16:13:51,735 [INFO] ApplicationProperties:181 - Using Application install path: D:\STM32CubeIDE_1.7.0\STM32CubeIDE\plugins\com.st.stm32cube.common.mx_6.3.0.202107141111
2025-09-17 16:13:52,097 [INFO] MainUpdater:2671 - connection check result : 10
2025-09-17 16:13:52,098 [INFO] MainUpdater:265 - Updater Check For Update Now.
2025-09-17 16:13:52,098 [INFO] MicroXplorer:478 - Change Database Version : DB.6.0.30
2025-09-17 16:13:52,304 [INFO] CheckServerUpdateThread:112 - End of CheckServer Thread
2025-09-17 16:13:52,364 [INFO] MainUpdater:2671 - connection check result : 10
2025-09-17 16:13:52,377 [INFO] MainUpdater:2671 - connection check result : 10
2025-09-17 16:13:52,860 [INFO] MicroXplorer:448 - Change Database Path : 
2025-09-17 16:13:52,861 [INFO] MicroXplorer:478 - Change Database Version : DB.6.0.30
2025-09-17 16:13:52,862 [WARN] ThirdParty:813 - waiting for thirdparty lock release [close project]
2025-09-17 16:13:54,628 [INFO] ThirdParty:915 - Integrity check success = true
2025-09-17 16:13:54,628 [INFO] IntegrityCheckThread:94 - exiting critical section [integrity check]
2025-09-17 16:13:54,629 [INFO] IntegrityCheckThread:97 - End integrity checks thread
2025-09-17 16:13:54,629 [INFO] ThirdParty:815 - entering critical section [close project]
2025-09-17 16:13:54,630 [INFO] ThirdParty:825 - exiting critical section [close project]
2025-09-17 16:13:54,635 [INFO] PinOutPanel:1463 - setPackage(No Configuration,No Configuration)
2025-09-17 16:13:54,636 [INFO] UtilMem:74 - Begin LoadConfig() Used Memory: 856043776 Bytes (957349888)
2025-09-17 16:13:54,638 [INFO] MicroXplorer:448 - Change Database Path : 
2025-09-17 16:13:54,638 [INFO] MicroXplorer:478 - Change Database Version : DB.6.0.30
2025-09-17 16:13:54,638 [INFO] OpenFileManager:313 - Change cursor
2025-09-17 16:13:55,868 [INFO] Context:592 - Trying to add GPIOservice into a context  which must be forbidden
2025-09-17 16:13:56,240 [INFO] RtosManager:484 - Registered RTOS mode: class=CMSIS, group=RTOS, mode=CMSIS_V1, owner=FREERTOS
2025-09-17 16:13:56,240 [INFO] RtosManager:484 - Registered RTOS mode: class=CMSIS, group=RTOS2, mode=CMSIS_V2, owner=FREERTOS
2025-09-17 16:13:56,241 [INFO] RtosManager:484 - Registered RTOS mode: class=RTOS, group=Core, mode=CMSIS_V1, owner=FREERTOS
2025-09-17 16:13:56,241 [INFO] RtosManager:484 - Registered RTOS mode: class=RTOS, group=Core, mode=CMSIS_V2, owner=FREERTOS
2025-09-17 16:13:56,241 [WARN] ModelIntegratedComponent:181 - Missing modes for component STMicroelectronics:FreeRTOS:0.0.1:STMicroelectronics:RTOS:FreeRTOS:Core:::10.2.0:
2025-09-17 16:13:56,245 [WARN] ModelIntegratedComponent:60 - No mode defined for component null
2025-09-17 16:13:56,246 [WARN] ModelIntegratedComponent:60 - No mode defined for component null
2025-09-17 16:13:56,246 [WARN] ModelIntegratedComponent:60 - No mode defined for component null
2025-09-17 16:13:56,246 [WARN] ModelIntegratedComponent:60 - No mode defined for component null
2025-09-17 16:13:56,246 [WARN] ModelIntegratedComponent:60 - No mode defined for component null
2025-09-17 16:13:56,246 [WARN] ModelIntegratedComponent:60 - No mode defined for component null
2025-09-17 16:13:56,246 [WARN] ModelIntegratedComponent:60 - No mode defined for component null
2025-09-17 16:13:56,246 [WARN] ModelIntegratedComponent:60 - No mode defined for component null
2025-09-17 16:13:56,246 [WARN] ModelIntegratedComponent:60 - No mode defined for component null
2025-09-17 16:13:56,247 [WARN] ModelIntegratedComponent:60 - No mode defined for component null
2025-09-17 16:13:56,247 [WARN] ModelIntegratedComponent:60 - No mode defined for component null
2025-09-17 16:13:56,247 [WARN] ModelIntegratedComponent:60 - No mode defined for component null
2025-09-17 16:13:56,247 [WARN] ModelIntegratedComponent:60 - No mode defined for component null
2025-09-17 16:13:56,247 [WARN] ModelIntegratedComponent:60 - No mode defined for component null
2025-09-17 16:13:56,247 [WARN] ModelIntegratedComponent:60 - No mode defined for component null
2025-09-17 16:13:56,247 [WARN] ModelIntegratedComponent:60 - No mode defined for component null
2025-09-17 16:13:56,247 [WARN] ModelIntegratedComponent:60 - No mode defined for component null
2025-09-17 16:13:56,247 [WARN] ModelIntegratedComponent:60 - No mode defined for component null
2025-09-17 16:13:56,247 [WARN] ModelIntegratedComponent:60 - No mode defined for component null
2025-09-17 16:13:56,248 [WARN] ModelIntegratedComponent:60 - No mode defined for component null
2025-09-17 16:13:56,248 [WARN] ModelIntegratedComponent:60 - No mode defined for component null
2025-09-17 16:13:56,248 [WARN] ModelIntegratedComponent:60 - No mode defined for component null
2025-09-17 16:13:56,248 [WARN] ModelIntegratedComponent:60 - No mode defined for component null
2025-09-17 16:13:56,248 [WARN] ModelIntegratedComponent:60 - No mode defined for component null
2025-09-17 16:13:56,248 [WARN] ModelIntegratedComponent:60 - No mode defined for component null
2025-09-17 16:13:56,248 [WARN] ModelIntegratedComponent:60 - No mode defined for component null
2025-09-17 16:13:56,248 [WARN] ModelIntegratedComponent:60 - No mode defined for component null
2025-09-17 16:13:56,248 [WARN] ModelIntegratedComponent:60 - No mode defined for component null
2025-09-17 16:13:56,248 [WARN] ModelIntegratedComponent:60 - No mode defined for component null
2025-09-17 16:13:56,248 [WARN] ModelIntegratedComponent:60 - No mode defined for component null
2025-09-17 16:13:56,249 [WARN] ModelIntegratedComponent:60 - No mode defined for component null
2025-09-17 16:13:56,348 [INFO] UtilMem:74 - End LoadConfig() Used Memory: 855376080 Bytes (957349888)
2025-09-17 16:13:56,350 [INFO] DbMcusXml:100 - Load MCU database from D:\STM32CubeIDE_1.7.0\STM32CubeIDE\plugins\com.st.stm32cube.common.mx_6.3.0.202107141111\\db\/mcu/families.xml
2025-09-17 16:13:57,419 [INFO] DbMcusJson:93 - JSON generation date=Tue Nov 16 23:17:54 ICT 2021 (1637079474)
2025-09-17 16:13:58,289 [INFO] DbMcus:175 - Found 1951 MCUs (1903 are supported by CubeMX, 1914 are visible in CubeMX)
2025-09-17 16:13:58,290 [INFO] ApiDb:251 - Load user favorites file C:\Users\ACER/.stm32cubeide/favorites.mcus.txt: 0 item(s)
2025-09-17 16:13:58,291 [INFO] ApiDb:255 - User favorites MCUs=[]
2025-09-17 16:13:58,291 [INFO] DbMcus:187 - Set 0 / 0 favorites MCUs
2025-09-17 16:13:58,309 [WARN] ThirdParty:779 - waiting for thirdparty lock release [change project]
2025-09-17 16:13:58,310 [INFO] ThirdParty:781 - entering critical section [change project]
2025-09-17 16:13:58,310 [INFO] ThirdParty:967 - CMSIS Pack Vendor :STMicroelectronics USB_HOST 2.0.0
2025-09-17 16:13:58,310 [INFO] ThirdParty:967 - CMSIS Pack Vendor :STMicroelectronics FreeRTOS 0.0.1
2025-09-17 16:13:58,310 [INFO] ThirdParty:967 - CMSIS Pack Vendor :STMicroelectronics USB_DEVICE 1.0.0
2025-09-17 16:13:58,310 [INFO] ThirdParty:967 - CMSIS Pack Vendor :STMicroelectronics USB_DEVICE 3.0.0
2025-09-17 16:13:58,310 [INFO] ThirdParty:967 - CMSIS Pack Vendor :STMicroelectronics HAL Drivers 0.0.0
2025-09-17 16:13:58,311 [INFO] ThirdParty:967 - CMSIS Pack Vendor :STMicroelectronics MBEDTLS 2.16.2
2025-09-17 16:13:58,311 [INFO] ThirdParty:967 - CMSIS Pack Vendor :STMicroelectronics ThreadX 0.0.2
2025-09-17 16:13:58,311 [INFO] ThirdParty:967 - CMSIS Pack Vendor :STMicroelectronics lwIP 2.0.3
2025-09-17 16:13:58,311 [INFO] ThirdParty:967 - CMSIS Pack Vendor :STMicroelectronics lwIP 2.1.2
2025-09-17 16:13:58,311 [INFO] ThirdParty:967 - CMSIS Pack Vendor :STMicroelectronics MBEDTLS 2.14.1
2025-09-17 16:13:58,311 [INFO] ThirdParty:967 - CMSIS Pack Vendor :STMicroelectronics USB_HOST 1.0.0
2025-09-17 16:13:58,311 [INFO] ThirdParty:967 - CMSIS Pack Vendor :STMicroelectronics PDM2PCM 3.1.0
2025-09-17 16:13:58,311 [INFO] ThirdParty:967 - CMSIS Pack Vendor :STMicroelectronics PDM2PCM 3.2.0
2025-09-17 16:13:58,311 [INFO] ThirdParty:967 - CMSIS Pack Vendor :STMicroelectronics USB_DEVICE 2.0.0
2025-09-17 16:13:58,312 [INFO] ThirdParty:967 - CMSIS Pack Vendor :STMicroelectronics PDM2PCM 3.3.0
2025-09-17 16:13:58,312 [INFO] ThirdParty:787 - exiting critical section [change project]
2025-09-17 16:13:58,738 [INFO] PinOutPanel:1463 - setPackage(No Configuration,No Configuration)
2025-09-17 16:13:58,740 [INFO] PinOutPanel:1463 - setPackage(STM32F103C6Ux,UFQFPN48)
2025-09-17 16:13:59,243 [INFO] UtilMem:74 - Before build in PCC Used Memory: 1012357032 Bytes (1067450368)
2025-09-17 16:14:00,247 [INFO] UtilMem:74 - After build in PCC Used Memory: 1030994512 Bytes (1073741824)
2025-09-17 16:14:00,277 [INFO] IPUIPlugin:74 - create IPUIPlugin
2025-09-17 16:14:00,277 [INFO] IPUIPlugin:74 - create IPUIPlugin
2025-09-17 16:14:00,278 [INFO] IPUIPlugin:74 - create IPUIPlugin
2025-09-17 16:14:00,278 [INFO] IPUIPlugin:74 - create IPUIPlugin
2025-09-17 16:14:00,278 [INFO] IPUIPlugin:74 - create IPUIPlugin
2025-09-17 16:14:00,278 [INFO] IPUIPlugin:74 - create IPUIPlugin
2025-09-17 16:14:00,279 [INFO] IPUIPlugin:74 - create IPUIPlugin
2025-09-17 16:14:00,279 [INFO] IPUIPlugin:74 - create IPUIPlugin
2025-09-17 16:14:00,279 [INFO] IPUIPlugin:74 - create IPUIPlugin
2025-09-17 16:14:00,280 [INFO] IPUIPlugin:74 - create IPUIPlugin
2025-09-17 16:14:00,280 [INFO] IPUIPlugin:74 - create IPUIPlugin
2025-09-17 16:14:00,281 [INFO] IPUIPlugin:74 - create IPUIPlugin
2025-09-17 16:14:00,281 [INFO] IPUIPlugin:74 - create IPUIPlugin
2025-09-17 16:14:00,282 [INFO] IPUIPlugin:74 - create IPUIPlugin
2025-09-17 16:14:00,283 [INFO] IPUIPlugin:74 - create IPUIPlugin
2025-09-17 16:14:00,283 [INFO] IPUIPlugin:74 - create IPUIPlugin
2025-09-17 16:14:00,284 [INFO] IPUIPlugin:74 - create IPUIPlugin
2025-09-17 16:14:00,284 [INFO] IPUIPlugin:74 - create IPUIPlugin
2025-09-17 16:14:00,285 [INFO] IPUIPlugin:74 - create IPUIPlugin
2025-09-17 16:14:00,286 [INFO] IPUIPlugin:74 - create IPUIPlugin
2025-09-17 16:14:00,286 [INFO] IPUIPlugin:74 - create IPUIPlugin
2025-09-17 16:14:00,287 [INFO] IPUIPlugin:74 - create IPUIPlugin
2025-09-17 16:14:00,288 [INFO] IPUIPlugin:74 - create IPUIPlugin
2025-09-17 16:14:00,526 [INFO] OpenFileManager:333 - Restore cursor
2025-09-17 16:58:41,968 [INFO] MainUpdater:2671 - connection check result : 10
2025-09-17 16:58:42,266 [INFO] McuFinderGlobals:52 - Set McuFinderConnectedMode to false
2025-09-17 16:58:42,365 [INFO] CrossSelectorPresenter:1330 - Cross Selector saved comparison directory: C:\Users\ACER\.stmcufinder\plugins\mcufinder\mcu\cs_comparisons_mx
2025-09-17 16:58:42,373 [INFO] MultiScanPanel:197 - Auto-refresh data requested => check proxy status ongoing
2025-09-17 16:58:42,373 [INFO] MultiScanPanel:201 - Proxy status is invalid
2025-09-17 16:58:42,378 [INFO] FinderPluginLoader:87 - Searching for filters in installed packs
2025-09-17 16:58:43,085 [INFO] DetailPanel:309 - Set advertising image to C:/Users/ACER/STM32Cube/Repository/\en.2400x1350px.jpeg
2025-09-17 16:58:43,569 [INFO] DbBoardsPdsc:90 - Found 25 items
2025-09-17 16:58:43,592 [INFO] DbBoardsPdsc:90 - Found 9 items
2025-09-17 16:58:43,617 [INFO] DbBoardsPdsc:90 - Found 33 items
2025-09-17 16:58:43,648 [INFO] DbBoardsPdsc:90 - Found 1 items
2025-09-17 16:58:43,674 [INFO] DbBoardsPdsc:90 - Found 48 items
2025-09-17 16:58:43,701 [INFO] DbBoardsPdsc:90 - Found 43 items
2025-09-17 16:58:43,722 [INFO] DbBoardsPdsc:90 - Found 2 items
2025-09-17 16:58:43,742 [INFO] DbBoardsPdsc:90 - Found 5 items
2025-09-17 16:58:43,747 [WARN] DbBoardsPdsc:254 - Board STM32H7B3I-DK: unknown feature type=Audio, name=, username=Audio stereo codec with Headphone Amp (CS42L51-CNZ), n=1
2025-09-17 16:58:43,748 [WARN] DbBoardsPdsc:254 - Board STM32H735G-DK: unknown feature type=Audio, name=, username=Audio stereo codec with Headphone Amp (WM8994ECS/R), n=1
2025-09-17 16:58:43,750 [WARN] DbBoardsPdsc:254 - Board STM32H7B3I-EVAL: unknown feature type=Audio, name=, username=Multi-Channel Audio Codec (CS42L51-CNZ), n=1
2025-09-17 16:58:43,750 [WARN] DbBoardsPdsc:254 - Board STM32H7B3I-EVAL: unknown feature type=Meter, name=, username=Power-metering and Temperature-monitoring with sigma-delta modulators, n=1
2025-09-17 16:58:43,750 [WARN] DbBoardsPdsc:254 - Board STM32H7B3I-EVAL: unknown feature type=Motor, name=, username=Motor Control, n=1
2025-09-17 16:58:43,751 [WARN] DbBoardsPdsc:254 - Board STM32U575I-EV: unknown feature type=joystick, name=, username=4-direction joystick with selection button, n=1
2025-09-17 16:58:43,808 [INFO] DbBoardsJson:86 - JSON generation date=Tue Nov 16 23:17:54 ICT 2021 (1637079474)
2025-09-17 16:58:43,816 [INFO] DbBoards:117 - Found 167 boards (163 are supported by CubeMX)
2025-09-17 16:58:43,838 [INFO] DbBoardsDocs:143 - JSON generation date=Tue Nov 16 23:17:54 ICT 2021 (1637079474)
2025-09-17 16:58:43,842 [INFO] DbBoardsDocs:79 - Found 209 boards documents
2025-09-17 16:58:43,843 [WARN] DbBoards:127 - board B-L475E-IOT01A2 has no document id list !
2025-09-17 16:58:43,844 [WARN] DbBoards:127 - board NUCLEO-H743ZI has no document id list !
2025-09-17 16:58:43,845 [WARN] DbBoards:127 - board NUCLEO-WL55JC2 has no document id list !
2025-09-17 16:58:43,845 [WARN] DbBoards:127 - board P-NUCLEO-WB55-Nucleo has no document id list !
2025-09-17 16:58:43,845 [WARN] DbBoards:127 - board P-NUCLEO-WB55-USBDongle has no document id list !
2025-09-17 16:58:43,845 [WARN] DbBoards:127 - board STEVAL-BFA001V1B has no document id list !
2025-09-17 16:58:43,845 [WARN] DbBoards:127 - board STEVAL-BFA001V2B has no document id list !
2025-09-17 16:58:43,845 [WARN] DbBoards:127 - board STEVAL-IDP005V1 has no document id list !
2025-09-17 16:58:43,845 [WARN] DbBoards:127 - board STEVAL-IDP005V2 has no document id list !
2025-09-17 16:58:43,845 [WARN] DbBoards:127 - board STEVAL-MKSBOX1V1 has no document id list !
2025-09-17 16:58:43,845 [WARN] DbBoards:127 - board STEVAL-STWINKT1 has no document id list !
2025-09-17 16:58:43,845 [WARN] DbBoards:127 - board STEVAL-STWINKT1B has no document id list !
2025-09-17 16:58:43,846 [WARN] DbBoards:127 - board STM32439I-EVAL2 has no document id list !
2025-09-17 16:58:43,846 [WARN] DbBoards:127 - board STM32F401C-DISCO has no document id list !
2025-09-17 16:58:43,847 [WARN] DbBoards:127 - board STM32F769I-DISC1 has no document id list !
2025-09-17 16:58:43,847 [WARN] DbBoards:127 - board STM32G474E-EVAL1 has no document id list !
2025-09-17 16:58:43,848 [WARN] DbBoards:127 - board STM32H743I-EVAL2 has no document id list !
2025-09-17 16:58:43,848 [WARN] DbBoards:127 - board STM32H747I-DISC1 has no document id list !
2025-09-17 16:58:43,848 [WARN] DbBoards:127 - board STM32H753I-EVAL2 has no document id list !
2025-09-17 16:58:43,848 [WARN] DbBoards:127 - board STM32L-DISCOVERY has no document id list !
2025-09-17 16:58:44,060 [ERROR] DbBoards:189 - Image file not found for board B-U585I-IOT02A: D:\STM32CubeIDE_1.7.0\STM32CubeIDE\plugins\com.st.stm32cube.common.mx_6.3.0.202107141111\\db\/plugins/mcufinder/images/boards/B-U585I-IOT02A_small.jpg
2025-09-17 16:58:44,230 [ERROR] DbBoards:189 - Image file not found for board NUCLEO-F413ZH: D:\STM32CubeIDE_1.7.0\STM32CubeIDE\plugins\com.st.stm32cube.common.mx_6.3.0.202107141111\\db\/plugins/mcufinder/images/boards/nucleo-f413zh_small.jpg
2025-09-17 16:58:44,493 [ERROR] DbBoards:189 - Image file not found for board NUCLEO-L552ZE-Q: D:\STM32CubeIDE_1.7.0\STM32CubeIDE\plugins\com.st.stm32cube.common.mx_6.3.0.202107141111\\db\/plugins/mcufinder/images/boards/nucleo_l552ze_q_small.jpg
2025-09-17 16:58:44,493 [ERROR] DbBoards:189 - Image file not found for board NUCLEO-U575ZI-Q: D:\STM32CubeIDE_1.7.0\STM32CubeIDE\plugins\com.st.stm32cube.common.mx_6.3.0.202107141111\\db\/plugins/mcufinder/images/boards/nucleo-u575zi-q_small.jpg
2025-09-17 16:58:44,493 [ERROR] DbBoards:189 - Image file not found for board NUCLEO-WB15CC: D:\STM32CubeIDE_1.7.0\STM32CubeIDE\plugins\com.st.stm32cube.common.mx_6.3.0.202107141111\\db\/plugins/mcufinder/images/boards/nucleo-wb15cc_small.jpg
2025-09-17 16:58:44,493 [ERROR] DbBoards:189 - Image file not found for board NUCLEO-WB55RG: D:\STM32CubeIDE_1.7.0\STM32CubeIDE\plugins\com.st.stm32cube.common.mx_6.3.0.202107141111\\db\/plugins/mcufinder/images/boards/nucleo-wb55rg_small.jpg
2025-09-17 16:58:46,964 [INFO] ApiDb:251 - Load user favorites file C:\Users\ACER/.stm32cubeide/favorites.boards.txt: 0 item(s)
2025-09-17 16:58:46,965 [INFO] ApiDb:255 - User favorites Boards=[]
2025-09-17 16:58:46,965 [INFO] DbBoards:206 - Set 0 / 0 favorites Boards
2025-09-17 17:00:09,826 [INFO] DbMcusDocs:143 - JSON generation date=Tue Nov 16 23:17:54 ICT 2021 (1637079474)
2025-09-17 17:00:10,314 [INFO] DbMcusDocs:79 - Found 682 MCUs documents
2025-09-17 17:00:49,638 [INFO] MainUpdater:2671 - connection check result : 10
2025-09-17 17:00:49,640 [INFO] MainUpdater:2671 - connection check result : 10
2025-09-17 17:00:49,931 [INFO] MicroXplorer:448 - Change Database Path : 
2025-09-17 17:00:49,932 [INFO] MicroXplorer:478 - Change Database Version : DB.6.0.30
2025-09-17 17:00:49,932 [WARN] ThirdParty:813 - waiting for thirdparty lock release [close project]
2025-09-17 17:00:49,932 [INFO] ThirdParty:815 - entering critical section [close project]
2025-09-17 17:00:49,932 [INFO] ThirdParty:825 - exiting critical section [close project]
2025-09-17 17:00:49,933 [INFO] PinOutPanel:1463 - setPackage(No Configuration,No Configuration)
2025-09-17 17:00:49,943 [INFO] UtilMem:74 - Begin LoadConfig() Used Memory: 919210032 Bytes (1073741824)
2025-09-17 17:00:49,943 [INFO] MicroXplorer:448 - Change Database Path : 
2025-09-17 17:00:49,944 [INFO] MicroXplorer:478 - Change Database Version : DB.6.0.30
2025-09-17 17:00:49,944 [INFO] OpenFileManager:313 - Change cursor
2025-09-17 17:00:51,051 [INFO] Context:592 - Trying to add GPIOservice into a context  which must be forbidden
2025-09-17 17:00:51,287 [INFO] ImportTextPane:167 - (OptionalMessage_ERROR) Unable to find key (Mcu.ThirdPartyNb) in loaded IOC file
2025-09-17 17:00:51,287 [INFO] ImportTextPane:167 - (OptionalMessage_ERROR) Unable to find key (Mcu.PinsNb) in loaded IOC file
2025-09-17 17:00:51,288 [INFO] ImportTextPane:167 - (OptionalMessage_ERROR) Unable to find key (Mcu.IPNb) in loaded IOC file
2025-09-17 17:00:51,302 [INFO] RtosManager:484 - Registered RTOS mode: class=CMSIS, group=RTOS, mode=CMSIS_V1, owner=FREERTOS
2025-09-17 17:00:51,302 [INFO] RtosManager:484 - Registered RTOS mode: class=CMSIS, group=RTOS2, mode=CMSIS_V2, owner=FREERTOS
2025-09-17 17:00:51,302 [INFO] RtosManager:484 - Registered RTOS mode: class=RTOS, group=Core, mode=CMSIS_V1, owner=FREERTOS
2025-09-17 17:00:51,302 [INFO] RtosManager:484 - Registered RTOS mode: class=RTOS, group=Core, mode=CMSIS_V2, owner=FREERTOS
2025-09-17 17:00:51,302 [WARN] ModelIntegratedComponent:181 - Missing modes for component STMicroelectronics:FreeRTOS:0.0.1:STMicroelectronics:RTOS:FreeRTOS:Core:::10.2.0:
2025-09-17 17:00:51,303 [WARN] ModelIntegratedComponent:60 - No mode defined for component null
2025-09-17 17:00:51,303 [WARN] ModelIntegratedComponent:60 - No mode defined for component null
2025-09-17 17:00:51,303 [WARN] ModelIntegratedComponent:60 - No mode defined for component null
2025-09-17 17:00:51,303 [WARN] ModelIntegratedComponent:60 - No mode defined for component null
2025-09-17 17:00:51,303 [WARN] ModelIntegratedComponent:60 - No mode defined for component null
2025-09-17 17:00:51,303 [WARN] ModelIntegratedComponent:60 - No mode defined for component null
2025-09-17 17:00:51,303 [WARN] ModelIntegratedComponent:60 - No mode defined for component null
2025-09-17 17:00:51,303 [WARN] ModelIntegratedComponent:60 - No mode defined for component null
2025-09-17 17:00:51,303 [WARN] ModelIntegratedComponent:60 - No mode defined for component null
2025-09-17 17:00:51,304 [WARN] ModelIntegratedComponent:60 - No mode defined for component null
2025-09-17 17:00:51,304 [WARN] ModelIntegratedComponent:60 - No mode defined for component null
2025-09-17 17:00:51,304 [WARN] ModelIntegratedComponent:60 - No mode defined for component null
2025-09-17 17:00:51,304 [WARN] ModelIntegratedComponent:60 - No mode defined for component null
2025-09-17 17:00:51,304 [WARN] ModelIntegratedComponent:60 - No mode defined for component null
2025-09-17 17:00:51,310 [WARN] ModelIntegratedComponent:60 - No mode defined for component null
2025-09-17 17:00:51,310 [WARN] ModelIntegratedComponent:60 - No mode defined for component null
2025-09-17 17:00:51,310 [WARN] ModelIntegratedComponent:60 - No mode defined for component null
2025-09-17 17:00:51,310 [WARN] ModelIntegratedComponent:60 - No mode defined for component null
2025-09-17 17:00:51,311 [WARN] ModelIntegratedComponent:60 - No mode defined for component null
2025-09-17 17:00:51,311 [WARN] ModelIntegratedComponent:60 - No mode defined for component null
2025-09-17 17:00:51,311 [WARN] ModelIntegratedComponent:60 - No mode defined for component null
2025-09-17 17:00:51,311 [WARN] ModelIntegratedComponent:60 - No mode defined for component null
2025-09-17 17:00:51,311 [WARN] ModelIntegratedComponent:60 - No mode defined for component null
2025-09-17 17:00:51,311 [WARN] ModelIntegratedComponent:60 - No mode defined for component null
2025-09-17 17:00:51,311 [WARN] ModelIntegratedComponent:60 - No mode defined for component null
2025-09-17 17:00:51,311 [WARN] ModelIntegratedComponent:60 - No mode defined for component null
2025-09-17 17:00:51,311 [WARN] ModelIntegratedComponent:60 - No mode defined for component null
2025-09-17 17:00:51,311 [WARN] ModelIntegratedComponent:60 - No mode defined for component null
2025-09-17 17:00:51,313 [WARN] ModelIntegratedComponent:60 - No mode defined for component null
2025-09-17 17:00:51,313 [WARN] ModelIntegratedComponent:60 - No mode defined for component null
2025-09-17 17:00:51,313 [WARN] ModelIntegratedComponent:60 - No mode defined for component null
2025-09-17 17:00:51,456 [INFO] UtilMem:74 - End LoadConfig() Used Memory: 941141520 Bytes (1073741824)
2025-09-17 17:00:51,457 [WARN] ThirdParty:779 - waiting for thirdparty lock release [change project]
2025-09-17 17:00:51,457 [INFO] ThirdParty:781 - entering critical section [change project]
2025-09-17 17:00:51,457 [INFO] ThirdParty:967 - CMSIS Pack Vendor :STMicroelectronics USB_HOST 2.0.0
2025-09-17 17:00:51,457 [INFO] ThirdParty:967 - CMSIS Pack Vendor :STMicroelectronics FreeRTOS 0.0.1
2025-09-17 17:00:51,457 [INFO] ThirdParty:967 - CMSIS Pack Vendor :STMicroelectronics USB_DEVICE 1.0.0
2025-09-17 17:00:51,457 [INFO] ThirdParty:967 - CMSIS Pack Vendor :STMicroelectronics USB_DEVICE 3.0.0
2025-09-17 17:00:51,458 [INFO] ThirdParty:967 - CMSIS Pack Vendor :STMicroelectronics HAL Drivers 0.0.0
2025-09-17 17:00:51,458 [INFO] ThirdParty:967 - CMSIS Pack Vendor :STMicroelectronics MBEDTLS 2.16.2
2025-09-17 17:00:51,458 [INFO] ThirdParty:967 - CMSIS Pack Vendor :STMicroelectronics ThreadX 0.0.2
2025-09-17 17:00:51,458 [INFO] ThirdParty:967 - CMSIS Pack Vendor :STMicroelectronics lwIP 2.0.3
2025-09-17 17:00:51,458 [INFO] ThirdParty:967 - CMSIS Pack Vendor :STMicroelectronics lwIP 2.1.2
2025-09-17 17:00:51,458 [INFO] ThirdParty:967 - CMSIS Pack Vendor :STMicroelectronics MBEDTLS 2.14.1
2025-09-17 17:00:51,458 [INFO] ThirdParty:967 - CMSIS Pack Vendor :STMicroelectronics USB_HOST 1.0.0
2025-09-17 17:00:51,458 [INFO] ThirdParty:967 - CMSIS Pack Vendor :STMicroelectronics PDM2PCM 3.1.0
2025-09-17 17:00:51,458 [INFO] ThirdParty:967 - CMSIS Pack Vendor :STMicroelectronics PDM2PCM 3.2.0
2025-09-17 17:00:51,458 [INFO] ThirdParty:967 - CMSIS Pack Vendor :STMicroelectronics USB_DEVICE 2.0.0
2025-09-17 17:00:51,458 [INFO] ThirdParty:967 - CMSIS Pack Vendor :STMicroelectronics PDM2PCM 3.3.0
2025-09-17 17:00:51,459 [INFO] ThirdParty:787 - exiting critical section [change project]
2025-09-17 17:00:51,649 [INFO] PinOutPanel:1463 - setPackage(No Configuration,No Configuration)
2025-09-17 17:00:51,650 [INFO] PinOutPanel:1463 - setPackage(STM32F103C6Ux,UFQFPN48)
2025-09-17 17:00:52,036 [INFO] UtilMem:74 - Before build in PCC Used Memory: 937851656 Bytes (1073741824)
2025-09-17 17:00:52,400 [INFO] UtilMem:74 - After build in PCC Used Memory: 961083704 Bytes (1073741824)
2025-09-17 17:00:52,419 [INFO] IPUIPlugin:74 - create IPUIPlugin
2025-09-17 17:00:52,420 [INFO] IPUIPlugin:74 - create IPUIPlugin
2025-09-17 17:00:52,420 [INFO] IPUIPlugin:74 - create IPUIPlugin
2025-09-17 17:00:52,420 [INFO] IPUIPlugin:74 - create IPUIPlugin
2025-09-17 17:00:52,420 [INFO] IPUIPlugin:74 - create IPUIPlugin
2025-09-17 17:00:52,420 [INFO] IPUIPlugin:74 - create IPUIPlugin
2025-09-17 17:00:52,420 [INFO] IPUIPlugin:74 - create IPUIPlugin
2025-09-17 17:00:52,421 [INFO] IPUIPlugin:74 - create IPUIPlugin
2025-09-17 17:00:52,421 [INFO] IPUIPlugin:74 - create IPUIPlugin
2025-09-17 17:00:52,421 [INFO] IPUIPlugin:74 - create IPUIPlugin
2025-09-17 17:00:52,421 [INFO] IPUIPlugin:74 - create IPUIPlugin
2025-09-17 17:00:52,422 [INFO] IPUIPlugin:74 - create IPUIPlugin
2025-09-17 17:00:52,422 [INFO] IPUIPlugin:74 - create IPUIPlugin
2025-09-17 17:00:52,423 [INFO] IPUIPlugin:74 - create IPUIPlugin
2025-09-17 17:00:52,423 [INFO] IPUIPlugin:74 - create IPUIPlugin
2025-09-17 17:00:52,424 [INFO] IPUIPlugin:74 - create IPUIPlugin
2025-09-17 17:00:52,424 [INFO] IPUIPlugin:74 - create IPUIPlugin
2025-09-17 17:00:52,424 [INFO] IPUIPlugin:74 - create IPUIPlugin
2025-09-17 17:00:52,426 [INFO] IPUIPlugin:74 - create IPUIPlugin
2025-09-17 17:00:52,426 [INFO] IPUIPlugin:74 - create IPUIPlugin
2025-09-17 17:00:52,427 [INFO] IPUIPlugin:74 - create IPUIPlugin
2025-09-17 17:00:52,428 [INFO] IPUIPlugin:74 - create IPUIPlugin
2025-09-17 17:00:52,428 [INFO] IPUIPlugin:74 - create IPUIPlugin
2025-09-17 17:00:52,465 [INFO] OpenFileManager:333 - Restore cursor
2025-09-17 17:00:52,846 [INFO] UtilMem:74 - End SaveConfig() Used Memory: 978480040 Bytes (1073741824)
2025-09-17 17:00:52,921 [INFO] UtilMem:74 - End SaveConfig() Used Memory: 940754488 Bytes (1073741824)
2025-09-17 17:00:53,312 [INFO] BlockDiagram:2740 - set Specific Code input for plugin: NVIC
2025-09-17 17:00:53,312 [INFO] BlockDiagram:2740 - set Specific Code input for plugin: SYS
2025-09-17 17:00:53,312 [INFO] BlockDiagram:2740 - set Specific Code input for plugin: RCC
2025-09-17 17:00:53,313 [INFO] CodeGenerator:663 - code generatio: config db path: D:\STM32CubeIDE_1.7.0\STM32CubeIDE\plugins\com.st.stm32cube.common.mx_6.3.0.202107141111\\db\
2025-09-17 17:00:53,751 [INFO] CodeEngine:239 - oldGeneratedFile, D:\New folder (2)\LAB 1\Code\LAB1.6\MXTmpFiles\license.tmp_save
2025-09-17 17:00:54,238 [INFO] CodeEngine:257 - Generated code: D:\New folder (2)\LAB 1\Code\LAB1.6\MXTmpFiles\license.tmp
2025-09-17 17:00:54,467 [INFO] CodeEngine:239 - oldGeneratedFile, D:\New folder (2)\LAB 1\Code\LAB1.6\Core\Src\stm32f1xx_it.c_save
2025-09-17 17:00:54,671 [INFO] CodeEngine:257 - Generated code: D:\New folder (2)\LAB 1\Code\LAB1.6\Core\Src\stm32f1xx_it.c
2025-09-17 17:00:54,686 [INFO] CodeEngine:239 - oldGeneratedFile, D:\New folder (2)\LAB 1\Code\LAB1.6\Core\Inc\stm32f1xx_it.h_save
2025-09-17 17:00:54,810 [INFO] CodeEngine:257 - Generated code: D:\New folder (2)\LAB 1\Code\LAB1.6\Core\Inc\stm32f1xx_it.h
2025-09-17 17:00:54,831 [INFO] CodeEngine:239 - oldGeneratedFile, D:\New folder (2)\LAB 1\Code\LAB1.6\Core\Src\stm32f1xx_hal_msp.c_save
2025-09-17 17:00:55,012 [INFO] CodeEngine:257 - Generated code: D:\New folder (2)\LAB 1\Code\LAB1.6\Core\Src\stm32f1xx_hal_msp.c
2025-09-17 17:00:55,028 [INFO] CodeEngine:239 - oldGeneratedFile, D:\New folder (2)\LAB 1\Code\LAB1.6\MXTmpFiles\system.tmp_save
2025-09-17 17:00:55,128 [INFO] CodeEngine:257 - Generated code: D:\New folder (2)\LAB 1\Code\LAB1.6\MXTmpFiles\system.tmp
2025-09-17 17:00:55,147 [INFO] CodeEngine:239 - oldGeneratedFile, D:\New folder (2)\LAB 1\Code\LAB1.6\Core\Inc\stm32f1xx_hal_conf.h_save
2025-09-17 17:00:55,273 [INFO] CodeEngine:257 - Generated code: D:\New folder (2)\LAB 1\Code\LAB1.6\Core\Inc\stm32f1xx_hal_conf.h
2025-09-17 17:00:55,352 [INFO] CodeEngine:239 - oldGeneratedFile, D:\New folder (2)\LAB 1\Code\LAB1.6\Core\Inc\main.h_save
2025-09-17 17:00:55,501 [INFO] CodeEngine:257 - Generated code: D:\New folder (2)\LAB 1\Code\LAB1.6\Core\Inc\main.h
2025-09-17 17:00:55,517 [INFO] CodeEngine:239 - oldGeneratedFile, D:\New folder (2)\LAB 1\Code\LAB1.6\Core\Src\main.c_save
2025-09-17 17:00:55,709 [INFO] CodeEngine:257 - Generated code: D:\New folder (2)\LAB 1\Code\LAB1.6\Core\Src\main.c
2025-09-17 17:00:57,420 [INFO] ProjectBuilder:2578 - Time for Copy HAL[1] : 109mS.
2025-09-17 17:00:57,428 [INFO] ProjectBuilder:3622 - Project Generator version: 3.14.1
2025-09-17 17:00:58,109 [INFO] ConfigFileManager:1271 - The Die is : DIE412
2025-09-17 17:00:58,156 [INFO] ApiDbMcu:468 - Load IP Config File for FATFS
2025-09-17 17:00:58,204 [INFO] ApiDbMcu:468 - Load IP Config File for FREERTOS
2025-09-17 17:00:58,248 [INFO] ApiDbMcu:468 - Load IP Config File for USB_DEVICE
2025-09-17 17:01:06,087 [INFO] ProjectBuilder:3789 - Time for Generating toolchain IDE Files: 8659mS.
2025-09-17 17:01:06,088 [INFO] ProjectBuilder:2457 - Time for Copy CMSIS : 1mS.
2025-09-17 17:01:06,090 [INFO] ProjectBuilder:2457 - Time for Copy CMSIS : 0mS.
2025-09-17 17:01:08,562 [INFO] McuFinderGlobals:52 - Set McuFinderConnectedMode to true
2025-09-17 17:01:08,565 [INFO] ApiDb:276 - Save user favorites file C:\Users\ACER/.stm32cubeide/favorites.mcus.txt: 0 item(s)
2025-09-17 17:01:08,566 [INFO] ApiDb:280 - User favorites MCUs=[]
2025-09-17 17:10:16,936 [INFO] UtilMem:74 - End SaveConfig() Used Memory: 941080856 Bytes (1073741824)
2025-09-17 17:10:18,723 [INFO] UtilMem:74 - End SaveConfig() Used Memory: 886290312 Bytes (1073741824)
2025-09-17 17:10:20,743 [INFO] UtilMem:74 - End SaveConfig() Used Memory: 903169920 Bytes (1073741824)
2025-09-17 17:10:21,154 [INFO] BlockDiagram:2740 - set Specific Code input for plugin: NVIC
2025-09-17 17:10:21,155 [INFO] BlockDiagram:2740 - set Specific Code input for plugin: SYS
2025-09-17 17:10:21,155 [INFO] BlockDiagram:2740 - set Specific Code input for plugin: GPIO
2025-09-17 17:10:21,155 [INFO] BlockDiagram:2740 - set Specific Code input for plugin: RCC
2025-09-17 17:10:21,156 [INFO] CodeGenerator:663 - code generatio: config db path: D:\STM32CubeIDE_1.7.0\STM32CubeIDE\plugins\com.st.stm32cube.common.mx_6.3.0.202107141111\\db\
2025-09-17 17:10:21,549 [INFO] CodeEngine:239 - oldGeneratedFile, D:\New folder (2)\LAB 1\Code\LAB1.6\MXTmpFiles\license.tmp_save
2025-09-17 17:10:21,642 [INFO] CodeEngine:257 - Generated code: D:\New folder (2)\LAB 1\Code\LAB1.6\MXTmpFiles\license.tmp
2025-09-17 17:10:21,785 [INFO] CodeEngine:239 - oldGeneratedFile, D:\New folder (2)\LAB 1\Code\LAB1.6\MXTmpFiles\gpio.tmp_save
2025-09-17 17:10:21,902 [INFO] CodeEngine:257 - Generated code: D:\New folder (2)\LAB 1\Code\LAB1.6\MXTmpFiles\gpio.tmp
2025-09-17 17:10:21,964 [INFO] CodeEngine:239 - oldGeneratedFile, D:\New folder (2)\LAB 1\Code\LAB1.6\Core\Src\stm32f1xx_it.c_save
2025-09-17 17:10:22,069 [INFO] CodeEngine:257 - Generated code: D:\New folder (2)\LAB 1\Code\LAB1.6\Core\Src\stm32f1xx_it.c
2025-09-17 17:10:22,074 [INFO] CodeEngine:239 - oldGeneratedFile, D:\New folder (2)\LAB 1\Code\LAB1.6\Core\Inc\stm32f1xx_it.h_save
2025-09-17 17:10:22,155 [INFO] CodeEngine:257 - Generated code: D:\New folder (2)\LAB 1\Code\LAB1.6\Core\Inc\stm32f1xx_it.h
2025-09-17 17:10:22,180 [INFO] CodeEngine:239 - oldGeneratedFile, D:\New folder (2)\LAB 1\Code\LAB1.6\Core\Src\stm32f1xx_hal_msp.c_save
2025-09-17 17:10:22,330 [INFO] CodeEngine:257 - Generated code: D:\New folder (2)\LAB 1\Code\LAB1.6\Core\Src\stm32f1xx_hal_msp.c
2025-09-17 17:10:22,334 [INFO] CodeEngine:239 - oldGeneratedFile, D:\New folder (2)\LAB 1\Code\LAB1.6\MXTmpFiles\system.tmp_save
2025-09-17 17:10:22,435 [INFO] CodeEngine:257 - Generated code: D:\New folder (2)\LAB 1\Code\LAB1.6\MXTmpFiles\system.tmp
2025-09-17 17:10:22,460 [INFO] CodeEngine:239 - oldGeneratedFile, D:\New folder (2)\LAB 1\Code\LAB1.6\Core\Inc\stm32f1xx_hal_conf.h_save
2025-09-17 17:10:22,611 [INFO] CodeEngine:257 - Generated code: D:\New folder (2)\LAB 1\Code\LAB1.6\Core\Inc\stm32f1xx_hal_conf.h
2025-09-17 17:10:22,665 [INFO] CodeEngine:239 - oldGeneratedFile, D:\New folder (2)\LAB 1\Code\LAB1.6\Core\Inc\main.h_save
2025-09-17 17:10:22,820 [INFO] CodeEngine:257 - Generated code: D:\New folder (2)\LAB 1\Code\LAB1.6\Core\Inc\main.h
2025-09-17 17:10:22,841 [INFO] CodeEngine:239 - oldGeneratedFile, D:\New folder (2)\LAB 1\Code\LAB1.6\Core\Src\main.c_save
2025-09-17 17:10:23,035 [INFO] CodeEngine:257 - Generated code: D:\New folder (2)\LAB 1\Code\LAB1.6\Core\Src\main.c
2025-09-17 17:10:24,076 [INFO] ProjectBuilder:2578 - Time for Copy HAL[1] : 83mS.
2025-09-17 17:10:24,081 [INFO] ProjectBuilder:3622 - Project Generator version: 3.14.1
2025-09-17 17:10:25,001 [INFO] ConfigFileManager:1271 - The Die is : DIE412
2025-09-17 17:10:28,011 [INFO] ProjectBuilder:3789 - Time for Generating toolchain IDE Files: 3930mS.
2025-09-17 17:10:28,012 [INFO] ProjectBuilder:2457 - Time for Copy CMSIS : 1mS.
2025-09-17 17:10:28,014 [INFO] ProjectBuilder:2457 - Time for Copy CMSIS : 0mS.
2025-09-18 09:16:12,380 [INFO] Activator:177 - 


2025-09-18 09:16:12,383 [INFO] Activator:178 - !SESSION log4j initialized
2025-09-18 09:18:07,087 [INFO] McuFinderGlobals:39 - Set McuFinder mode to 2 (CubeIDE integrated)
2025-09-18 09:18:07,578 [INFO] ApplicationProperties:181 - Using Application install path: D:\STM32CubeIDE_1.7.0\STM32CubeIDE\plugins\com.st.stm32cube.common.mx_6.3.0.202107141111
2025-09-18 09:18:07,593 [INFO] DbMcusXml:74 - Set database path to: D:\STM32CubeIDE_1.7.0\STM32CubeIDE\plugins\com.st.stm32cube.common.mx_6.3.0.202107141111\\db\/mcu/
2025-09-18 09:18:07,598 [INFO] DbBoardsPdsc:56 - Set plugin database path to: D:\STM32CubeIDE_1.7.0\STM32CubeIDE\plugins\com.st.stm32cube.common.mx_6.3.0.202107141111\\db\/plugins/boardmanager/
2025-09-18 09:18:07,598 [INFO] DbMcus:258 - Set plugin images path to: D:\STM32CubeIDE_1.7.0\STM32CubeIDE\plugins\com.st.stm32cube.common.mx_6.3.0.202107141111\\db\/plugins/mcufinder/images/
2025-09-18 09:18:07,598 [INFO] DbBoards:264 - Set plugin images path to: D:\STM32CubeIDE_1.7.0\STM32CubeIDE\plugins\com.st.stm32cube.common.mx_6.3.0.202107141111\\db\/plugins/mcufinder/images/
2025-09-18 09:18:07,601 [INFO] DbExamples:333 - Set plugin images path to: D:\STM32CubeIDE_1.7.0\STM32CubeIDE\plugins\com.st.stm32cube.common.mx_6.3.0.202107141111\\db\/plugins/mcufinder/images/
2025-09-18 09:18:07,611 [INFO] DbMcusAds:119 - Set database path to: C:\Users\ACER\.stmcufinder\plugins\mcufinder//mcu/
2025-09-18 09:18:07,612 [INFO] DbMcusDocs:110 - Set database path to: C:\Users\ACER\.stmcufinder\plugins\mcufinder//mcu/
2025-09-18 09:18:07,614 [INFO] DbMcusJson:64 - Set database path to: C:\Users\ACER\.stmcufinder\plugins\mcufinder//mcu/
2025-09-18 09:18:07,615 [INFO] DbBoardsDocs:110 - Set database path to: C:\Users\ACER\.stmcufinder\plugins\mcufinder//mcu/
2025-09-18 09:18:07,617 [INFO] DbBoardsJson:57 - Set database path to: C:\Users\ACER\.stmcufinder\plugins\mcufinder//mcu/
2025-09-18 09:18:08,660 [INFO] CrossReferenceDbSqlite:196 - Set database path to: C:\Users\ACER\.stmcufinder\plugins\mcufinder//mcu/cs/
2025-09-18 09:18:08,666 [INFO] DbExamplesSqlite:767 - Set database path to: C:\Users\ACER\.stmcufinder\plugins\mcufinder//mcu/
2025-09-18 09:18:08,799 [INFO] RulesReader:57 - Compatibility file has been processed (242 Rules)
2025-09-18 09:18:08,911 [INFO] DbMcusXml:74 - Set database path to: D:\STM32CubeIDE_1.7.0\STM32CubeIDE\plugins\com.st.stm32cube.common.mx_6.3.0.202107141111\\db\/mcu/
2025-09-18 09:18:08,913 [INFO] DbBoardsPdsc:56 - Set plugin database path to: D:\STM32CubeIDE_1.7.0\STM32CubeIDE\plugins\com.st.stm32cube.common.mx_6.3.0.202107141111\\db\/plugins/boardmanager/
2025-09-18 09:18:08,913 [INFO] DbMcus:258 - Set plugin images path to: D:\STM32CubeIDE_1.7.0\STM32CubeIDE\plugins\com.st.stm32cube.common.mx_6.3.0.202107141111\\db\/plugins/mcufinder/images/
2025-09-18 09:18:08,913 [INFO] DbBoards:264 - Set plugin images path to: D:\STM32CubeIDE_1.7.0\STM32CubeIDE\plugins\com.st.stm32cube.common.mx_6.3.0.202107141111\\db\/plugins/mcufinder/images/
2025-09-18 09:18:08,914 [INFO] DbExamples:333 - Set plugin images path to: D:\STM32CubeIDE_1.7.0\STM32CubeIDE\plugins\com.st.stm32cube.common.mx_6.3.0.202107141111\\db\/plugins/mcufinder/images/
2025-09-18 09:18:08,914 [WARN] DbFile:35 - Overriding database path with different value: C:\Users\ACER\.stmcufinder\plugins\mcufinder/ => C:\Users\ACER\.stmcufinder\plugins\mcufinder
2025-09-18 09:18:08,914 [INFO] DbMcusAds:119 - Set database path to: C:\Users\ACER\.stmcufinder\plugins\mcufinder//mcu/
2025-09-18 09:18:08,914 [WARN] DbFile:35 - Overriding database path with different value: C:\Users\ACER\.stmcufinder\plugins\mcufinder/ => C:\Users\ACER\.stmcufinder\plugins\mcufinder
2025-09-18 09:18:08,915 [INFO] DbMcusDocs:110 - Set database path to: C:\Users\ACER\.stmcufinder\plugins\mcufinder//mcu/
2025-09-18 09:18:08,915 [WARN] DbFile:35 - Overriding database path with different value: C:\Users\ACER\.stmcufinder\plugins\mcufinder/ => C:\Users\ACER\.stmcufinder\plugins\mcufinder
2025-09-18 09:18:08,915 [INFO] DbMcusJson:64 - Set database path to: C:\Users\ACER\.stmcufinder\plugins\mcufinder//mcu/
2025-09-18 09:18:08,915 [WARN] DbFile:35 - Overriding database path with different value: C:\Users\ACER\.stmcufinder\plugins\mcufinder/ => C:\Users\ACER\.stmcufinder\plugins\mcufinder
2025-09-18 09:18:08,916 [INFO] DbBoardsDocs:110 - Set database path to: C:\Users\ACER\.stmcufinder\plugins\mcufinder//mcu/
2025-09-18 09:18:08,916 [WARN] DbFile:35 - Overriding database path with different value: C:\Users\ACER\.stmcufinder\plugins\mcufinder/ => C:\Users\ACER\.stmcufinder\plugins\mcufinder
2025-09-18 09:18:08,916 [INFO] DbBoardsJson:57 - Set database path to: C:\Users\ACER\.stmcufinder\plugins\mcufinder//mcu/
2025-09-18 09:18:08,916 [WARN] DbFile:35 - Overriding database path with different value: C:\Users\ACER\.stmcufinder\plugins\mcufinder/ => C:\Users\ACER\.stmcufinder\plugins\mcufinder
2025-09-18 09:18:08,917 [WARN] DbFile:35 - Overriding database path with different value: C:\Users\ACER\.stmcufinder\plugins\mcufinder/ => C:\Users\ACER\.stmcufinder\plugins\mcufinder
2025-09-18 09:18:08,917 [INFO] CrossReferenceDbSqlite:196 - Set database path to: C:\Users\ACER\.stmcufinder\plugins\mcufinder//mcu/cs/
2025-09-18 09:18:08,917 [WARN] DbFile:35 - Overriding database path with different value: C:\Users\ACER\.stmcufinder\plugins\mcufinder/ => C:\Users\ACER\.stmcufinder\plugins\mcufinder
2025-09-18 09:18:08,917 [INFO] DbExamplesSqlite:767 - Set database path to: C:\Users\ACER\.stmcufinder\plugins\mcufinder//mcu/
2025-09-18 09:18:09,001 [INFO] MainPanel:214 - HeapMemory: 268435456
2025-09-18 09:18:09,108 [INFO] DbMcusXml:74 - Set database path to: D:\STM32CubeIDE_1.7.0\STM32CubeIDE\plugins\com.st.stm32cube.common.mx_6.3.0.202107141111\\db\/mcu/
2025-09-18 09:18:09,108 [INFO] DbBoardsPdsc:56 - Set plugin database path to: D:\STM32CubeIDE_1.7.0\STM32CubeIDE\plugins\com.st.stm32cube.common.mx_6.3.0.202107141111\\db\/plugins/boardmanager/
2025-09-18 09:18:09,108 [INFO] DbMcus:258 - Set plugin images path to: D:\STM32CubeIDE_1.7.0\STM32CubeIDE\plugins\com.st.stm32cube.common.mx_6.3.0.202107141111\\db\/plugins/mcufinder/images/
2025-09-18 09:18:09,108 [INFO] DbBoards:264 - Set plugin images path to: D:\STM32CubeIDE_1.7.0\STM32CubeIDE\plugins\com.st.stm32cube.common.mx_6.3.0.202107141111\\db\/plugins/mcufinder/images/
2025-09-18 09:18:09,109 [INFO] DbExamples:333 - Set plugin images path to: D:\STM32CubeIDE_1.7.0\STM32CubeIDE\plugins\com.st.stm32cube.common.mx_6.3.0.202107141111\\db\/plugins/mcufinder/images/
2025-09-18 09:18:09,109 [WARN] DbFile:35 - Overriding database path with different value: C:\Users\ACER\.stmcufinder\plugins\mcufinder/ => C:\Users\ACER\.stmcufinder\plugins\mcufinder
2025-09-18 09:18:09,109 [INFO] DbMcusAds:119 - Set database path to: C:\Users\ACER\.stmcufinder\plugins\mcufinder//mcu/
2025-09-18 09:18:09,110 [WARN] DbFile:35 - Overriding database path with different value: C:\Users\ACER\.stmcufinder\plugins\mcufinder/ => C:\Users\ACER\.stmcufinder\plugins\mcufinder
2025-09-18 09:18:09,110 [INFO] DbMcusDocs:110 - Set database path to: C:\Users\ACER\.stmcufinder\plugins\mcufinder//mcu/
2025-09-18 09:18:09,110 [WARN] DbFile:35 - Overriding database path with different value: C:\Users\ACER\.stmcufinder\plugins\mcufinder/ => C:\Users\ACER\.stmcufinder\plugins\mcufinder
2025-09-18 09:18:09,110 [INFO] DbMcusJson:64 - Set database path to: C:\Users\ACER\.stmcufinder\plugins\mcufinder//mcu/
2025-09-18 09:18:09,110 [WARN] DbFile:35 - Overriding database path with different value: C:\Users\ACER\.stmcufinder\plugins\mcufinder/ => C:\Users\ACER\.stmcufinder\plugins\mcufinder
2025-09-18 09:18:09,111 [INFO] DbBoardsDocs:110 - Set database path to: C:\Users\ACER\.stmcufinder\plugins\mcufinder//mcu/
2025-09-18 09:18:09,111 [WARN] DbFile:35 - Overriding database path with different value: C:\Users\ACER\.stmcufinder\plugins\mcufinder/ => C:\Users\ACER\.stmcufinder\plugins\mcufinder
2025-09-18 09:18:09,111 [INFO] DbBoardsJson:57 - Set database path to: C:\Users\ACER\.stmcufinder\plugins\mcufinder//mcu/
2025-09-18 09:18:09,111 [WARN] DbFile:35 - Overriding database path with different value: C:\Users\ACER\.stmcufinder\plugins\mcufinder/ => C:\Users\ACER\.stmcufinder\plugins\mcufinder
2025-09-18 09:18:09,111 [WARN] DbFile:35 - Overriding database path with different value: C:\Users\ACER\.stmcufinder\plugins\mcufinder/ => C:\Users\ACER\.stmcufinder\plugins\mcufinder
2025-09-18 09:18:09,111 [INFO] CrossReferenceDbSqlite:196 - Set database path to: C:\Users\ACER\.stmcufinder\plugins\mcufinder//mcu/cs/
2025-09-18 09:18:09,111 [WARN] DbFile:35 - Overriding database path with different value: C:\Users\ACER\.stmcufinder\plugins\mcufinder/ => C:\Users\ACER\.stmcufinder\plugins\mcufinder
2025-09-18 09:18:09,112 [INFO] DbExamplesSqlite:767 - Set database path to: C:\Users\ACER\.stmcufinder\plugins\mcufinder//mcu/
2025-09-18 09:18:09,135 [INFO] ApplicationProperties:181 - Using Application install path: D:\STM32CubeIDE_1.7.0\STM32CubeIDE\plugins\com.st.stm32cube.common.mx_6.3.0.202107141111
2025-09-18 09:18:09,136 [INFO] PluginManage:188 - Search for loadable plugins [exclusion list=, ]
2025-09-18 09:18:09,138 [INFO] PluginManage:302 - Check plugin analytics
2025-09-18 09:18:13,408 [INFO] AnalyticsPlugin:257 - Accepted Software Licenses: 
2025-09-18 09:18:13,409 [INFO] AnalyticsPlugin:259 - Accepted CMSIS Pack Licenses: 
2025-09-18 09:18:13,409 [INFO] AnalyticsPlugin:261 - Accepted Firmware Licenses: 
2025-09-18 09:18:13,410 [INFO] PluginManage:352 - Loaded plugin analytics (category:tool,tabindex:-1)
2025-09-18 09:18:13,410 [INFO] PluginManage:302 - Check plugin clock
2025-09-18 09:18:13,445 [INFO] PluginManage:352 - Loaded plugin clock (category:base,tabindex:2)
2025-09-18 09:18:13,446 [INFO] PluginManage:302 - Check plugin ddr
2025-09-18 09:18:13,448 [INFO] PluginManage:352 - Loaded plugin ddr (category:tool,tabindex:6)
2025-09-18 09:18:13,448 [INFO] PluginManage:302 - Check plugin filemanager
2025-09-18 09:18:13,590 [INFO] PluginManage:352 - Loaded plugin filemanager (category:base,tabindex:10)
2025-09-18 09:18:13,590 [INFO] PluginManage:302 - Check plugin ipmanager
2025-09-18 09:18:13,600 [INFO] PluginManage:352 - Loaded plugin ipmanager (category:base,tabindex:5)
2025-09-18 09:18:13,600 [INFO] PluginManage:302 - Check plugin pinoutandconfiguration
2025-09-18 09:18:13,631 [INFO] PluginManage:352 - Loaded plugin pinoutandconfiguration (category:base,tabindex:1)
2025-09-18 09:18:13,631 [INFO] PluginManage:302 - Check plugin pinoutconfig
2025-09-18 09:18:13,704 [INFO] PluginManage:352 - Loaded plugin pinoutconfig (category:base,tabindex:0)
2025-09-18 09:18:13,704 [INFO] PluginManage:302 - Check plugin power
2025-09-18 09:18:13,744 [INFO] PluginManage:352 - Loaded plugin power (category:power,tabindex:4)
2025-09-18 09:18:13,745 [INFO] PluginManage:302 - Check plugin projectmanager
2025-09-18 09:18:13,763 [INFO] PluginManage:352 - Loaded plugin projectmanager (category:projectmanager,tabindex:3)
2025-09-18 09:18:13,763 [INFO] PluginManage:302 - Check plugin thirdparty
2025-09-18 09:18:14,124 [WARN] IntegrityCheckThread:78 - waiting for thirdparty lock release [integrity check]
2025-09-18 09:18:14,125 [INFO] PluginManage:352 - Loaded plugin thirdparty (category:base,tabindex:-1)
2025-09-18 09:18:14,126 [INFO] IntegrityCheckThread:80 - entering critical section [integrity check]
2025-09-18 09:18:14,126 [INFO] PluginManage:302 - Check plugin tools
2025-09-18 09:18:14,126 [INFO] ThirdPartyUpdaterWithRetryManager:66 - Updater plugin not ready yet. [1/15]
2025-09-18 09:18:14,277 [INFO] PluginManage:352 - Loaded plugin tools (category:base,tabindex:7)
2025-09-18 09:18:14,277 [INFO] PluginManage:302 - Check plugin tutovideos
2025-09-18 09:18:14,564 [INFO] PluginManage:352 - Loaded plugin tutovideos (category:base,tabindex:-1)
2025-09-18 09:18:14,565 [INFO] PluginManage:302 - Check plugin updater
2025-09-18 09:18:14,581 [INFO] PluginManage:352 - Loaded plugin updater (category:base,tabindex:12)
2025-09-18 09:18:14,581 [INFO] PluginManage:275 - PluginManage : Loaded plugins [13]
2025-09-18 09:18:14,795 [INFO] PinOutPanel:1463 - setPackage(No Configuration,No Configuration)
2025-09-18 09:18:14,917 [INFO] IPUIPlugin:74 - create IPUIPlugin
2025-09-18 09:18:14,918 [INFO] PluginManager:213 - loadIPPluginJar : add adc
2025-09-18 09:18:15,000 [INFO] IPUIPlugin:74 - create IPUIPlugin
2025-09-18 09:18:15,000 [INFO] PluginManager:213 - loadIPPluginJar : add aes
2025-09-18 09:18:15,089 [INFO] IPUIPlugin:74 - create IPUIPlugin
2025-09-18 09:18:15,090 [INFO] PluginManager:213 - loadIPPluginJar : add can
2025-09-18 09:18:15,158 [INFO] IPUIPlugin:74 - create IPUIPlugin
2025-09-18 09:18:15,159 [INFO] PluginManager:213 - loadIPPluginJar : add comp
2025-09-18 09:18:15,230 [INFO] IPUIPlugin:74 - create IPUIPlugin
2025-09-18 09:18:15,231 [INFO] PluginManager:213 - loadIPPluginJar : add cryp
2025-09-18 09:18:15,304 [INFO] IPUIPlugin:74 - create IPUIPlugin
2025-09-18 09:18:15,304 [INFO] PluginManager:213 - loadIPPluginJar : add dfsdm
2025-09-18 09:18:15,329 [INFO] IPUIPlugin:74 - create IPUIPlugin
2025-09-18 09:18:15,330 [INFO] PluginManager:213 - loadIPPluginJar : add dma
2025-09-18 09:18:15,428 [INFO] IPUIPlugin:74 - create IPUIPlugin
2025-09-18 09:18:15,428 [INFO] PluginManager:213 - loadIPPluginJar : add dma3
2025-09-18 09:18:15,484 [INFO] IPUIPlugin:74 - create IPUIPlugin
2025-09-18 09:18:15,485 [INFO] PluginManager:213 - loadIPPluginJar : add fatfs
2025-09-18 09:18:15,590 [INFO] IPUIPlugin:74 - create IPUIPlugin
2025-09-18 09:18:15,590 [INFO] PluginManager:213 - loadIPPluginJar : add fmc
2025-09-18 09:18:15,616 [INFO] IPUIPlugin:74 - create IPUIPlugin
2025-09-18 09:18:15,617 [INFO] PluginManager:213 - loadIPPluginJar : add freertos
2025-09-18 09:18:15,673 [INFO] IPUIPlugin:74 - create IPUIPlugin
2025-09-18 09:18:15,674 [INFO] PluginManager:213 - loadIPPluginJar : add genericplugin
2025-09-18 09:18:15,852 [INFO] IPUIPlugin:74 - create IPUIPlugin
2025-09-18 09:18:15,852 [INFO] PluginManager:213 - loadIPPluginJar : add gfxmmu
2025-09-18 09:18:16,081 [INFO] IPUIPlugin:74 - create IPUIPlugin
2025-09-18 09:18:16,081 [INFO] PluginManager:213 - loadIPPluginJar : add gic
2025-09-18 09:18:16,104 [INFO] IPUIPlugin:74 - create IPUIPlugin
2025-09-18 09:18:16,104 [INFO] PluginManager:213 - loadIPPluginJar : add gpio
2025-09-18 09:18:16,246 [INFO] IPUIPlugin:74 - create IPUIPlugin
2025-09-18 09:18:16,246 [INFO] PluginManager:213 - loadIPPluginJar : add gtzc
2025-09-18 09:18:16,316 [INFO] IPUIPlugin:74 - create IPUIPlugin
2025-09-18 09:18:16,317 [INFO] PluginManager:213 - loadIPPluginJar : add hash
2025-09-18 09:18:16,430 [INFO] IPUIPlugin:74 - create IPUIPlugin
2025-09-18 09:18:16,430 [INFO] PluginManager:213 - loadIPPluginJar : add i2c
2025-09-18 09:18:16,517 [INFO] IPUIPlugin:74 - create IPUIPlugin
2025-09-18 09:18:16,518 [INFO] PluginManager:213 - loadIPPluginJar : add i2s
2025-09-18 09:18:16,539 [INFO] IPUIPlugin:74 - create IPUIPlugin
2025-09-18 09:18:16,539 [INFO] PluginManager:213 - loadIPPluginJar : add ipddr
2025-09-18 09:18:16,711 [INFO] IPUIPlugin:74 - create IPUIPlugin
2025-09-18 09:18:16,712 [INFO] PluginManager:213 - loadIPPluginJar : add linkedlist
2025-09-18 09:18:16,792 [INFO] IPUIPlugin:74 - create IPUIPlugin
2025-09-18 09:18:16,794 [INFO] PluginManager:213 - loadIPPluginJar : add lorawan
2025-09-18 09:18:16,876 [INFO] IPUIPlugin:74 - create IPUIPlugin
2025-09-18 09:18:16,877 [INFO] PluginManager:213 - loadIPPluginJar : add ltdc
2025-09-18 09:18:16,896 [INFO] IPUIPlugin:74 - create IPUIPlugin
2025-09-18 09:18:16,897 [INFO] PluginManager:213 - loadIPPluginJar : add mdma
2025-09-18 09:18:16,916 [INFO] IPUIPlugin:74 - create IPUIPlugin
2025-09-18 09:18:16,916 [INFO] PluginManager:213 - loadIPPluginJar : add nvic
2025-09-18 09:18:17,003 [INFO] IPUIPlugin:74 - create IPUIPlugin
2025-09-18 09:18:17,003 [INFO] PluginManager:213 - loadIPPluginJar : add opamp
2025-09-18 09:18:17,127 [INFO] IPUIPlugin:74 - create IPUIPlugin
2025-09-18 09:18:17,128 [INFO] PluginManager:213 - loadIPPluginJar : add openamp
2025-09-18 09:18:17,130 [INFO] ThirdPartyUpdaterWithRetryManager:66 - Updater plugin not ready yet. [2/15]
2025-09-18 09:18:17,223 [INFO] IPUIPlugin:74 - create IPUIPlugin
2025-09-18 09:18:17,224 [INFO] PluginManager:213 - loadIPPluginJar : add pdm2pcm
2025-09-18 09:18:17,249 [INFO] IPUIPlugin:74 - create IPUIPlugin
2025-09-18 09:18:17,253 [INFO] PluginManager:213 - loadIPPluginJar : add plateformsettings
2025-09-18 09:18:17,323 [INFO] IPUIPlugin:74 - create IPUIPlugin
2025-09-18 09:18:17,323 [INFO] PluginManager:213 - loadIPPluginJar : add quadspi
2025-09-18 09:18:17,345 [INFO] IPUIPlugin:74 - create IPUIPlugin
2025-09-18 09:18:17,345 [INFO] PluginManager:213 - loadIPPluginJar : add resmgrutility
2025-09-18 09:18:17,447 [INFO] IPUIPlugin:74 - create IPUIPlugin
2025-09-18 09:18:17,448 [INFO] PluginManager:213 - loadIPPluginJar : add sai
2025-09-18 09:18:17,529 [INFO] IPUIPlugin:74 - create IPUIPlugin
2025-09-18 09:18:17,530 [INFO] PluginManager:213 - loadIPPluginJar : add spi
2025-09-18 09:18:17,641 [INFO] IPUIPlugin:74 - create IPUIPlugin
2025-09-18 09:18:17,642 [INFO] PluginManager:213 - loadIPPluginJar : add stm32_wpan
2025-09-18 09:18:17,708 [INFO] IPUIPlugin:74 - create IPUIPlugin
2025-09-18 09:18:17,708 [INFO] PluginManager:213 - loadIPPluginJar : add tim
2025-09-18 09:18:17,825 [INFO] IPUIPlugin:74 - create IPUIPlugin
2025-09-18 09:18:17,826 [INFO] PluginManager:213 - loadIPPluginJar : add touchsensing
2025-09-18 09:18:17,889 [INFO] IPUIPlugin:74 - create IPUIPlugin
2025-09-18 09:18:17,890 [INFO] PluginManager:213 - loadIPPluginJar : add tracer_emb
2025-09-18 09:18:17,952 [INFO] IPUIPlugin:74 - create IPUIPlugin
2025-09-18 09:18:17,953 [INFO] PluginManager:213 - loadIPPluginJar : add ts
2025-09-18 09:18:18,016 [INFO] IPUIPlugin:74 - create IPUIPlugin
2025-09-18 09:18:18,016 [INFO] PluginManager:213 - loadIPPluginJar : add tsc
2025-09-18 09:18:18,074 [INFO] IPUIPlugin:74 - create IPUIPlugin
2025-09-18 09:18:18,074 [INFO] PluginManager:213 - loadIPPluginJar : add ucpd
2025-09-18 09:18:18,170 [INFO] IPUIPlugin:74 - create IPUIPlugin
2025-09-18 09:18:18,170 [INFO] PluginManager:213 - loadIPPluginJar : add usart
2025-09-18 09:18:18,257 [INFO] IPUIPlugin:74 - create IPUIPlugin
2025-09-18 09:18:18,257 [INFO] PluginManager:213 - loadIPPluginJar : add usbx
2025-09-18 09:18:18,644 [FATAL] Updater:294 - Updater called before beeing initialized
2025-09-18 09:18:18,793 [FATAL] Updater:294 - Updater called before beeing initialized
2025-09-18 09:18:18,810 [INFO] DbMcusAds:47 - JSON generation date=Tue Jul 08 15:14:23 ICT 2025 (1751962463582)
2025-09-18 09:18:18,810 [FATAL] Updater:294 - Updater called before beeing initialized
2025-09-18 09:18:18,920 [WARN] DetailPanel:314 - Failed to get advertising image, set to default
2025-09-18 09:18:19,041 [FATAL] Updater:294 - Updater called before beeing initialized
2025-09-18 09:18:19,044 [FATAL] Updater:294 - Updater called before beeing initialized
2025-09-18 09:18:19,045 [FATAL] Updater:294 - Updater called before beeing initialized
2025-09-18 09:18:19,045 [WARN] DetailPanel:314 - Failed to get advertising image, set to default
2025-09-18 09:18:19,047 [FATAL] Updater:294 - Updater called before beeing initialized
2025-09-18 09:18:19,123 [ERROR] Updater:1075 - MainUpdater not yet initialized. External WinMGr cannot be set.
2025-09-18 09:18:19,141 [INFO] Updater:1012 - Updater Version found : 6.3.0
2025-09-18 09:18:19,164 [INFO] ApplicationProperties:181 - Using Application install path: D:\STM32CubeIDE_1.7.0\STM32CubeIDE\plugins\com.st.stm32cube.common.mx_6.3.0.202107141111
2025-09-18 09:18:20,136 [INFO] ThirdPartyUpdaterWithRetryManager:66 - Updater plugin not ready yet. [3/15]
2025-09-18 09:18:23,137 [FATAL] Updater:294 - Updater called before beeing initialized
2025-09-18 09:18:23,138 [ERROR] IntegrityCheckThread:124 - Cannot retrieve database content from updater: error 21
2025-09-18 09:18:23,138 [INFO] ThirdParty:915 - Integrity check success = false
2025-09-18 09:18:23,138 [INFO] IntegrityCheckThread:94 - exiting critical section [integrity check]
2025-09-18 09:18:23,138 [INFO] IntegrityCheckThread:97 - End integrity checks thread
2025-09-18 09:18:25,461 [ERROR] ServerAccessManage:1031 - Warning during Server Connexion :  Unknown host sw-center.st.com
2025-09-18 09:18:29,531 [ERROR] ServerAccessManage:1031 - Warning during Server Connexion :  Unknown host www.ebuc23.com
2025-09-18 09:18:29,533 [INFO] MainUpdater:2671 - connection check result : 22
2025-09-18 09:18:29,534 [INFO] MainUpdater:265 - Updater Check For Update Now.
2025-09-18 09:18:29,534 [INFO] MicroXplorer:478 - Change Database Version : DB.6.0.30
2025-09-18 09:18:29,731 [INFO] CheckServerUpdateThread:112 - End of CheckServer Thread
2025-09-18 09:18:29,795 [ERROR] ServerAccessManage:1031 - Warning during Server Connexion :  Unknown host sw-center.st.com
2025-09-18 09:18:29,797 [ERROR] ServerAccessManage:1031 - Warning during Server Connexion :  Unknown host www.ebuc23.com
2025-09-18 09:18:29,799 [INFO] MainUpdater:2671 - connection check result : 22
2025-09-18 09:18:29,814 [ERROR] ServerAccessManage:1031 - Warning during Server Connexion :  Unknown host sw-center.st.com
2025-09-18 09:18:29,815 [ERROR] ServerAccessManage:1031 - Warning during Server Connexion :  Unknown host www.ebuc23.com
2025-09-18 09:18:29,816 [INFO] MainUpdater:2671 - connection check result : 22
2025-09-18 09:18:51,423 [ERROR] ServerAccessManage:1031 - Warning during Server Connexion :  Unknown host sw-center.st.com
2025-09-18 09:18:53,494 [ERROR] ServerAccessManage:1031 - Warning during Server Connexion :  Unknown host www.ebuc23.com
2025-09-18 09:18:53,496 [INFO] MainUpdater:2671 - connection check result : 22
2025-09-18 09:18:56,849 [INFO] MicroXplorer:448 - Change Database Path : 
2025-09-18 09:18:56,850 [INFO] MicroXplorer:478 - Change Database Version : DB.6.0.30
2025-09-18 09:18:56,850 [WARN] ThirdParty:813 - waiting for thirdparty lock release [close project]
2025-09-18 09:18:56,852 [INFO] ThirdParty:815 - entering critical section [close project]
2025-09-18 09:18:56,853 [INFO] ThirdParty:825 - exiting critical section [close project]
2025-09-18 09:18:56,857 [INFO] PinOutPanel:1463 - setPackage(No Configuration,No Configuration)
2025-09-18 09:18:56,859 [INFO] UtilMem:74 - Begin LoadConfig() Used Memory: 236820232 Bytes (268435456)
2025-09-18 09:18:56,860 [INFO] MicroXplorer:448 - Change Database Path : 
2025-09-18 09:18:56,860 [INFO] MicroXplorer:478 - Change Database Version : DB.6.0.30
2025-09-18 09:18:56,860 [INFO] OpenFileManager:313 - Change cursor
2025-09-18 09:18:56,874 [WARN] IntegrityCheckThread:78 - waiting for thirdparty lock release [integrity check]
2025-09-18 09:18:56,875 [INFO] IntegrityCheckThread:80 - entering critical section [integrity check]
2025-09-18 09:18:56,977 [INFO] ThirdParty:915 - Integrity check success = true
2025-09-18 09:18:56,977 [INFO] IntegrityCheckThread:94 - exiting critical section [integrity check]
2025-09-18 09:18:56,978 [INFO] IntegrityCheckThread:97 - End integrity checks thread
2025-09-18 09:18:58,157 [INFO] Context:592 - Trying to add GPIOservice into a context  which must be forbidden
2025-09-18 09:18:58,468 [INFO] RtosManager:484 - Registered RTOS mode: class=CMSIS, group=RTOS, mode=CMSIS_V1, owner=FREERTOS
2025-09-18 09:18:58,468 [INFO] RtosManager:484 - Registered RTOS mode: class=CMSIS, group=RTOS2, mode=CMSIS_V2, owner=FREERTOS
2025-09-18 09:18:58,468 [INFO] RtosManager:484 - Registered RTOS mode: class=RTOS, group=Core, mode=CMSIS_V1, owner=FREERTOS
2025-09-18 09:18:58,468 [INFO] RtosManager:484 - Registered RTOS mode: class=RTOS, group=Core, mode=CMSIS_V2, owner=FREERTOS
2025-09-18 09:18:58,468 [WARN] ModelIntegratedComponent:181 - Missing modes for component STMicroelectronics:FreeRTOS:0.0.1:STMicroelectronics:RTOS:FreeRTOS:Core:::10.2.0:
2025-09-18 09:18:58,472 [WARN] ModelIntegratedComponent:60 - No mode defined for component null
2025-09-18 09:18:58,473 [WARN] ModelIntegratedComponent:60 - No mode defined for component null
2025-09-18 09:18:58,473 [WARN] ModelIntegratedComponent:60 - No mode defined for component null
2025-09-18 09:18:58,473 [WARN] ModelIntegratedComponent:60 - No mode defined for component null
2025-09-18 09:18:58,473 [WARN] ModelIntegratedComponent:60 - No mode defined for component null
2025-09-18 09:18:58,473 [WARN] ModelIntegratedComponent:60 - No mode defined for component null
2025-09-18 09:18:58,473 [WARN] ModelIntegratedComponent:60 - No mode defined for component null
2025-09-18 09:18:58,473 [WARN] ModelIntegratedComponent:60 - No mode defined for component null
2025-09-18 09:18:58,473 [WARN] ModelIntegratedComponent:60 - No mode defined for component null
2025-09-18 09:18:58,473 [WARN] ModelIntegratedComponent:60 - No mode defined for component null
2025-09-18 09:18:58,473 [WARN] ModelIntegratedComponent:60 - No mode defined for component null
2025-09-18 09:18:58,474 [WARN] ModelIntegratedComponent:60 - No mode defined for component null
2025-09-18 09:18:58,474 [WARN] ModelIntegratedComponent:60 - No mode defined for component null
2025-09-18 09:18:58,474 [WARN] ModelIntegratedComponent:60 - No mode defined for component null
2025-09-18 09:18:58,474 [WARN] ModelIntegratedComponent:60 - No mode defined for component null
2025-09-18 09:18:58,474 [WARN] ModelIntegratedComponent:60 - No mode defined for component null
2025-09-18 09:18:58,474 [WARN] ModelIntegratedComponent:60 - No mode defined for component null
2025-09-18 09:18:58,474 [WARN] ModelIntegratedComponent:60 - No mode defined for component null
2025-09-18 09:18:58,474 [WARN] ModelIntegratedComponent:60 - No mode defined for component null
2025-09-18 09:18:58,474 [WARN] ModelIntegratedComponent:60 - No mode defined for component null
2025-09-18 09:18:58,475 [WARN] ModelIntegratedComponent:60 - No mode defined for component null
2025-09-18 09:18:58,475 [WARN] ModelIntegratedComponent:60 - No mode defined for component null
2025-09-18 09:18:58,475 [WARN] ModelIntegratedComponent:60 - No mode defined for component null
2025-09-18 09:18:58,475 [WARN] ModelIntegratedComponent:60 - No mode defined for component null
2025-09-18 09:18:58,475 [WARN] ModelIntegratedComponent:60 - No mode defined for component null
2025-09-18 09:18:58,475 [WARN] ModelIntegratedComponent:60 - No mode defined for component null
2025-09-18 09:18:58,475 [WARN] ModelIntegratedComponent:60 - No mode defined for component null
2025-09-18 09:18:58,475 [WARN] ModelIntegratedComponent:60 - No mode defined for component null
2025-09-18 09:18:58,475 [WARN] ModelIntegratedComponent:60 - No mode defined for component null
2025-09-18 09:18:58,475 [WARN] ModelIntegratedComponent:60 - No mode defined for component null
2025-09-18 09:18:58,475 [WARN] ModelIntegratedComponent:60 - No mode defined for component null
2025-09-18 09:18:58,619 [INFO] UtilMem:74 - End LoadConfig() Used Memory: 177284120 Bytes (268435456)
2025-09-18 09:18:58,621 [INFO] DbMcusXml:100 - Load MCU database from D:\STM32CubeIDE_1.7.0\STM32CubeIDE\plugins\com.st.stm32cube.common.mx_6.3.0.202107141111\\db\/mcu/families.xml
2025-09-18 09:18:59,576 [INFO] DbMcusJson:93 - JSON generation date=Tue Nov 16 23:17:54 ICT 2021 (1637079474)
2025-09-18 09:19:00,374 [INFO] DbMcus:175 - Found 1951 MCUs (1903 are supported by CubeMX, 1914 are visible in CubeMX)
2025-09-18 09:19:00,374 [INFO] ApiDb:251 - Load user favorites file C:\Users\ACER/.stm32cubeide/favorites.mcus.txt: 0 item(s)
2025-09-18 09:19:00,375 [INFO] ApiDb:255 - User favorites MCUs=[]
2025-09-18 09:19:00,375 [INFO] DbMcus:187 - Set 0 / 0 favorites MCUs
2025-09-18 09:19:00,393 [WARN] ThirdParty:779 - waiting for thirdparty lock release [change project]
2025-09-18 09:19:00,393 [INFO] ThirdParty:781 - entering critical section [change project]
2025-09-18 09:19:00,393 [INFO] ThirdParty:967 - CMSIS Pack Vendor :STMicroelectronics USB_HOST 2.0.0
2025-09-18 09:19:00,394 [INFO] ThirdParty:967 - CMSIS Pack Vendor :STMicroelectronics FreeRTOS 0.0.1
2025-09-18 09:19:00,394 [INFO] ThirdParty:967 - CMSIS Pack Vendor :STMicroelectronics USB_DEVICE 1.0.0
2025-09-18 09:19:00,394 [INFO] ThirdParty:967 - CMSIS Pack Vendor :STMicroelectronics USB_DEVICE 3.0.0
2025-09-18 09:19:00,394 [INFO] ThirdParty:967 - CMSIS Pack Vendor :STMicroelectronics HAL Drivers 0.0.0
2025-09-18 09:19:00,394 [INFO] ThirdParty:967 - CMSIS Pack Vendor :STMicroelectronics MBEDTLS 2.16.2
2025-09-18 09:19:00,394 [INFO] ThirdParty:967 - CMSIS Pack Vendor :STMicroelectronics ThreadX 0.0.2
2025-09-18 09:19:00,394 [INFO] ThirdParty:967 - CMSIS Pack Vendor :STMicroelectronics lwIP 2.0.3
2025-09-18 09:19:00,394 [INFO] ThirdParty:967 - CMSIS Pack Vendor :STMicroelectronics lwIP 2.1.2
2025-09-18 09:19:00,394 [INFO] ThirdParty:967 - CMSIS Pack Vendor :STMicroelectronics MBEDTLS 2.14.1
2025-09-18 09:19:00,394 [INFO] ThirdParty:967 - CMSIS Pack Vendor :STMicroelectronics USB_HOST 1.0.0
2025-09-18 09:19:00,394 [INFO] ThirdParty:967 - CMSIS Pack Vendor :STMicroelectronics PDM2PCM 3.1.0
2025-09-18 09:19:00,394 [INFO] ThirdParty:967 - CMSIS Pack Vendor :STMicroelectronics PDM2PCM 3.2.0
2025-09-18 09:19:00,395 [INFO] ThirdParty:967 - CMSIS Pack Vendor :STMicroelectronics USB_DEVICE 2.0.0
2025-09-18 09:19:00,395 [INFO] ThirdParty:967 - CMSIS Pack Vendor :STMicroelectronics PDM2PCM 3.3.0
2025-09-18 09:19:00,395 [INFO] ThirdParty:787 - exiting critical section [change project]
2025-09-18 09:19:00,769 [INFO] PinOutPanel:1463 - setPackage(No Configuration,No Configuration)
2025-09-18 09:19:00,771 [INFO] PinOutPanel:1463 - setPackage(STM32F103C6Ux,UFQFPN48)
2025-09-18 09:19:01,258 [INFO] UtilMem:74 - Before build in PCC Used Memory: 285889112 Bytes (592445440)
2025-09-18 09:19:02,033 [INFO] UtilMem:74 - After build in PCC Used Memory: 365058648 Bytes (592445440)
2025-09-18 09:19:02,058 [INFO] IPUIPlugin:74 - create IPUIPlugin
2025-09-18 09:19:02,058 [INFO] IPUIPlugin:74 - create IPUIPlugin
2025-09-18 09:19:02,059 [INFO] IPUIPlugin:74 - create IPUIPlugin
2025-09-18 09:19:02,059 [INFO] IPUIPlugin:74 - create IPUIPlugin
2025-09-18 09:19:02,059 [INFO] IPUIPlugin:74 - create IPUIPlugin
2025-09-18 09:19:02,059 [INFO] IPUIPlugin:74 - create IPUIPlugin
2025-09-18 09:19:02,059 [INFO] IPUIPlugin:74 - create IPUIPlugin
2025-09-18 09:19:02,059 [INFO] IPUIPlugin:74 - create IPUIPlugin
2025-09-18 09:19:02,060 [INFO] IPUIPlugin:74 - create IPUIPlugin
2025-09-18 09:19:02,060 [INFO] IPUIPlugin:74 - create IPUIPlugin
2025-09-18 09:19:02,060 [INFO] IPUIPlugin:74 - create IPUIPlugin
2025-09-18 09:19:02,060 [INFO] IPUIPlugin:74 - create IPUIPlugin
2025-09-18 09:19:02,061 [INFO] IPUIPlugin:74 - create IPUIPlugin
2025-09-18 09:19:02,061 [INFO] IPUIPlugin:74 - create IPUIPlugin
2025-09-18 09:19:02,061 [INFO] IPUIPlugin:74 - create IPUIPlugin
2025-09-18 09:19:02,062 [INFO] IPUIPlugin:74 - create IPUIPlugin
2025-09-18 09:19:02,062 [INFO] IPUIPlugin:74 - create IPUIPlugin
2025-09-18 09:19:02,062 [INFO] IPUIPlugin:74 - create IPUIPlugin
2025-09-18 09:19:02,063 [INFO] IPUIPlugin:74 - create IPUIPlugin
2025-09-18 09:19:02,063 [INFO] IPUIPlugin:74 - create IPUIPlugin
2025-09-18 09:19:02,063 [INFO] IPUIPlugin:74 - create IPUIPlugin
2025-09-18 09:19:02,065 [INFO] IPUIPlugin:74 - create IPUIPlugin
2025-09-18 09:19:02,065 [INFO] IPUIPlugin:74 - create IPUIPlugin
2025-09-18 09:19:02,208 [INFO] OpenFileManager:333 - Restore cursor
2025-09-19 01:22:43,813 [INFO] Activator:177 - 


2025-09-19 01:22:43,815 [INFO] Activator:178 - !SESSION log4j initialized
2025-09-19 01:23:40,588 [INFO] Activator:177 - 


2025-09-19 01:23:40,592 [INFO] Activator:178 - !SESSION log4j initialized
2025-09-19 01:28:53,410 [INFO] Activator:177 - 


2025-09-19 01:28:53,412 [INFO] Activator:178 - !SESSION log4j initialized
2025-09-19 01:32:42,444 [INFO] McuFinderGlobals:39 - Set McuFinder mode to 2 (CubeIDE integrated)
2025-09-19 01:32:43,046 [INFO] ApplicationProperties:181 - Using Application install path: D:\STM32CubeIDE_1.7.0\STM32CubeIDE\plugins\com.st.stm32cube.common.mx_6.3.0.202107141111
2025-09-19 01:32:43,060 [INFO] DbMcusXml:74 - Set database path to: D:\STM32CubeIDE_1.7.0\STM32CubeIDE\plugins\com.st.stm32cube.common.mx_6.3.0.202107141111\\db\/mcu/
2025-09-19 01:32:43,064 [INFO] DbBoardsPdsc:56 - Set plugin database path to: D:\STM32CubeIDE_1.7.0\STM32CubeIDE\plugins\com.st.stm32cube.common.mx_6.3.0.202107141111\\db\/plugins/boardmanager/
2025-09-19 01:32:43,064 [INFO] DbMcus:258 - Set plugin images path to: D:\STM32CubeIDE_1.7.0\STM32CubeIDE\plugins\com.st.stm32cube.common.mx_6.3.0.202107141111\\db\/plugins/mcufinder/images/
2025-09-19 01:32:43,065 [INFO] DbBoards:264 - Set plugin images path to: D:\STM32CubeIDE_1.7.0\STM32CubeIDE\plugins\com.st.stm32cube.common.mx_6.3.0.202107141111\\db\/plugins/mcufinder/images/
2025-09-19 01:32:43,067 [INFO] DbExamples:333 - Set plugin images path to: D:\STM32CubeIDE_1.7.0\STM32CubeIDE\plugins\com.st.stm32cube.common.mx_6.3.0.202107141111\\db\/plugins/mcufinder/images/
2025-09-19 01:32:43,076 [INFO] DbMcusAds:119 - Set database path to: C:\Users\ACER\.stmcufinder\plugins\mcufinder//mcu/
2025-09-19 01:32:43,077 [INFO] DbMcusDocs:110 - Set database path to: C:\Users\ACER\.stmcufinder\plugins\mcufinder//mcu/
2025-09-19 01:32:43,079 [INFO] DbMcusJson:64 - Set database path to: C:\Users\ACER\.stmcufinder\plugins\mcufinder//mcu/
2025-09-19 01:32:43,080 [INFO] DbBoardsDocs:110 - Set database path to: C:\Users\ACER\.stmcufinder\plugins\mcufinder//mcu/
2025-09-19 01:32:43,081 [INFO] DbBoardsJson:57 - Set database path to: C:\Users\ACER\.stmcufinder\plugins\mcufinder//mcu/
2025-09-19 01:32:43,097 [INFO] CrossReferenceDbSqlite:196 - Set database path to: C:\Users\ACER\.stmcufinder\plugins\mcufinder//mcu/cs/
2025-09-19 01:32:43,101 [INFO] DbExamplesSqlite:767 - Set database path to: C:\Users\ACER\.stmcufinder\plugins\mcufinder//mcu/
2025-09-19 01:32:43,226 [INFO] RulesReader:57 - Compatibility file has been processed (242 Rules)
2025-09-19 01:32:43,331 [INFO] DbMcusXml:74 - Set database path to: D:\STM32CubeIDE_1.7.0\STM32CubeIDE\plugins\com.st.stm32cube.common.mx_6.3.0.202107141111\\db\/mcu/
2025-09-19 01:32:43,333 [INFO] DbBoardsPdsc:56 - Set plugin database path to: D:\STM32CubeIDE_1.7.0\STM32CubeIDE\plugins\com.st.stm32cube.common.mx_6.3.0.202107141111\\db\/plugins/boardmanager/
2025-09-19 01:32:43,333 [INFO] DbMcus:258 - Set plugin images path to: D:\STM32CubeIDE_1.7.0\STM32CubeIDE\plugins\com.st.stm32cube.common.mx_6.3.0.202107141111\\db\/plugins/mcufinder/images/
2025-09-19 01:32:43,333 [INFO] DbBoards:264 - Set plugin images path to: D:\STM32CubeIDE_1.7.0\STM32CubeIDE\plugins\com.st.stm32cube.common.mx_6.3.0.202107141111\\db\/plugins/mcufinder/images/
2025-09-19 01:32:43,333 [INFO] DbExamples:333 - Set plugin images path to: D:\STM32CubeIDE_1.7.0\STM32CubeIDE\plugins\com.st.stm32cube.common.mx_6.3.0.202107141111\\db\/plugins/mcufinder/images/
2025-09-19 01:32:43,333 [WARN] DbFile:35 - Overriding database path with different value: C:\Users\ACER\.stmcufinder\plugins\mcufinder/ => C:\Users\ACER\.stmcufinder\plugins\mcufinder
2025-09-19 01:32:43,333 [INFO] DbMcusAds:119 - Set database path to: C:\Users\ACER\.stmcufinder\plugins\mcufinder//mcu/
2025-09-19 01:32:43,334 [WARN] DbFile:35 - Overriding database path with different value: C:\Users\ACER\.stmcufinder\plugins\mcufinder/ => C:\Users\ACER\.stmcufinder\plugins\mcufinder
2025-09-19 01:32:43,334 [INFO] DbMcusDocs:110 - Set database path to: C:\Users\ACER\.stmcufinder\plugins\mcufinder//mcu/
2025-09-19 01:32:43,334 [WARN] DbFile:35 - Overriding database path with different value: C:\Users\ACER\.stmcufinder\plugins\mcufinder/ => C:\Users\ACER\.stmcufinder\plugins\mcufinder
2025-09-19 01:32:43,334 [INFO] DbMcusJson:64 - Set database path to: C:\Users\ACER\.stmcufinder\plugins\mcufinder//mcu/
2025-09-19 01:32:43,334 [WARN] DbFile:35 - Overriding database path with different value: C:\Users\ACER\.stmcufinder\plugins\mcufinder/ => C:\Users\ACER\.stmcufinder\plugins\mcufinder
2025-09-19 01:32:43,334 [INFO] DbBoardsDocs:110 - Set database path to: C:\Users\ACER\.stmcufinder\plugins\mcufinder//mcu/
2025-09-19 01:32:43,334 [WARN] DbFile:35 - Overriding database path with different value: C:\Users\ACER\.stmcufinder\plugins\mcufinder/ => C:\Users\ACER\.stmcufinder\plugins\mcufinder
2025-09-19 01:32:43,334 [INFO] DbBoardsJson:57 - Set database path to: C:\Users\ACER\.stmcufinder\plugins\mcufinder//mcu/
2025-09-19 01:32:43,335 [WARN] DbFile:35 - Overriding database path with different value: C:\Users\ACER\.stmcufinder\plugins\mcufinder/ => C:\Users\ACER\.stmcufinder\plugins\mcufinder
2025-09-19 01:32:43,335 [WARN] DbFile:35 - Overriding database path with different value: C:\Users\ACER\.stmcufinder\plugins\mcufinder/ => C:\Users\ACER\.stmcufinder\plugins\mcufinder
2025-09-19 01:32:43,335 [INFO] CrossReferenceDbSqlite:196 - Set database path to: C:\Users\ACER\.stmcufinder\plugins\mcufinder//mcu/cs/
2025-09-19 01:32:43,335 [WARN] DbFile:35 - Overriding database path with different value: C:\Users\ACER\.stmcufinder\plugins\mcufinder/ => C:\Users\ACER\.stmcufinder\plugins\mcufinder
2025-09-19 01:32:43,335 [INFO] DbExamplesSqlite:767 - Set database path to: C:\Users\ACER\.stmcufinder\plugins\mcufinder//mcu/
2025-09-19 01:32:43,420 [INFO] MainPanel:214 - HeapMemory: 978321408
2025-09-19 01:32:43,524 [INFO] DbMcusXml:74 - Set database path to: D:\STM32CubeIDE_1.7.0\STM32CubeIDE\plugins\com.st.stm32cube.common.mx_6.3.0.202107141111\\db\/mcu/
2025-09-19 01:32:43,524 [INFO] DbBoardsPdsc:56 - Set plugin database path to: D:\STM32CubeIDE_1.7.0\STM32CubeIDE\plugins\com.st.stm32cube.common.mx_6.3.0.202107141111\\db\/plugins/boardmanager/
2025-09-19 01:32:43,524 [INFO] DbMcus:258 - Set plugin images path to: D:\STM32CubeIDE_1.7.0\STM32CubeIDE\plugins\com.st.stm32cube.common.mx_6.3.0.202107141111\\db\/plugins/mcufinder/images/
2025-09-19 01:32:43,524 [INFO] DbBoards:264 - Set plugin images path to: D:\STM32CubeIDE_1.7.0\STM32CubeIDE\plugins\com.st.stm32cube.common.mx_6.3.0.202107141111\\db\/plugins/mcufinder/images/
2025-09-19 01:32:43,524 [INFO] DbExamples:333 - Set plugin images path to: D:\STM32CubeIDE_1.7.0\STM32CubeIDE\plugins\com.st.stm32cube.common.mx_6.3.0.202107141111\\db\/plugins/mcufinder/images/
2025-09-19 01:32:43,525 [WARN] DbFile:35 - Overriding database path with different value: C:\Users\ACER\.stmcufinder\plugins\mcufinder/ => C:\Users\ACER\.stmcufinder\plugins\mcufinder
2025-09-19 01:32:43,525 [INFO] DbMcusAds:119 - Set database path to: C:\Users\ACER\.stmcufinder\plugins\mcufinder//mcu/
2025-09-19 01:32:43,525 [WARN] DbFile:35 - Overriding database path with different value: C:\Users\ACER\.stmcufinder\plugins\mcufinder/ => C:\Users\ACER\.stmcufinder\plugins\mcufinder
2025-09-19 01:32:43,525 [INFO] DbMcusDocs:110 - Set database path to: C:\Users\ACER\.stmcufinder\plugins\mcufinder//mcu/
2025-09-19 01:32:43,525 [WARN] DbFile:35 - Overriding database path with different value: C:\Users\ACER\.stmcufinder\plugins\mcufinder/ => C:\Users\ACER\.stmcufinder\plugins\mcufinder
2025-09-19 01:32:43,525 [INFO] DbMcusJson:64 - Set database path to: C:\Users\ACER\.stmcufinder\plugins\mcufinder//mcu/
2025-09-19 01:32:43,525 [WARN] DbFile:35 - Overriding database path with different value: C:\Users\ACER\.stmcufinder\plugins\mcufinder/ => C:\Users\ACER\.stmcufinder\plugins\mcufinder
2025-09-19 01:32:43,526 [INFO] DbBoardsDocs:110 - Set database path to: C:\Users\ACER\.stmcufinder\plugins\mcufinder//mcu/
2025-09-19 01:32:43,526 [WARN] DbFile:35 - Overriding database path with different value: C:\Users\ACER\.stmcufinder\plugins\mcufinder/ => C:\Users\ACER\.stmcufinder\plugins\mcufinder
2025-09-19 01:32:43,526 [INFO] DbBoardsJson:57 - Set database path to: C:\Users\ACER\.stmcufinder\plugins\mcufinder//mcu/
2025-09-19 01:32:43,526 [WARN] DbFile:35 - Overriding database path with different value: C:\Users\ACER\.stmcufinder\plugins\mcufinder/ => C:\Users\ACER\.stmcufinder\plugins\mcufinder
2025-09-19 01:32:43,526 [WARN] DbFile:35 - Overriding database path with different value: C:\Users\ACER\.stmcufinder\plugins\mcufinder/ => C:\Users\ACER\.stmcufinder\plugins\mcufinder
2025-09-19 01:32:43,526 [INFO] CrossReferenceDbSqlite:196 - Set database path to: C:\Users\ACER\.stmcufinder\plugins\mcufinder//mcu/cs/
2025-09-19 01:32:43,526 [WARN] DbFile:35 - Overriding database path with different value: C:\Users\ACER\.stmcufinder\plugins\mcufinder/ => C:\Users\ACER\.stmcufinder\plugins\mcufinder
2025-09-19 01:32:43,526 [INFO] DbExamplesSqlite:767 - Set database path to: C:\Users\ACER\.stmcufinder\plugins\mcufinder//mcu/
2025-09-19 01:32:43,550 [INFO] ApplicationProperties:181 - Using Application install path: D:\STM32CubeIDE_1.7.0\STM32CubeIDE\plugins\com.st.stm32cube.common.mx_6.3.0.202107141111
2025-09-19 01:32:43,551 [INFO] PluginManage:188 - Search for loadable plugins [exclusion list=, ]
2025-09-19 01:32:43,553 [INFO] PluginManage:302 - Check plugin analytics
2025-09-19 01:32:43,736 [INFO] AnalyticsPlugin:257 - Accepted Software Licenses: 
2025-09-19 01:32:43,736 [INFO] AnalyticsPlugin:259 - Accepted CMSIS Pack Licenses: 
2025-09-19 01:32:43,737 [INFO] AnalyticsPlugin:261 - Accepted Firmware Licenses: 
2025-09-19 01:32:43,737 [INFO] PluginManage:352 - Loaded plugin analytics (category:tool,tabindex:-1)
2025-09-19 01:32:43,737 [INFO] PluginManage:302 - Check plugin clock
2025-09-19 01:32:43,771 [INFO] PluginManage:352 - Loaded plugin clock (category:base,tabindex:2)
2025-09-19 01:32:43,771 [INFO] PluginManage:302 - Check plugin ddr
2025-09-19 01:32:43,773 [INFO] PluginManage:352 - Loaded plugin ddr (category:tool,tabindex:6)
2025-09-19 01:32:43,774 [INFO] PluginManage:302 - Check plugin filemanager
2025-09-19 01:32:43,925 [INFO] PluginManage:352 - Loaded plugin filemanager (category:base,tabindex:10)
2025-09-19 01:32:43,926 [INFO] PluginManage:302 - Check plugin ipmanager
2025-09-19 01:32:43,935 [INFO] PluginManage:352 - Loaded plugin ipmanager (category:base,tabindex:5)
2025-09-19 01:32:43,935 [INFO] PluginManage:302 - Check plugin pinoutandconfiguration
2025-09-19 01:32:43,963 [INFO] PluginManage:352 - Loaded plugin pinoutandconfiguration (category:base,tabindex:1)
2025-09-19 01:32:43,963 [INFO] PluginManage:302 - Check plugin pinoutconfig
2025-09-19 01:32:44,014 [INFO] PluginManage:352 - Loaded plugin pinoutconfig (category:base,tabindex:0)
2025-09-19 01:32:44,014 [INFO] PluginManage:302 - Check plugin power
2025-09-19 01:32:44,046 [INFO] PluginManage:352 - Loaded plugin power (category:power,tabindex:4)
2025-09-19 01:32:44,047 [INFO] PluginManage:302 - Check plugin projectmanager
2025-09-19 01:32:44,064 [INFO] PluginManage:352 - Loaded plugin projectmanager (category:projectmanager,tabindex:3)
2025-09-19 01:32:44,065 [INFO] PluginManage:302 - Check plugin thirdparty
2025-09-19 01:32:44,425 [INFO] PluginManage:352 - Loaded plugin thirdparty (category:base,tabindex:-1)
2025-09-19 01:32:44,425 [INFO] PluginManage:302 - Check plugin tools
2025-09-19 01:32:44,425 [WARN] IntegrityCheckThread:78 - waiting for thirdparty lock release [integrity check]
2025-09-19 01:32:44,426 [INFO] IntegrityCheckThread:80 - entering critical section [integrity check]
2025-09-19 01:32:44,426 [INFO] ThirdPartyUpdaterWithRetryManager:66 - Updater plugin not ready yet. [1/15]
2025-09-19 01:32:44,543 [INFO] PluginManage:352 - Loaded plugin tools (category:base,tabindex:7)
2025-09-19 01:32:44,543 [INFO] PluginManage:302 - Check plugin tutovideos
2025-09-19 01:32:44,823 [INFO] PluginManage:352 - Loaded plugin tutovideos (category:base,tabindex:-1)
2025-09-19 01:32:44,823 [INFO] PluginManage:302 - Check plugin updater
2025-09-19 01:32:44,838 [INFO] PluginManage:352 - Loaded plugin updater (category:base,tabindex:12)
2025-09-19 01:32:44,838 [INFO] PluginManage:275 - PluginManage : Loaded plugins [13]
2025-09-19 01:32:45,043 [INFO] PinOutPanel:1463 - setPackage(No Configuration,No Configuration)
2025-09-19 01:32:45,164 [INFO] IPUIPlugin:74 - create IPUIPlugin
2025-09-19 01:32:45,165 [INFO] PluginManager:213 - loadIPPluginJar : add adc
2025-09-19 01:32:45,249 [INFO] IPUIPlugin:74 - create IPUIPlugin
2025-09-19 01:32:45,250 [INFO] PluginManager:213 - loadIPPluginJar : add aes
2025-09-19 01:32:45,342 [INFO] IPUIPlugin:74 - create IPUIPlugin
2025-09-19 01:32:45,342 [INFO] PluginManager:213 - loadIPPluginJar : add can
2025-09-19 01:32:45,405 [INFO] IPUIPlugin:74 - create IPUIPlugin
2025-09-19 01:32:45,405 [INFO] PluginManager:213 - loadIPPluginJar : add comp
2025-09-19 01:32:45,475 [INFO] IPUIPlugin:74 - create IPUIPlugin
2025-09-19 01:32:45,476 [INFO] PluginManager:213 - loadIPPluginJar : add cryp
2025-09-19 01:32:45,546 [INFO] IPUIPlugin:74 - create IPUIPlugin
2025-09-19 01:32:45,547 [INFO] PluginManager:213 - loadIPPluginJar : add dfsdm
2025-09-19 01:32:45,572 [INFO] IPUIPlugin:74 - create IPUIPlugin
2025-09-19 01:32:45,572 [INFO] PluginManager:213 - loadIPPluginJar : add dma
2025-09-19 01:32:45,663 [INFO] IPUIPlugin:74 - create IPUIPlugin
2025-09-19 01:32:45,664 [INFO] PluginManager:213 - loadIPPluginJar : add dma3
2025-09-19 01:32:45,719 [INFO] IPUIPlugin:74 - create IPUIPlugin
2025-09-19 01:32:45,719 [INFO] PluginManager:213 - loadIPPluginJar : add fatfs
2025-09-19 01:32:45,824 [INFO] IPUIPlugin:74 - create IPUIPlugin
2025-09-19 01:32:45,825 [INFO] PluginManager:213 - loadIPPluginJar : add fmc
2025-09-19 01:32:45,850 [INFO] IPUIPlugin:74 - create IPUIPlugin
2025-09-19 01:32:45,850 [INFO] PluginManager:213 - loadIPPluginJar : add freertos
2025-09-19 01:32:45,911 [INFO] IPUIPlugin:74 - create IPUIPlugin
2025-09-19 01:32:45,912 [INFO] PluginManager:213 - loadIPPluginJar : add genericplugin
2025-09-19 01:32:46,074 [INFO] IPUIPlugin:74 - create IPUIPlugin
2025-09-19 01:32:46,075 [INFO] PluginManager:213 - loadIPPluginJar : add gfxmmu
2025-09-19 01:32:46,302 [INFO] IPUIPlugin:74 - create IPUIPlugin
2025-09-19 01:32:46,303 [INFO] PluginManager:213 - loadIPPluginJar : add gic
2025-09-19 01:32:46,324 [INFO] IPUIPlugin:74 - create IPUIPlugin
2025-09-19 01:32:46,324 [INFO] PluginManager:213 - loadIPPluginJar : add gpio
2025-09-19 01:32:46,463 [INFO] IPUIPlugin:74 - create IPUIPlugin
2025-09-19 01:32:46,464 [INFO] PluginManager:213 - loadIPPluginJar : add gtzc
2025-09-19 01:32:46,531 [INFO] IPUIPlugin:74 - create IPUIPlugin
2025-09-19 01:32:46,531 [INFO] PluginManager:213 - loadIPPluginJar : add hash
2025-09-19 01:32:46,635 [INFO] IPUIPlugin:74 - create IPUIPlugin
2025-09-19 01:32:46,635 [INFO] PluginManager:213 - loadIPPluginJar : add i2c
2025-09-19 01:32:46,723 [INFO] IPUIPlugin:74 - create IPUIPlugin
2025-09-19 01:32:46,724 [INFO] PluginManager:213 - loadIPPluginJar : add i2s
2025-09-19 01:32:46,744 [INFO] IPUIPlugin:74 - create IPUIPlugin
2025-09-19 01:32:46,745 [INFO] PluginManager:213 - loadIPPluginJar : add ipddr
2025-09-19 01:32:46,908 [INFO] IPUIPlugin:74 - create IPUIPlugin
2025-09-19 01:32:46,908 [INFO] PluginManager:213 - loadIPPluginJar : add linkedlist
2025-09-19 01:32:46,989 [INFO] IPUIPlugin:74 - create IPUIPlugin
2025-09-19 01:32:46,989 [INFO] PluginManager:213 - loadIPPluginJar : add lorawan
2025-09-19 01:32:47,069 [INFO] IPUIPlugin:74 - create IPUIPlugin
2025-09-19 01:32:47,069 [INFO] PluginManager:213 - loadIPPluginJar : add ltdc
2025-09-19 01:32:47,092 [INFO] IPUIPlugin:74 - create IPUIPlugin
2025-09-19 01:32:47,093 [INFO] PluginManager:213 - loadIPPluginJar : add mdma
2025-09-19 01:32:47,112 [INFO] IPUIPlugin:74 - create IPUIPlugin
2025-09-19 01:32:47,113 [INFO] PluginManager:213 - loadIPPluginJar : add nvic
2025-09-19 01:32:47,194 [INFO] IPUIPlugin:74 - create IPUIPlugin
2025-09-19 01:32:47,194 [INFO] PluginManager:213 - loadIPPluginJar : add opamp
2025-09-19 01:32:47,321 [INFO] IPUIPlugin:74 - create IPUIPlugin
2025-09-19 01:32:47,321 [INFO] PluginManager:213 - loadIPPluginJar : add openamp
2025-09-19 01:32:47,414 [INFO] IPUIPlugin:74 - create IPUIPlugin
2025-09-19 01:32:47,415 [INFO] PluginManager:213 - loadIPPluginJar : add pdm2pcm
2025-09-19 01:32:47,438 [INFO] IPUIPlugin:74 - create IPUIPlugin
2025-09-19 01:32:47,441 [INFO] ThirdPartyUpdaterWithRetryManager:66 - Updater plugin not ready yet. [2/15]
2025-09-19 01:32:47,442 [INFO] PluginManager:213 - loadIPPluginJar : add plateformsettings
2025-09-19 01:32:47,502 [INFO] IPUIPlugin:74 - create IPUIPlugin
2025-09-19 01:32:47,502 [INFO] PluginManager:213 - loadIPPluginJar : add quadspi
2025-09-19 01:32:47,526 [INFO] IPUIPlugin:74 - create IPUIPlugin
2025-09-19 01:32:47,526 [INFO] PluginManager:213 - loadIPPluginJar : add resmgrutility
2025-09-19 01:32:47,631 [INFO] IPUIPlugin:74 - create IPUIPlugin
2025-09-19 01:32:47,632 [INFO] PluginManager:213 - loadIPPluginJar : add sai
2025-09-19 01:32:47,742 [INFO] IPUIPlugin:74 - create IPUIPlugin
2025-09-19 01:32:47,742 [INFO] PluginManager:213 - loadIPPluginJar : add spi
2025-09-19 01:32:47,890 [INFO] IPUIPlugin:74 - create IPUIPlugin
2025-09-19 01:32:47,891 [INFO] PluginManager:213 - loadIPPluginJar : add stm32_wpan
2025-09-19 01:32:47,964 [INFO] IPUIPlugin:74 - create IPUIPlugin
2025-09-19 01:32:47,965 [INFO] PluginManager:213 - loadIPPluginJar : add tim
2025-09-19 01:32:48,108 [INFO] IPUIPlugin:74 - create IPUIPlugin
2025-09-19 01:32:48,109 [INFO] PluginManager:213 - loadIPPluginJar : add touchsensing
2025-09-19 01:32:48,188 [INFO] IPUIPlugin:74 - create IPUIPlugin
2025-09-19 01:32:48,188 [INFO] PluginManager:213 - loadIPPluginJar : add tracer_emb
2025-09-19 01:32:48,268 [INFO] IPUIPlugin:74 - create IPUIPlugin
2025-09-19 01:32:48,268 [INFO] PluginManager:213 - loadIPPluginJar : add ts
2025-09-19 01:32:48,346 [INFO] IPUIPlugin:74 - create IPUIPlugin
2025-09-19 01:32:48,346 [INFO] PluginManager:213 - loadIPPluginJar : add tsc
2025-09-19 01:32:48,415 [INFO] IPUIPlugin:74 - create IPUIPlugin
2025-09-19 01:32:48,415 [INFO] PluginManager:213 - loadIPPluginJar : add ucpd
2025-09-19 01:32:48,512 [INFO] IPUIPlugin:74 - create IPUIPlugin
2025-09-19 01:32:48,512 [INFO] PluginManager:213 - loadIPPluginJar : add usart
2025-09-19 01:32:48,616 [INFO] IPUIPlugin:74 - create IPUIPlugin
2025-09-19 01:32:48,617 [INFO] PluginManager:213 - loadIPPluginJar : add usbx
2025-09-19 01:32:49,034 [FATAL] Updater:294 - Updater called before beeing initialized
2025-09-19 01:32:49,190 [FATAL] Updater:294 - Updater called before beeing initialized
2025-09-19 01:32:49,208 [INFO] DbMcusAds:47 - JSON generation date=Tue Jul 08 15:14:23 ICT 2025 (1751962463582)
2025-09-19 01:32:49,208 [FATAL] Updater:294 - Updater called before beeing initialized
2025-09-19 01:32:49,333 [WARN] DetailPanel:314 - Failed to get advertising image, set to default
2025-09-19 01:32:49,473 [FATAL] Updater:294 - Updater called before beeing initialized
2025-09-19 01:32:49,477 [FATAL] Updater:294 - Updater called before beeing initialized
2025-09-19 01:32:49,477 [FATAL] Updater:294 - Updater called before beeing initialized
2025-09-19 01:32:49,477 [WARN] DetailPanel:314 - Failed to get advertising image, set to default
2025-09-19 01:32:49,479 [FATAL] Updater:294 - Updater called before beeing initialized
2025-09-19 01:32:49,574 [ERROR] Updater:1075 - MainUpdater not yet initialized. External WinMGr cannot be set.
2025-09-19 01:32:49,594 [INFO] Updater:1012 - Updater Version found : 6.3.0
2025-09-19 01:32:49,623 [INFO] ApplicationProperties:181 - Using Application install path: D:\STM32CubeIDE_1.7.0\STM32CubeIDE\plugins\com.st.stm32cube.common.mx_6.3.0.202107141111
2025-09-19 01:32:49,919 [INFO] MainUpdater:2671 - connection check result : 10
2025-09-19 01:32:49,920 [INFO] MainUpdater:265 - Updater Check For Update Now.
2025-09-19 01:32:49,920 [INFO] MicroXplorer:478 - Change Database Version : DB.6.0.30
2025-09-19 01:32:50,122 [INFO] CheckServerUpdateThread:112 - End of CheckServer Thread
2025-09-19 01:32:50,197 [INFO] MainUpdater:2671 - connection check result : 10
2025-09-19 01:32:50,542 [INFO] ThirdParty:915 - Integrity check success = true
2025-09-19 01:32:50,542 [INFO] IntegrityCheckThread:94 - exiting critical section [integrity check]
2025-09-19 01:32:50,542 [INFO] IntegrityCheckThread:97 - End integrity checks thread
2025-09-19 01:32:51,142 [INFO] McuFinderGlobals:52 - Set McuFinderConnectedMode to false
2025-09-19 01:32:51,264 [INFO] CrossSelectorPresenter:1330 - Cross Selector saved comparison directory: C:\Users\ACER\.stmcufinder\plugins\mcufinder\mcu\cs_comparisons_mx
2025-09-19 01:32:51,270 [INFO] MultiScanPanel:197 - Auto-refresh data requested => check proxy status ongoing
2025-09-19 01:32:51,271 [INFO] MultiScanPanel:201 - Proxy status is invalid
2025-09-19 01:32:51,276 [INFO] FinderPluginLoader:87 - Searching for filters in installed packs
2025-09-19 01:32:51,277 [INFO] DbMcusXml:100 - Load MCU database from D:\STM32CubeIDE_1.7.0\STM32CubeIDE\plugins\com.st.stm32cube.common.mx_6.3.0.202107141111\\db\/mcu/families.xml
2025-09-19 01:32:52,762 [INFO] DbMcusJson:93 - JSON generation date=Tue Nov 16 23:17:54 ICT 2021 (1637079474)
2025-09-19 01:32:54,129 [INFO] DbMcus:175 - Found 1951 MCUs (1903 are supported by CubeMX, 1914 are visible in CubeMX)
2025-09-19 01:32:54,130 [INFO] ApiDb:251 - Load user favorites file C:\Users\ACER/.stm32cubeide/favorites.mcus.txt: 0 item(s)
2025-09-19 01:32:54,131 [INFO] ApiDb:255 - User favorites MCUs=[]
2025-09-19 01:32:54,131 [INFO] DbMcus:187 - Set 0 / 0 favorites MCUs
2025-09-19 01:32:55,480 [INFO] DetailPanel:309 - Set advertising image to C:/Users/ACER/STM32Cube/Repository/\en.2400x1350px.jpeg
2025-09-19 01:32:56,198 [INFO] DbBoardsPdsc:90 - Found 25 items
2025-09-19 01:32:56,227 [INFO] DbBoardsPdsc:90 - Found 9 items
2025-09-19 01:32:56,259 [INFO] DbBoardsPdsc:90 - Found 33 items
2025-09-19 01:32:56,285 [INFO] DbBoardsPdsc:90 - Found 1 items
2025-09-19 01:32:56,318 [INFO] DbBoardsPdsc:90 - Found 48 items
2025-09-19 01:32:56,355 [INFO] DbBoardsPdsc:90 - Found 43 items
2025-09-19 01:32:56,378 [INFO] DbBoardsPdsc:90 - Found 2 items
2025-09-19 01:32:56,398 [INFO] DbBoardsPdsc:90 - Found 5 items
2025-09-19 01:32:56,404 [WARN] DbBoardsPdsc:254 - Board STM32H7B3I-DK: unknown feature type=Audio, name=, username=Audio stereo codec with Headphone Amp (CS42L51-CNZ), n=1
2025-09-19 01:32:56,404 [WARN] DbBoardsPdsc:254 - Board STM32H735G-DK: unknown feature type=Audio, name=, username=Audio stereo codec with Headphone Amp (WM8994ECS/R), n=1
2025-09-19 01:32:56,406 [WARN] DbBoardsPdsc:254 - Board STM32H7B3I-EVAL: unknown feature type=Audio, name=, username=Multi-Channel Audio Codec (CS42L51-CNZ), n=1
2025-09-19 01:32:56,407 [WARN] DbBoardsPdsc:254 - Board STM32H7B3I-EVAL: unknown feature type=Meter, name=, username=Power-metering and Temperature-monitoring with sigma-delta modulators, n=1
2025-09-19 01:32:56,407 [WARN] DbBoardsPdsc:254 - Board STM32H7B3I-EVAL: unknown feature type=Motor, name=, username=Motor Control, n=1
2025-09-19 01:32:56,408 [WARN] DbBoardsPdsc:254 - Board STM32U575I-EV: unknown feature type=joystick, name=, username=4-direction joystick with selection button, n=1
2025-09-19 01:32:56,484 [INFO] DbBoardsJson:86 - JSON generation date=Tue Nov 16 23:17:54 ICT 2021 (1637079474)
2025-09-19 01:32:56,495 [INFO] DbBoards:117 - Found 167 boards (163 are supported by CubeMX)
2025-09-19 01:32:56,526 [INFO] DbBoardsDocs:143 - JSON generation date=Tue Nov 16 23:17:54 ICT 2021 (1637079474)
2025-09-19 01:32:56,531 [INFO] DbBoardsDocs:79 - Found 209 boards documents
2025-09-19 01:32:56,532 [WARN] DbBoards:127 - board B-L475E-IOT01A2 has no document id list !
2025-09-19 01:32:56,533 [WARN] DbBoards:127 - board NUCLEO-H743ZI has no document id list !
2025-09-19 01:32:56,535 [WARN] DbBoards:127 - board NUCLEO-WL55JC2 has no document id list !
2025-09-19 01:32:56,535 [WARN] DbBoards:127 - board P-NUCLEO-WB55-Nucleo has no document id list !
2025-09-19 01:32:56,535 [WARN] DbBoards:127 - board P-NUCLEO-WB55-USBDongle has no document id list !
2025-09-19 01:32:56,535 [WARN] DbBoards:127 - board STEVAL-BFA001V1B has no document id list !
2025-09-19 01:32:56,535 [WARN] DbBoards:127 - board STEVAL-BFA001V2B has no document id list !
2025-09-19 01:32:56,535 [WARN] DbBoards:127 - board STEVAL-IDP005V1 has no document id list !
2025-09-19 01:32:56,535 [WARN] DbBoards:127 - board STEVAL-IDP005V2 has no document id list !
2025-09-19 01:32:56,535 [WARN] DbBoards:127 - board STEVAL-MKSBOX1V1 has no document id list !
2025-09-19 01:32:56,535 [WARN] DbBoards:127 - board STEVAL-STWINKT1 has no document id list !
2025-09-19 01:32:56,535 [WARN] DbBoards:127 - board STEVAL-STWINKT1B has no document id list !
2025-09-19 01:32:56,535 [WARN] DbBoards:127 - board STM32439I-EVAL2 has no document id list !
2025-09-19 01:32:56,536 [WARN] DbBoards:127 - board STM32F401C-DISCO has no document id list !
2025-09-19 01:32:56,537 [WARN] DbBoards:127 - board STM32F769I-DISC1 has no document id list !
2025-09-19 01:32:56,537 [WARN] DbBoards:127 - board STM32G474E-EVAL1 has no document id list !
2025-09-19 01:32:56,538 [WARN] DbBoards:127 - board STM32H743I-EVAL2 has no document id list !
2025-09-19 01:32:56,538 [WARN] DbBoards:127 - board STM32H747I-DISC1 has no document id list !
2025-09-19 01:32:56,538 [WARN] DbBoards:127 - board STM32H753I-EVAL2 has no document id list !
2025-09-19 01:32:56,539 [WARN] DbBoards:127 - board STM32L-DISCOVERY has no document id list !
2025-09-19 01:32:56,843 [ERROR] DbBoards:189 - Image file not found for board B-U585I-IOT02A: D:\STM32CubeIDE_1.7.0\STM32CubeIDE\plugins\com.st.stm32cube.common.mx_6.3.0.202107141111\\db\/plugins/mcufinder/images/boards/B-U585I-IOT02A_small.jpg
2025-09-19 01:32:57,099 [ERROR] DbBoards:189 - Image file not found for board NUCLEO-F413ZH: D:\STM32CubeIDE_1.7.0\STM32CubeIDE\plugins\com.st.stm32cube.common.mx_6.3.0.202107141111\\db\/plugins/mcufinder/images/boards/nucleo-f413zh_small.jpg
2025-09-19 01:32:57,490 [ERROR] DbBoards:189 - Image file not found for board NUCLEO-L552ZE-Q: D:\STM32CubeIDE_1.7.0\STM32CubeIDE\plugins\com.st.stm32cube.common.mx_6.3.0.202107141111\\db\/plugins/mcufinder/images/boards/nucleo_l552ze_q_small.jpg
2025-09-19 01:32:57,491 [ERROR] DbBoards:189 - Image file not found for board NUCLEO-U575ZI-Q: D:\STM32CubeIDE_1.7.0\STM32CubeIDE\plugins\com.st.stm32cube.common.mx_6.3.0.202107141111\\db\/plugins/mcufinder/images/boards/nucleo-u575zi-q_small.jpg
2025-09-19 01:32:57,491 [ERROR] DbBoards:189 - Image file not found for board NUCLEO-WB15CC: D:\STM32CubeIDE_1.7.0\STM32CubeIDE\plugins\com.st.stm32cube.common.mx_6.3.0.202107141111\\db\/plugins/mcufinder/images/boards/nucleo-wb15cc_small.jpg
2025-09-19 01:32:57,491 [ERROR] DbBoards:189 - Image file not found for board NUCLEO-WB55RG: D:\STM32CubeIDE_1.7.0\STM32CubeIDE\plugins\com.st.stm32cube.common.mx_6.3.0.202107141111\\db\/plugins/mcufinder/images/boards/nucleo-wb55rg_small.jpg
2025-09-19 01:33:00,941 [INFO] ApiDb:251 - Load user favorites file C:\Users\ACER/.stm32cubeide/favorites.boards.txt: 0 item(s)
2025-09-19 01:33:00,942 [INFO] ApiDb:255 - User favorites Boards=[]
2025-09-19 01:33:00,942 [INFO] DbBoards:206 - Set 0 / 0 favorites Boards
2025-09-19 01:33:24,935 [INFO] DbMcusDocs:143 - JSON generation date=Tue Nov 16 23:17:54 ICT 2021 (1637079474)
2025-09-19 01:33:25,333 [INFO] DbMcusDocs:79 - Found 682 MCUs documents
2025-09-19 01:34:01,858 [INFO] MainUpdater:2671 - connection check result : 10
2025-09-19 01:34:01,859 [INFO] MainUpdater:2671 - connection check result : 10
2025-09-19 01:34:01,952 [INFO] MicroXplorer:448 - Change Database Path : 
2025-09-19 01:34:01,952 [INFO] MicroXplorer:478 - Change Database Version : DB.6.0.30
2025-09-19 01:34:01,952 [WARN] ThirdParty:813 - waiting for thirdparty lock release [close project]
2025-09-19 01:34:01,952 [INFO] ThirdParty:815 - entering critical section [close project]
2025-09-19 01:34:01,953 [INFO] ThirdParty:825 - exiting critical section [close project]
2025-09-19 01:34:01,955 [INFO] PinOutPanel:1463 - setPackage(No Configuration,No Configuration)
2025-09-19 01:34:01,956 [INFO] UtilMem:74 - Begin LoadConfig() Used Memory: 978844624 Bytes (1073741824)
2025-09-19 01:34:01,957 [INFO] MicroXplorer:448 - Change Database Path : 
2025-09-19 01:34:01,957 [INFO] MicroXplorer:478 - Change Database Version : DB.6.0.30
2025-09-19 01:34:01,957 [INFO] OpenFileManager:313 - Change cursor
2025-09-19 01:34:03,305 [INFO] Context:592 - Trying to add GPIOservice into a context  which must be forbidden
2025-09-19 01:34:03,597 [INFO] ImportTextPane:167 - (OptionalMessage_ERROR) Unable to find key (Mcu.ThirdPartyNb) in loaded IOC file
2025-09-19 01:34:03,597 [INFO] ImportTextPane:167 - (OptionalMessage_ERROR) Unable to find key (Mcu.PinsNb) in loaded IOC file
2025-09-19 01:34:03,597 [INFO] ImportTextPane:167 - (OptionalMessage_ERROR) Unable to find key (Mcu.IPNb) in loaded IOC file
2025-09-19 01:34:03,654 [INFO] RtosManager:484 - Registered RTOS mode: class=CMSIS, group=RTOS, mode=CMSIS_V1, owner=FREERTOS
2025-09-19 01:34:03,655 [INFO] RtosManager:484 - Registered RTOS mode: class=CMSIS, group=RTOS2, mode=CMSIS_V2, owner=FREERTOS
2025-09-19 01:34:03,655 [INFO] RtosManager:484 - Registered RTOS mode: class=RTOS, group=Core, mode=CMSIS_V1, owner=FREERTOS
2025-09-19 01:34:03,655 [INFO] RtosManager:484 - Registered RTOS mode: class=RTOS, group=Core, mode=CMSIS_V2, owner=FREERTOS
2025-09-19 01:34:03,655 [WARN] ModelIntegratedComponent:181 - Missing modes for component STMicroelectronics:FreeRTOS:0.0.1:STMicroelectronics:RTOS:FreeRTOS:Core:::10.2.0:
2025-09-19 01:34:03,659 [WARN] ModelIntegratedComponent:60 - No mode defined for component null
2025-09-19 01:34:03,659 [WARN] ModelIntegratedComponent:60 - No mode defined for component null
2025-09-19 01:34:03,659 [WARN] ModelIntegratedComponent:60 - No mode defined for component null
2025-09-19 01:34:03,659 [WARN] ModelIntegratedComponent:60 - No mode defined for component null
2025-09-19 01:34:03,659 [WARN] ModelIntegratedComponent:60 - No mode defined for component null
2025-09-19 01:34:03,659 [WARN] ModelIntegratedComponent:60 - No mode defined for component null
2025-09-19 01:34:03,659 [WARN] ModelIntegratedComponent:60 - No mode defined for component null
2025-09-19 01:34:03,659 [WARN] ModelIntegratedComponent:60 - No mode defined for component null
2025-09-19 01:34:03,659 [WARN] ModelIntegratedComponent:60 - No mode defined for component null
2025-09-19 01:34:03,661 [WARN] ModelIntegratedComponent:60 - No mode defined for component null
2025-09-19 01:34:03,661 [WARN] ModelIntegratedComponent:60 - No mode defined for component null
2025-09-19 01:34:03,661 [WARN] ModelIntegratedComponent:60 - No mode defined for component null
2025-09-19 01:34:03,662 [WARN] ModelIntegratedComponent:60 - No mode defined for component null
2025-09-19 01:34:03,662 [WARN] ModelIntegratedComponent:60 - No mode defined for component null
2025-09-19 01:34:03,662 [WARN] ModelIntegratedComponent:60 - No mode defined for component null
2025-09-19 01:34:03,663 [WARN] ModelIntegratedComponent:60 - No mode defined for component null
2025-09-19 01:34:03,663 [WARN] ModelIntegratedComponent:60 - No mode defined for component null
2025-09-19 01:34:03,663 [WARN] ModelIntegratedComponent:60 - No mode defined for component null
2025-09-19 01:34:03,663 [WARN] ModelIntegratedComponent:60 - No mode defined for component null
2025-09-19 01:34:03,663 [WARN] ModelIntegratedComponent:60 - No mode defined for component null
2025-09-19 01:34:03,663 [WARN] ModelIntegratedComponent:60 - No mode defined for component null
2025-09-19 01:34:03,663 [WARN] ModelIntegratedComponent:60 - No mode defined for component null
2025-09-19 01:34:03,663 [WARN] ModelIntegratedComponent:60 - No mode defined for component null
2025-09-19 01:34:03,663 [WARN] ModelIntegratedComponent:60 - No mode defined for component null
2025-09-19 01:34:03,663 [WARN] ModelIntegratedComponent:60 - No mode defined for component null
2025-09-19 01:34:03,664 [WARN] ModelIntegratedComponent:60 - No mode defined for component null
2025-09-19 01:34:03,664 [WARN] ModelIntegratedComponent:60 - No mode defined for component null
2025-09-19 01:34:03,664 [WARN] ModelIntegratedComponent:60 - No mode defined for component null
2025-09-19 01:34:03,664 [WARN] ModelIntegratedComponent:60 - No mode defined for component null
2025-09-19 01:34:03,664 [WARN] ModelIntegratedComponent:60 - No mode defined for component null
2025-09-19 01:34:03,664 [WARN] ModelIntegratedComponent:60 - No mode defined for component null
2025-09-19 01:34:03,815 [INFO] UtilMem:74 - End LoadConfig() Used Memory: 959768824 Bytes (1073741824)
2025-09-19 01:34:03,834 [WARN] ThirdParty:779 - waiting for thirdparty lock release [change project]
2025-09-19 01:34:03,834 [INFO] ThirdParty:781 - entering critical section [change project]
2025-09-19 01:34:03,834 [INFO] ThirdParty:967 - CMSIS Pack Vendor :STMicroelectronics USB_HOST 2.0.0
2025-09-19 01:34:03,834 [INFO] ThirdParty:967 - CMSIS Pack Vendor :STMicroelectronics FreeRTOS 0.0.1
2025-09-19 01:34:03,834 [INFO] ThirdParty:967 - CMSIS Pack Vendor :STMicroelectronics USB_DEVICE 1.0.0
2025-09-19 01:34:03,834 [INFO] ThirdParty:967 - CMSIS Pack Vendor :STMicroelectronics USB_DEVICE 3.0.0
2025-09-19 01:34:03,835 [INFO] ThirdParty:967 - CMSIS Pack Vendor :STMicroelectronics HAL Drivers 0.0.0
2025-09-19 01:34:03,835 [INFO] ThirdParty:967 - CMSIS Pack Vendor :STMicroelectronics MBEDTLS 2.16.2
2025-09-19 01:34:03,835 [INFO] ThirdParty:967 - CMSIS Pack Vendor :STMicroelectronics ThreadX 0.0.2
2025-09-19 01:34:03,835 [INFO] ThirdParty:967 - CMSIS Pack Vendor :STMicroelectronics lwIP 2.0.3
2025-09-19 01:34:03,835 [INFO] ThirdParty:967 - CMSIS Pack Vendor :STMicroelectronics lwIP 2.1.2
2025-09-19 01:34:03,835 [INFO] ThirdParty:967 - CMSIS Pack Vendor :STMicroelectronics MBEDTLS 2.14.1
2025-09-19 01:34:03,835 [INFO] ThirdParty:967 - CMSIS Pack Vendor :STMicroelectronics USB_HOST 1.0.0
2025-09-19 01:34:03,835 [INFO] ThirdParty:967 - CMSIS Pack Vendor :STMicroelectronics PDM2PCM 3.1.0
2025-09-19 01:34:03,835 [INFO] ThirdParty:967 - CMSIS Pack Vendor :STMicroelectronics PDM2PCM 3.2.0
2025-09-19 01:34:03,835 [INFO] ThirdParty:967 - CMSIS Pack Vendor :STMicroelectronics USB_DEVICE 2.0.0
2025-09-19 01:34:03,835 [INFO] ThirdParty:967 - CMSIS Pack Vendor :STMicroelectronics PDM2PCM 3.3.0
2025-09-19 01:34:03,836 [INFO] ThirdParty:787 - exiting critical section [change project]
2025-09-19 01:34:04,144 [INFO] PinOutPanel:1463 - setPackage(No Configuration,No Configuration)
2025-09-19 01:34:04,146 [INFO] PinOutPanel:1463 - setPackage(STM32F103C6Ux,UFQFPN48)
2025-09-19 01:34:04,646 [INFO] UtilMem:74 - Before build in PCC Used Memory: 962948408 Bytes (1073741824)
2025-09-19 01:34:05,493 [INFO] UtilMem:74 - After build in PCC Used Memory: 945970888 Bytes (1073741824)
2025-09-19 01:34:05,519 [INFO] IPUIPlugin:74 - create IPUIPlugin
2025-09-19 01:34:05,519 [INFO] IPUIPlugin:74 - create IPUIPlugin
2025-09-19 01:34:05,519 [INFO] IPUIPlugin:74 - create IPUIPlugin
2025-09-19 01:34:05,519 [INFO] IPUIPlugin:74 - create IPUIPlugin
2025-09-19 01:34:05,519 [INFO] IPUIPlugin:74 - create IPUIPlugin
2025-09-19 01:34:05,519 [INFO] IPUIPlugin:74 - create IPUIPlugin
2025-09-19 01:34:05,519 [INFO] IPUIPlugin:74 - create IPUIPlugin
2025-09-19 01:34:05,519 [INFO] IPUIPlugin:74 - create IPUIPlugin
2025-09-19 01:34:05,520 [INFO] IPUIPlugin:74 - create IPUIPlugin
2025-09-19 01:34:05,520 [INFO] IPUIPlugin:74 - create IPUIPlugin
2025-09-19 01:34:05,520 [INFO] IPUIPlugin:74 - create IPUIPlugin
2025-09-19 01:34:05,520 [INFO] IPUIPlugin:74 - create IPUIPlugin
2025-09-19 01:34:05,521 [INFO] IPUIPlugin:74 - create IPUIPlugin
2025-09-19 01:34:05,521 [INFO] IPUIPlugin:74 - create IPUIPlugin
2025-09-19 01:34:05,523 [INFO] IPUIPlugin:74 - create IPUIPlugin
2025-09-19 01:34:05,523 [INFO] IPUIPlugin:74 - create IPUIPlugin
2025-09-19 01:34:05,523 [INFO] IPUIPlugin:74 - create IPUIPlugin
2025-09-19 01:34:05,524 [INFO] IPUIPlugin:74 - create IPUIPlugin
2025-09-19 01:34:05,524 [INFO] IPUIPlugin:74 - create IPUIPlugin
2025-09-19 01:34:05,524 [INFO] IPUIPlugin:74 - create IPUIPlugin
2025-09-19 01:34:05,525 [INFO] IPUIPlugin:74 - create IPUIPlugin
2025-09-19 01:34:05,525 [INFO] IPUIPlugin:74 - create IPUIPlugin
2025-09-19 01:34:05,526 [INFO] IPUIPlugin:74 - create IPUIPlugin
2025-09-19 01:34:05,689 [INFO] OpenFileManager:333 - Restore cursor
2025-09-19 01:34:06,148 [INFO] UtilMem:74 - End SaveConfig() Used Memory: 965251176 Bytes (1073741824)
2025-09-19 01:34:06,220 [INFO] UtilMem:74 - End SaveConfig() Used Memory: 977834088 Bytes (1073741824)
2025-09-19 01:34:06,683 [INFO] BlockDiagram:2740 - set Specific Code input for plugin: NVIC
2025-09-19 01:34:06,683 [INFO] BlockDiagram:2740 - set Specific Code input for plugin: SYS
2025-09-19 01:34:06,684 [INFO] BlockDiagram:2740 - set Specific Code input for plugin: RCC
2025-09-19 01:34:06,685 [INFO] CodeGenerator:663 - code generatio: config db path: D:\STM32CubeIDE_1.7.0\STM32CubeIDE\plugins\com.st.stm32cube.common.mx_6.3.0.202107141111\\db\
2025-09-19 01:34:07,532 [INFO] CodeEngine:239 - oldGeneratedFile, D:\New folder (2)\LAB 1\Code\LAB 1.6.1\MXTmpFiles\license.tmp_save
2025-09-19 01:34:08,237 [INFO] CodeEngine:257 - Generated code: D:\New folder (2)\LAB 1\Code\LAB 1.6.1\MXTmpFiles\license.tmp
2025-09-19 01:34:08,561 [INFO] CodeEngine:239 - oldGeneratedFile, D:\New folder (2)\LAB 1\Code\LAB 1.6.1\Core\Src\stm32f1xx_it.c_save
2025-09-19 01:34:08,761 [INFO] CodeEngine:257 - Generated code: D:\New folder (2)\LAB 1\Code\LAB 1.6.1\Core\Src\stm32f1xx_it.c
2025-09-19 01:34:08,777 [INFO] CodeEngine:239 - oldGeneratedFile, D:\New folder (2)\LAB 1\Code\LAB 1.6.1\Core\Inc\stm32f1xx_it.h_save
2025-09-19 01:34:08,896 [INFO] CodeEngine:257 - Generated code: D:\New folder (2)\LAB 1\Code\LAB 1.6.1\Core\Inc\stm32f1xx_it.h
2025-09-19 01:34:08,921 [INFO] CodeEngine:239 - oldGeneratedFile, D:\New folder (2)\LAB 1\Code\LAB 1.6.1\Core\Src\stm32f1xx_hal_msp.c_save
2025-09-19 01:34:09,097 [INFO] CodeEngine:257 - Generated code: D:\New folder (2)\LAB 1\Code\LAB 1.6.1\Core\Src\stm32f1xx_hal_msp.c
2025-09-19 01:34:09,114 [INFO] CodeEngine:239 - oldGeneratedFile, D:\New folder (2)\LAB 1\Code\LAB 1.6.1\MXTmpFiles\system.tmp_save
2025-09-19 01:34:09,215 [INFO] CodeEngine:257 - Generated code: D:\New folder (2)\LAB 1\Code\LAB 1.6.1\MXTmpFiles\system.tmp
2025-09-19 01:34:09,238 [INFO] CodeEngine:239 - oldGeneratedFile, D:\New folder (2)\LAB 1\Code\LAB 1.6.1\Core\Inc\stm32f1xx_hal_conf.h_save
2025-09-19 01:34:09,374 [INFO] CodeEngine:257 - Generated code: D:\New folder (2)\LAB 1\Code\LAB 1.6.1\Core\Inc\stm32f1xx_hal_conf.h
2025-09-19 01:34:09,468 [INFO] CodeEngine:239 - oldGeneratedFile, D:\New folder (2)\LAB 1\Code\LAB 1.6.1\Core\Inc\main.h_save
2025-09-19 01:34:09,625 [INFO] CodeEngine:257 - Generated code: D:\New folder (2)\LAB 1\Code\LAB 1.6.1\Core\Inc\main.h
2025-09-19 01:34:09,646 [INFO] CodeEngine:239 - oldGeneratedFile, D:\New folder (2)\LAB 1\Code\LAB 1.6.1\Core\Src\main.c_save
2025-09-19 01:34:09,835 [INFO] CodeEngine:257 - Generated code: D:\New folder (2)\LAB 1\Code\LAB 1.6.1\Core\Src\main.c
2025-09-19 01:34:10,946 [INFO] ProjectBuilder:2578 - Time for Copy HAL[1] : 106mS.
2025-09-19 01:34:10,954 [INFO] ProjectBuilder:3622 - Project Generator version: 3.14.1
2025-09-19 01:34:12,027 [INFO] ConfigFileManager:1271 - The Die is : DIE412
2025-09-19 01:34:12,068 [INFO] ApiDbMcu:468 - Load IP Config File for FATFS
2025-09-19 01:34:12,124 [INFO] ApiDbMcu:468 - Load IP Config File for FREERTOS
2025-09-19 01:34:12,168 [INFO] ApiDbMcu:468 - Load IP Config File for USB_DEVICE
2025-09-19 01:34:20,044 [INFO] ProjectBuilder:3789 - Time for Generating toolchain IDE Files: 9090mS.
2025-09-19 01:34:20,045 [INFO] ProjectBuilder:2457 - Time for Copy CMSIS : 0mS.
2025-09-19 01:34:20,046 [INFO] ProjectBuilder:2457 - Time for Copy CMSIS : 0mS.
2025-09-19 01:34:21,161 [INFO] McuFinderGlobals:52 - Set McuFinderConnectedMode to true
2025-09-19 01:34:21,163 [INFO] ApiDb:276 - Save user favorites file C:\Users\ACER/.stm32cubeide/favorites.mcus.txt: 0 item(s)
2025-09-19 01:34:21,164 [INFO] ApiDb:280 - User favorites MCUs=[]
2025-09-19 01:35:17,706 [INFO] UtilMem:74 - End SaveConfig() Used Memory: 936419352 Bytes (1073741824)
2025-09-19 01:35:18,945 [INFO] UtilMem:74 - End SaveConfig() Used Memory: 958439448 Bytes (1073741824)
2025-09-19 01:35:21,116 [INFO] UtilMem:74 - End SaveConfig() Used Memory: 916881280 Bytes (1073741824)
2025-09-19 01:35:21,493 [INFO] BlockDiagram:2740 - set Specific Code input for plugin: NVIC
2025-09-19 01:35:21,495 [INFO] BlockDiagram:2740 - set Specific Code input for plugin: SYS
2025-09-19 01:35:21,495 [INFO] BlockDiagram:2740 - set Specific Code input for plugin: GPIO
2025-09-19 01:35:21,495 [INFO] BlockDiagram:2740 - set Specific Code input for plugin: RCC
2025-09-19 01:35:21,497 [INFO] CodeGenerator:663 - code generatio: config db path: D:\STM32CubeIDE_1.7.0\STM32CubeIDE\plugins\com.st.stm32cube.common.mx_6.3.0.202107141111\\db\
2025-09-19 01:35:21,857 [INFO] CodeEngine:239 - oldGeneratedFile, D:\New folder (2)\LAB 1\Code\LAB 1.6.1\MXTmpFiles\license.tmp_save
2025-09-19 01:35:21,948 [INFO] CodeEngine:257 - Generated code: D:\New folder (2)\LAB 1\Code\LAB 1.6.1\MXTmpFiles\license.tmp
2025-09-19 01:35:22,061 [INFO] CodeEngine:239 - oldGeneratedFile, D:\New folder (2)\LAB 1\Code\LAB 1.6.1\MXTmpFiles\gpio.tmp_save
2025-09-19 01:35:22,173 [INFO] CodeEngine:257 - Generated code: D:\New folder (2)\LAB 1\Code\LAB 1.6.1\MXTmpFiles\gpio.tmp
2025-09-19 01:35:22,226 [INFO] CodeEngine:239 - oldGeneratedFile, D:\New folder (2)\LAB 1\Code\LAB 1.6.1\Core\Src\stm32f1xx_it.c_save
2025-09-19 01:35:22,373 [INFO] CodeEngine:257 - Generated code: D:\New folder (2)\LAB 1\Code\LAB 1.6.1\Core\Src\stm32f1xx_it.c
2025-09-19 01:35:22,381 [INFO] CodeEngine:239 - oldGeneratedFile, D:\New folder (2)\LAB 1\Code\LAB 1.6.1\Core\Inc\stm32f1xx_it.h_save
2025-09-19 01:35:22,471 [INFO] CodeEngine:257 - Generated code: D:\New folder (2)\LAB 1\Code\LAB 1.6.1\Core\Inc\stm32f1xx_it.h
2025-09-19 01:35:22,499 [INFO] CodeEngine:239 - oldGeneratedFile, D:\New folder (2)\LAB 1\Code\LAB 1.6.1\Core\Src\stm32f1xx_hal_msp.c_save
2025-09-19 01:35:22,635 [INFO] CodeEngine:257 - Generated code: D:\New folder (2)\LAB 1\Code\LAB 1.6.1\Core\Src\stm32f1xx_hal_msp.c
2025-09-19 01:35:22,638 [INFO] CodeEngine:239 - oldGeneratedFile, D:\New folder (2)\LAB 1\Code\LAB 1.6.1\MXTmpFiles\system.tmp_save
2025-09-19 01:35:22,712 [INFO] CodeEngine:257 - Generated code: D:\New folder (2)\LAB 1\Code\LAB 1.6.1\MXTmpFiles\system.tmp
2025-09-19 01:35:22,733 [INFO] CodeEngine:239 - oldGeneratedFile, D:\New folder (2)\LAB 1\Code\LAB 1.6.1\Core\Inc\stm32f1xx_hal_conf.h_save
2025-09-19 01:35:22,868 [INFO] CodeEngine:257 - Generated code: D:\New folder (2)\LAB 1\Code\LAB 1.6.1\Core\Inc\stm32f1xx_hal_conf.h
2025-09-19 01:35:22,917 [INFO] CodeEngine:239 - oldGeneratedFile, D:\New folder (2)\LAB 1\Code\LAB 1.6.1\Core\Inc\main.h_save
2025-09-19 01:35:23,004 [INFO] CodeEngine:257 - Generated code: D:\New folder (2)\LAB 1\Code\LAB 1.6.1\Core\Inc\main.h
2025-09-19 01:35:23,024 [INFO] CodeEngine:239 - oldGeneratedFile, D:\New folder (2)\LAB 1\Code\LAB 1.6.1\Core\Src\main.c_save
2025-09-19 01:35:23,200 [INFO] CodeEngine:257 - Generated code: D:\New folder (2)\LAB 1\Code\LAB 1.6.1\Core\Src\main.c
2025-09-19 01:35:24,529 [INFO] ProjectBuilder:2578 - Time for Copy HAL[1] : 75mS.
2025-09-19 01:35:24,534 [INFO] ProjectBuilder:3622 - Project Generator version: 3.14.1
2025-09-19 01:35:25,131 [INFO] ConfigFileManager:1271 - The Die is : DIE412
2025-09-19 01:35:28,013 [INFO] ProjectBuilder:3789 - Time for Generating toolchain IDE Files: 3479mS.
2025-09-19 01:35:28,014 [INFO] ProjectBuilder:2457 - Time for Copy CMSIS : 1mS.
2025-09-19 01:35:28,016 [INFO] ProjectBuilder:2457 - Time for Copy CMSIS : 0mS.
2025-09-19 01:36:25,996 [INFO] UtilMem:74 - End SaveConfig() Used Memory: 953890800 Bytes (1073741824)
2025-09-19 01:36:27,083 [INFO] UtilMem:74 - End SaveConfig() Used Memory: 981680112 Bytes (1073741824)
2025-09-19 01:36:28,603 [INFO] UtilMem:74 - End SaveConfig() Used Memory: 974634520 Bytes (1073741824)
2025-09-19 01:36:29,012 [INFO] BlockDiagram:2740 - set Specific Code input for plugin: NVIC
2025-09-19 01:36:29,012 [INFO] BlockDiagram:2740 - set Specific Code input for plugin: SYS
2025-09-19 01:36:29,013 [INFO] BlockDiagram:2740 - set Specific Code input for plugin: GPIO
2025-09-19 01:36:29,013 [INFO] BlockDiagram:2740 - set Specific Code input for plugin: RCC
2025-09-19 01:36:29,013 [INFO] CodeGenerator:663 - code generatio: config db path: D:\STM32CubeIDE_1.7.0\STM32CubeIDE\plugins\com.st.stm32cube.common.mx_6.3.0.202107141111\\db\
2025-09-19 01:36:29,780 [INFO] CodeEngine:239 - oldGeneratedFile, D:\New folder (2)\LAB 1\Code\LAB 1.6.1\MXTmpFiles\license.tmp_save
2025-09-19 01:36:29,885 [INFO] CodeEngine:257 - Generated code: D:\New folder (2)\LAB 1\Code\LAB 1.6.1\MXTmpFiles\license.tmp
2025-09-19 01:36:29,933 [INFO] CodeEngine:239 - oldGeneratedFile, D:\New folder (2)\LAB 1\Code\LAB 1.6.1\MXTmpFiles\gpio.tmp_save
2025-09-19 01:36:30,048 [INFO] CodeEngine:257 - Generated code: D:\New folder (2)\LAB 1\Code\LAB 1.6.1\MXTmpFiles\gpio.tmp
2025-09-19 01:36:30,128 [INFO] CodeEngine:239 - oldGeneratedFile, D:\New folder (2)\LAB 1\Code\LAB 1.6.1\Core\Src\stm32f1xx_it.c_save
2025-09-19 01:36:30,241 [INFO] CodeEngine:257 - Generated code: D:\New folder (2)\LAB 1\Code\LAB 1.6.1\Core\Src\stm32f1xx_it.c
2025-09-19 01:36:30,248 [INFO] CodeEngine:239 - oldGeneratedFile, D:\New folder (2)\LAB 1\Code\LAB 1.6.1\Core\Inc\stm32f1xx_it.h_save
2025-09-19 01:36:30,341 [INFO] CodeEngine:257 - Generated code: D:\New folder (2)\LAB 1\Code\LAB 1.6.1\Core\Inc\stm32f1xx_it.h
2025-09-19 01:36:30,368 [INFO] CodeEngine:239 - oldGeneratedFile, D:\New folder (2)\LAB 1\Code\LAB 1.6.1\Core\Src\stm32f1xx_hal_msp.c_save
2025-09-19 01:36:30,493 [INFO] CodeEngine:257 - Generated code: D:\New folder (2)\LAB 1\Code\LAB 1.6.1\Core\Src\stm32f1xx_hal_msp.c
2025-09-19 01:36:30,496 [INFO] CodeEngine:239 - oldGeneratedFile, D:\New folder (2)\LAB 1\Code\LAB 1.6.1\MXTmpFiles\system.tmp_save
2025-09-19 01:36:30,566 [INFO] CodeEngine:257 - Generated code: D:\New folder (2)\LAB 1\Code\LAB 1.6.1\MXTmpFiles\system.tmp
2025-09-19 01:36:30,590 [INFO] CodeEngine:239 - oldGeneratedFile, D:\New folder (2)\LAB 1\Code\LAB 1.6.1\Core\Inc\stm32f1xx_hal_conf.h_save
2025-09-19 01:36:30,724 [INFO] CodeEngine:257 - Generated code: D:\New folder (2)\LAB 1\Code\LAB 1.6.1\Core\Inc\stm32f1xx_hal_conf.h
2025-09-19 01:36:30,768 [INFO] CodeEngine:239 - oldGeneratedFile, D:\New folder (2)\LAB 1\Code\LAB 1.6.1\Core\Inc\main.h_save
2025-09-19 01:36:30,905 [INFO] CodeEngine:257 - Generated code: D:\New folder (2)\LAB 1\Code\LAB 1.6.1\Core\Inc\main.h
2025-09-19 01:36:30,924 [INFO] CodeEngine:239 - oldGeneratedFile, D:\New folder (2)\LAB 1\Code\LAB 1.6.1\Core\Src\main.c_save
2025-09-19 01:36:31,084 [INFO] CodeEngine:257 - Generated code: D:\New folder (2)\LAB 1\Code\LAB 1.6.1\Core\Src\main.c
2025-09-19 01:36:32,170 [INFO] ProjectBuilder:2578 - Time for Copy HAL[1] : 79mS.
2025-09-19 01:36:32,173 [INFO] ProjectBuilder:3622 - Project Generator version: 3.14.1
2025-09-19 01:36:33,414 [INFO] ConfigFileManager:1271 - The Die is : DIE412
2025-09-19 01:36:36,360 [INFO] ProjectBuilder:3789 - Time for Generating toolchain IDE Files: 4187mS.
2025-09-19 01:36:36,361 [INFO] ProjectBuilder:2457 - Time for Copy CMSIS : 1mS.
2025-09-19 01:36:36,362 [INFO] ProjectBuilder:2457 - Time for Copy CMSIS : 0mS.
2025-09-19 07:03:21,433 [INFO] Activator:177 - 


2025-09-19 07:03:21,434 [INFO] Activator:178 - !SESSION log4j initialized
2025-09-19 08:50:32,528 [INFO] Activator:177 - 


2025-09-19 08:50:32,529 [INFO] Activator:178 - !SESSION log4j initialized
2025-09-23 08:05:35,971 [INFO] Activator:177 - 


2025-09-23 08:05:35,973 [INFO] Activator:178 - !SESSION log4j initialized
2025-09-27 22:09:41,129 [INFO] Activator:177 - 


2025-09-27 22:09:41,131 [INFO] Activator:178 - !SESSION log4j initialized
